# 3ds Max Wavefront OBJ Exporter v0.97b - (c)2007 guruware
# File Created: 26.07.2013 12:46:28

mtllib 21928_Bullet_V2.mtl

#
# object 21928_Bullet
#

v  -0.8413 0.0000 0.1510
v  -0.8819 0.0000 0.1765
v  -0.8819 0.0098 0.1770
v  -0.8413 0.0120 0.1516
v  -0.8819 0.0196 0.1783
v  -0.8413 0.0240 0.1531
v  -0.7916 0.0000 0.1237
v  -0.7916 0.0144 0.1243
v  -0.7916 0.0288 0.1262
v  -0.8413 0.0358 0.1558
v  -0.8819 0.0292 0.1804
v  -0.8819 0.0386 0.1833
v  -0.8413 0.0473 0.1594
v  -0.7916 0.0429 0.1293
v  -0.7916 0.0566 0.1337
v  -0.7402 0.0655 0.1094
v  -0.6942 0.0727 0.0896
v  -0.6942 0.0550 0.0840
v  -0.7402 0.0496 0.1043
v  -0.6942 0.0369 0.0800
v  -0.7402 0.0333 0.1007
v  -0.7402 0.0167 0.0985
v  -0.6942 0.0185 0.0776
v  -0.6942 0.0000 0.0768
v  -0.7402 0.0000 0.0978
v  -0.8819 0.0477 0.1871
v  -0.8413 0.0584 0.1640
v  -0.8819 0.0564 0.1917
v  -0.8413 0.0691 0.1696
v  -0.7916 0.0700 0.1392
v  -0.7916 0.0828 0.1459
v  -0.8413 0.0793 0.1760
v  -0.8819 0.0647 0.1969
v  -0.8819 0.0725 0.2029
v  -0.8413 0.0889 0.1834
v  -0.7916 0.0950 0.1536
v  -0.7916 0.1065 0.1624
v  -0.7402 0.1231 0.1426
v  -0.6942 0.1366 0.1265
v  -0.6942 0.1219 0.1152
v  -0.7402 0.1098 0.1324
v  -0.6942 0.1062 0.1053
v  -0.7402 0.0957 0.1235
v  -0.7402 0.0809 0.1158
v  -0.6942 0.0898 0.0967
v  -0.8819 0.0797 0.2096
v  -0.8413 0.0978 0.1915
v  -0.8819 0.0864 0.2168
v  -0.8413 0.1059 0.2004
v  -0.7916 0.1171 0.1722
v  -0.7916 0.1269 0.1828
v  -0.8413 0.1133 0.2100
v  -0.8819 0.0924 0.2246
v  -0.8819 0.0977 0.2329
v  -0.8413 0.1197 0.2202
v  -0.7916 0.1357 0.1943
v  -0.7916 0.1434 0.2065
v  -0.7402 0.1658 0.1936
v  -0.6942 0.1840 0.1830
v  -0.6942 0.1741 0.1674
v  -0.7402 0.1569 0.1795
v  -0.6942 0.1628 0.1527
v  -0.7402 0.1467 0.1662
v  -0.7402 0.1354 0.1539
v  -0.6942 0.1503 0.1390
v  -0.8819 0.1022 0.2416
v  -0.8413 0.1253 0.2309
v  -0.8819 0.1060 0.2507
v  -0.8413 0.1299 0.2420
v  -0.7916 0.1501 0.2193
v  -0.7916 0.1556 0.2327
v  -0.8413 0.1335 0.2535
v  -0.8819 0.1089 0.2601
v  -0.8819 0.1110 0.2697
v  -0.8413 0.1362 0.2653
v  -0.7916 0.1600 0.2464
v  -0.7916 0.1631 0.2605
v  -0.7402 0.1886 0.2560
v  -0.6942 0.2093 0.2524
v  -0.6942 0.2053 0.2343
v  -0.7402 0.1850 0.2397
v  -0.6942 0.1997 0.2166
v  -0.7402 0.1799 0.2238
v  -0.7402 0.1735 0.2084
v  -0.6942 0.1926 0.1995
v  -0.8819 0.1123 0.2795
v  -0.8413 0.1377 0.2772
v  -0.8819 0.1128 0.2893
v  -0.8413 0.1383 0.2893
v  -0.7916 0.1650 0.2749
v  -0.7916 0.1656 0.2893
v  -0.8413 0.1377 0.3014
v  -0.8819 0.1123 0.2991
v  -0.8819 0.1110 0.3089
v  -0.8413 0.1362 0.3133
v  -0.7916 0.1650 0.3037
v  -0.7916 0.1631 0.3181
v  -0.7402 0.1886 0.3226
v  -0.6942 0.2093 0.3262
v  -0.6942 0.2117 0.3078
v  -0.7402 0.1908 0.3060
v  -0.6942 0.2125 0.2893
v  -0.7402 0.1915 0.2893
v  -0.7402 0.1908 0.2726
v  -0.6942 0.2117 0.2708
v  -0.8819 0.1089 0.3185
v  -0.8413 0.1335 0.3251
v  -0.8819 0.1060 0.3279
v  -0.8413 0.1299 0.3366
v  -0.7916 0.1600 0.3322
v  -0.7916 0.1556 0.3459
v  -0.8413 0.1253 0.3477
v  -0.8819 0.1022 0.3370
v  -0.8819 0.0977 0.3457
v  -0.8413 0.1197 0.3584
v  -0.7916 0.1501 0.3593
v  -0.7916 0.1434 0.3721
v  -0.7402 0.1658 0.3850
v  -0.6942 0.1840 0.3956
v  -0.6942 0.1926 0.3791
v  -0.7402 0.1735 0.3702
v  -0.6942 0.1997 0.3620
v  -0.7402 0.1799 0.3548
v  -0.7402 0.1850 0.3389
v  -0.6942 0.2053 0.3443
v  -0.8819 0.0924 0.3540
v  -0.8413 0.1133 0.3686
v  -0.8819 0.0864 0.3618
v  -0.8413 0.1059 0.3782
v  -0.7916 0.1357 0.3843
v  -0.7916 0.1269 0.3958
v  -0.8413 0.0978 0.3871
v  -0.8819 0.0797 0.3690
v  -0.8819 0.0725 0.3757
v  -0.8413 0.0889 0.3952
v  -0.7916 0.1171 0.4064
v  -0.7916 0.1065 0.4162
v  -0.7402 0.1231 0.4360
v  -0.6942 0.1366 0.4521
v  -0.6942 0.1503 0.4396
v  -0.7402 0.1354 0.4247
v  -0.6942 0.1628 0.4259
v  -0.7402 0.1467 0.4124
v  -0.7402 0.1569 0.3991
v  -0.6942 0.1741 0.4112
v  -0.8819 0.0647 0.3817
v  -0.8413 0.0793 0.4026
v  -0.8819 0.0564 0.3869
v  -0.8413 0.0691 0.4090
v  -0.7916 0.0950 0.4250
v  -0.7916 0.0828 0.4327
v  -0.8413 0.0584 0.4146
v  -0.8819 0.0477 0.3915
v  -0.8819 0.0386 0.3953
v  -0.8413 0.0473 0.4192
v  -0.7916 0.0700 0.4394
v  -0.7916 0.0566 0.4449
v  -0.7402 0.0655 0.4692
v  -0.6942 0.0727 0.4890
v  -0.6942 0.0898 0.4819
v  -0.7402 0.0809 0.4628
v  -0.6942 0.1062 0.4733
v  -0.7402 0.0957 0.4551
v  -0.7402 0.1098 0.4462
v  -0.6942 0.1219 0.4634
v  -0.8819 0.0292 0.3982
v  -0.8413 0.0358 0.4228
v  -0.8819 0.0196 0.4003
v  -0.8413 0.0240 0.4255
v  -0.7916 0.0429 0.4493
v  -0.7916 0.0288 0.4524
v  -0.8413 0.0120 0.4270
v  -0.8819 0.0098 0.4016
v  -0.8819 0.0000 0.4021
v  -0.8413 0.0000 0.4276
v  -0.7916 0.0144 0.4543
v  -0.7916 0.0000 0.4549
v  -0.7402 0.0000 0.4808
v  -0.6942 0.0000 0.5018
v  -0.6942 0.0185 0.5010
v  -0.7402 0.0167 0.4801
v  -0.6942 0.0369 0.4986
v  -0.7402 0.0333 0.4779
v  -0.7402 0.0496 0.4743
v  -0.6942 0.0550 0.4946
v  -0.8819 -0.0098 0.4016
v  -0.8413 -0.0120 0.4270
v  -0.8819 -0.0196 0.4003
v  -0.8413 -0.0240 0.4255
v  -0.7916 -0.0144 0.4543
v  -0.7916 -0.0288 0.4524
v  -0.8413 -0.0358 0.4228
v  -0.8819 -0.0292 0.3982
v  -0.8819 -0.0386 0.3953
v  -0.8413 -0.0473 0.4192
v  -0.7916 -0.0429 0.4493
v  -0.7916 -0.0566 0.4449
v  -0.7402 -0.0655 0.4692
v  -0.6942 -0.0727 0.4890
v  -0.6942 -0.0550 0.4946
v  -0.7402 -0.0496 0.4743
v  -0.6942 -0.0369 0.4986
v  -0.7402 -0.0333 0.4779
v  -0.7402 -0.0167 0.4801
v  -0.6942 -0.0185 0.5010
v  -0.8819 -0.0477 0.3915
v  -0.8413 -0.0584 0.4146
v  -0.8819 -0.0564 0.3869
v  -0.8413 -0.0691 0.4090
v  -0.7916 -0.0700 0.4394
v  -0.7916 -0.0828 0.4327
v  -0.8413 -0.0793 0.4026
v  -0.8819 -0.0647 0.3817
v  -0.8819 -0.0725 0.3757
v  -0.8413 -0.0889 0.3952
v  -0.7916 -0.0950 0.4250
v  -0.7916 -0.1065 0.4162
v  -0.7402 -0.1231 0.4360
v  -0.6942 -0.1366 0.4521
v  -0.6942 -0.1219 0.4634
v  -0.7402 -0.1098 0.4462
v  -0.6942 -0.1062 0.4733
v  -0.7402 -0.0957 0.4551
v  -0.7402 -0.0809 0.4628
v  -0.6942 -0.0898 0.4819
v  -0.8819 -0.0797 0.3690
v  -0.8413 -0.0978 0.3871
v  -0.8819 -0.0864 0.3618
v  -0.8413 -0.1059 0.3782
v  -0.7916 -0.1171 0.4064
v  -0.7916 -0.1269 0.3958
v  -0.8413 -0.1133 0.3686
v  -0.8819 -0.0924 0.3540
v  -0.8819 -0.0977 0.3457
v  -0.8413 -0.1197 0.3584
v  -0.7916 -0.1357 0.3843
v  -0.7916 -0.1434 0.3721
v  -0.7402 -0.1658 0.3850
v  -0.6942 -0.1840 0.3956
v  -0.6942 -0.1741 0.4112
v  -0.7402 -0.1569 0.3991
v  -0.6942 -0.1628 0.4259
v  -0.7402 -0.1467 0.4124
v  -0.7402 -0.1354 0.4247
v  -0.6942 -0.1503 0.4396
v  -0.8819 -0.1022 0.3370
v  -0.8413 -0.1253 0.3477
v  -0.8819 -0.1060 0.3279
v  -0.8413 -0.1299 0.3366
v  -0.7916 -0.1501 0.3593
v  -0.7916 -0.1556 0.3459
v  -0.8413 -0.1335 0.3251
v  -0.8819 -0.1089 0.3185
v  -0.8819 -0.1110 0.3089
v  -0.8413 -0.1362 0.3133
v  -0.7916 -0.1600 0.3322
v  -0.7916 -0.1631 0.3181
v  -0.7402 -0.1886 0.3226
v  -0.6942 -0.2093 0.3262
v  -0.6942 -0.2053 0.3443
v  -0.7402 -0.1850 0.3389
v  -0.6942 -0.1997 0.3620
v  -0.7402 -0.1799 0.3548
v  -0.7402 -0.1735 0.3702
v  -0.6942 -0.1926 0.3791
v  -0.8819 -0.1123 0.2991
v  -0.8413 -0.1377 0.3014
v  -0.8819 -0.1128 0.2893
v  -0.8413 -0.1383 0.2893
v  -0.7916 -0.1650 0.3037
v  -0.7916 -0.1656 0.2893
v  -0.8413 -0.1377 0.2772
v  -0.8819 -0.1123 0.2795
v  -0.8819 -0.1110 0.2697
v  -0.8413 -0.1362 0.2653
v  -0.7916 -0.1650 0.2749
v  -0.7916 -0.1631 0.2605
v  -0.7402 -0.1886 0.2560
v  -0.6942 -0.2093 0.2524
v  -0.6942 -0.2117 0.2708
v  -0.7402 -0.1908 0.2726
v  -0.6942 -0.2125 0.2893
v  -0.7402 -0.1915 0.2893
v  -0.7402 -0.1908 0.3060
v  -0.6942 -0.2117 0.3078
v  -0.8819 -0.1089 0.2601
v  -0.8413 -0.1335 0.2535
v  -0.8819 -0.1060 0.2507
v  -0.8413 -0.1299 0.2420
v  -0.7916 -0.1600 0.2464
v  -0.7916 -0.1556 0.2327
v  -0.8413 -0.1253 0.2309
v  -0.8819 -0.1022 0.2416
v  -0.8819 -0.0977 0.2329
v  -0.8413 -0.1197 0.2202
v  -0.7916 -0.1501 0.2193
v  -0.7916 -0.1434 0.2065
v  -0.7402 -0.1658 0.1936
v  -0.6942 -0.1840 0.1830
v  -0.6942 -0.1926 0.1995
v  -0.7402 -0.1735 0.2084
v  -0.6942 -0.1997 0.2166
v  -0.7402 -0.1799 0.2238
v  -0.7402 -0.1850 0.2397
v  -0.6942 -0.2053 0.2343
v  -0.8819 -0.0924 0.2246
v  -0.8413 -0.1133 0.2100
v  -0.8819 -0.0864 0.2168
v  -0.8413 -0.1059 0.2004
v  -0.7916 -0.1357 0.1943
v  -0.7916 -0.1269 0.1828
v  -0.8413 -0.0978 0.1915
v  -0.8819 -0.0797 0.2096
v  -0.8819 -0.0725 0.2029
v  -0.8413 -0.0889 0.1834
v  -0.7916 -0.1171 0.1722
v  -0.7916 -0.1065 0.1624
v  -0.7402 -0.1231 0.1426
v  -0.6942 -0.1366 0.1265
v  -0.6942 -0.1503 0.1390
v  -0.7402 -0.1354 0.1539
v  -0.6942 -0.1628 0.1527
v  -0.7402 -0.1467 0.1662
v  -0.7402 -0.1569 0.1795
v  -0.6942 -0.1741 0.1674
v  -0.8819 -0.0647 0.1969
v  -0.8413 -0.0793 0.1760
v  -0.8819 -0.0564 0.1917
v  -0.8413 -0.0691 0.1696
v  -0.7916 -0.0950 0.1536
v  -0.7916 -0.0828 0.1459
v  -0.8413 -0.0584 0.1640
v  -0.8819 -0.0477 0.1871
v  -0.8819 -0.0386 0.1833
v  -0.8413 -0.0473 0.1594
v  -0.7916 -0.0700 0.1392
v  -0.7916 -0.0566 0.1337
v  -0.7402 -0.0655 0.1094
v  -0.6942 -0.0727 0.0896
v  -0.6942 -0.0898 0.0967
v  -0.7402 -0.0809 0.1158
v  -0.6942 -0.1062 0.1053
v  -0.7402 -0.0957 0.1235
v  -0.7402 -0.1098 0.1324
v  -0.6942 -0.1219 0.1152
v  -0.8819 -0.0292 0.1804
v  -0.8413 -0.0358 0.1558
v  -0.8819 -0.0196 0.1783
v  -0.8413 -0.0240 0.1531
v  -0.7916 -0.0429 0.1293
v  -0.7916 -0.0288 0.1262
v  -0.8413 -0.0120 0.1516
v  -0.8819 -0.0098 0.1770
v  -0.7916 -0.0144 0.1243
v  -0.6942 -0.0185 0.0776
v  -0.7402 -0.0167 0.0985
v  -0.6942 -0.0369 0.0800
v  -0.7402 -0.0333 0.1007
v  -0.7402 -0.0496 0.1043
v  -0.6942 -0.0550 0.0840
v  -0.6608 0.0000 0.0640
v  -0.6608 0.0196 0.0649
v  -0.6608 0.0391 0.0674
v  -0.6378 0.0000 0.0568
v  -0.6378 0.0203 0.0577
v  -0.6378 0.0404 0.0604
v  -0.6608 0.0583 0.0717
v  -0.6608 0.0771 0.0776
v  -0.6378 0.0602 0.0647
v  -0.6378 0.0795 0.0708
v  -0.6228 0.0809 0.0669
v  -0.6136 0.0822 0.0634
v  -0.6136 0.0622 0.0571
v  -0.6228 0.0612 0.0607
v  -0.6136 0.0417 0.0526
v  -0.6228 0.0411 0.0563
v  -0.6228 0.0206 0.0536
v  -0.6136 0.0209 0.0499
v  -0.6136 0.0000 0.0489
v  -0.6228 0.0000 0.0527
v  -0.6608 0.0952 0.0851
v  -0.6608 0.1126 0.0942
v  -0.6378 0.0982 0.0786
v  -0.6378 0.1162 0.0880
v  -0.6608 0.1292 0.1047
v  -0.6608 0.1448 0.1167
v  -0.6378 0.1333 0.0989
v  -0.6378 0.1494 0.1112
v  -0.6228 0.1521 0.1080
v  -0.6136 0.1545 0.1052
v  -0.6136 0.1379 0.0924
v  -0.6228 0.1357 0.0955
v  -0.6136 0.1202 0.0812
v  -0.6228 0.1183 0.0844
v  -0.6228 0.1000 0.0748
v  -0.6136 0.1016 0.0715
v  -0.6608 0.1593 0.1300
v  -0.6608 0.1726 0.1445
v  -0.6378 0.1644 0.1249
v  -0.6378 0.1781 0.1399
v  -0.6608 0.1846 0.1601
v  -0.6608 0.1951 0.1766
v  -0.6378 0.1904 0.1560
v  -0.6378 0.2013 0.1731
v  -0.6228 0.2049 0.1710
v  -0.6136 0.2082 0.1691
v  -0.6136 0.1969 0.1514
v  -0.6228 0.1938 0.1536
v  -0.6136 0.1841 0.1348
v  -0.6228 0.1813 0.1372
v  -0.6228 0.1673 0.1220
v  -0.6136 0.1700 0.1193
v  -0.6608 0.2042 0.1941
v  -0.6608 0.2117 0.2122
v  -0.6378 0.2107 0.1910
v  -0.6378 0.2185 0.2098
v  -0.6608 0.2176 0.2310
v  -0.6608 0.2219 0.2502
v  -0.6378 0.2246 0.2291
v  -0.6378 0.2290 0.2489
v  -0.6228 0.2330 0.2482
v  -0.6136 0.2367 0.2476
v  -0.6136 0.2322 0.2271
v  -0.6228 0.2286 0.2281
v  -0.6136 0.2258 0.2071
v  -0.6228 0.2224 0.2084
v  -0.6228 0.2145 0.1893
v  -0.6136 0.2178 0.1877
v  -0.6608 0.2244 0.2697
v  -0.6608 0.2253 0.2893
v  -0.6378 0.2316 0.2690
v  -0.6378 0.2325 0.2893
v  -0.6608 0.2244 0.3089
v  -0.6608 0.2219 0.3284
v  -0.6378 0.2316 0.3096
v  -0.6378 0.2290 0.3297
v  -0.6228 0.2330 0.3304
v  -0.6136 0.2367 0.3310
v  -0.6136 0.2394 0.3102
v  -0.6228 0.2357 0.3099
v  -0.6136 0.2403 0.2893
v  -0.6228 0.2366 0.2893
v  -0.6228 0.2357 0.2687
v  -0.6136 0.2394 0.2684
v  -0.6608 0.2176 0.3476
v  -0.6608 0.2117 0.3664
v  -0.6378 0.2246 0.3495
v  -0.6378 0.2185 0.3688
v  -0.6608 0.2042 0.3845
v  -0.6608 0.1951 0.4020
v  -0.6378 0.2107 0.3876
v  -0.6378 0.2013 0.4055
v  -0.6228 0.2049 0.4076
v  -0.6136 0.2082 0.4095
v  -0.6136 0.2178 0.3909
v  -0.6228 0.2145 0.3893
v  -0.6136 0.2258 0.3715
v  -0.6228 0.2224 0.3702
v  -0.6228 0.2286 0.3505
v  -0.6136 0.2322 0.3515
v  -0.6608 0.1846 0.4185
v  -0.6608 0.1726 0.4341
v  -0.6378 0.1904 0.4226
v  -0.6378 0.1781 0.4387
v  -0.6608 0.1593 0.4486
v  -0.6608 0.1448 0.4619
v  -0.6378 0.1644 0.4537
v  -0.6378 0.1494 0.4674
v  -0.6228 0.1521 0.4706
v  -0.6136 0.1545 0.4734
v  -0.6136 0.1700 0.4593
v  -0.6228 0.1673 0.4566
v  -0.6136 0.1841 0.4438
v  -0.6228 0.1813 0.4414
v  -0.6228 0.1938 0.4250
v  -0.6136 0.1969 0.4272
v  -0.6608 0.1292 0.4739
v  -0.6608 0.1126 0.4844
v  -0.6378 0.1333 0.4797
v  -0.6378 0.1162 0.4906
v  -0.6608 0.0952 0.4935
v  -0.6608 0.0771 0.5010
v  -0.6378 0.0982 0.5000
v  -0.6378 0.0795 0.5078
v  -0.6228 0.0809 0.5117
v  -0.6136 0.0822 0.5152
v  -0.6136 0.1016 0.5071
v  -0.6228 0.1000 0.5038
v  -0.6136 0.1202 0.4974
v  -0.6228 0.1183 0.4942
v  -0.6228 0.1357 0.4831
v  -0.6136 0.1379 0.4862
v  -0.6608 0.0583 0.5069
v  -0.6608 0.0391 0.5112
v  -0.6378 0.0602 0.5139
v  -0.6378 0.0404 0.5182
v  -0.6608 0.0196 0.5137
v  -0.6608 0.0000 0.5146
v  -0.6378 0.0203 0.5209
v  -0.6378 0.0000 0.5218
v  -0.6228 0.0000 0.5259
v  -0.6136 0.0000 0.5297
v  -0.6136 0.0209 0.5287
v  -0.6228 0.0206 0.5250
v  -0.6136 0.0417 0.5260
v  -0.6228 0.0411 0.5223
v  -0.6228 0.0612 0.5179
v  -0.6136 0.0622 0.5215
v  -0.6608 -0.0196 0.5137
v  -0.6608 -0.0391 0.5112
v  -0.6378 -0.0203 0.5209
v  -0.6378 -0.0404 0.5182
v  -0.6608 -0.0583 0.5069
v  -0.6608 -0.0771 0.5010
v  -0.6378 -0.0602 0.5139
v  -0.6378 -0.0795 0.5078
v  -0.6228 -0.0809 0.5117
v  -0.6136 -0.0822 0.5152
v  -0.6136 -0.0622 0.5215
v  -0.6228 -0.0612 0.5179
v  -0.6136 -0.0417 0.5260
v  -0.6228 -0.0411 0.5223
v  -0.6228 -0.0206 0.5250
v  -0.6136 -0.0209 0.5287
v  -0.6608 -0.0952 0.4935
v  -0.6608 -0.1126 0.4844
v  -0.6378 -0.0982 0.5000
v  -0.6378 -0.1162 0.4906
v  -0.6608 -0.1292 0.4739
v  -0.6608 -0.1448 0.4619
v  -0.6378 -0.1333 0.4797
v  -0.6378 -0.1494 0.4674
v  -0.6228 -0.1521 0.4706
v  -0.6136 -0.1545 0.4734
v  -0.6136 -0.1379 0.4862
v  -0.6228 -0.1357 0.4831
v  -0.6136 -0.1202 0.4974
v  -0.6228 -0.1183 0.4942
v  -0.6228 -0.1000 0.5038
v  -0.6136 -0.1016 0.5071
v  -0.6608 -0.1593 0.4486
v  -0.6608 -0.1726 0.4341
v  -0.6378 -0.1644 0.4537
v  -0.6378 -0.1781 0.4387
v  -0.6608 -0.1846 0.4185
v  -0.6608 -0.1951 0.4020
v  -0.6378 -0.1904 0.4226
v  -0.6378 -0.2013 0.4055
v  -0.6228 -0.2049 0.4076
v  -0.6136 -0.2082 0.4095
v  -0.6136 -0.1969 0.4272
v  -0.6228 -0.1938 0.4250
v  -0.6136 -0.1841 0.4438
v  -0.6228 -0.1813 0.4414
v  -0.6228 -0.1673 0.4566
v  -0.6136 -0.1700 0.4593
v  -0.6608 -0.2042 0.3845
v  -0.6608 -0.2117 0.3664
v  -0.6378 -0.2107 0.3876
v  -0.6378 -0.2185 0.3688
v  -0.6608 -0.2176 0.3476
v  -0.6608 -0.2219 0.3284
v  -0.6378 -0.2246 0.3495
v  -0.6378 -0.2290 0.3297
v  -0.6228 -0.2330 0.3304
v  -0.6136 -0.2367 0.3310
v  -0.6136 -0.2322 0.3515
v  -0.6228 -0.2286 0.3505
v  -0.6136 -0.2258 0.3715
v  -0.6228 -0.2224 0.3702
v  -0.6228 -0.2145 0.3893
v  -0.6136 -0.2178 0.3909
v  -0.6608 -0.2244 0.3089
v  -0.6608 -0.2253 0.2893
v  -0.6378 -0.2316 0.3096
v  -0.6378 -0.2325 0.2893
v  -0.6608 -0.2244 0.2697
v  -0.6608 -0.2219 0.2502
v  -0.6378 -0.2316 0.2690
v  -0.6378 -0.2290 0.2489
v  -0.6228 -0.2330 0.2482
v  -0.6136 -0.2367 0.2476
v  -0.6136 -0.2394 0.2684
v  -0.6228 -0.2357 0.2687
v  -0.6136 -0.2403 0.2893
v  -0.6228 -0.2366 0.2893
v  -0.6228 -0.2357 0.3099
v  -0.6136 -0.2394 0.3102
v  -0.6608 -0.2176 0.2310
v  -0.6608 -0.2117 0.2122
v  -0.6378 -0.2246 0.2291
v  -0.6378 -0.2185 0.2098
v  -0.6608 -0.2042 0.1941
v  -0.6608 -0.1951 0.1766
v  -0.6378 -0.2107 0.1910
v  -0.6378 -0.2013 0.1731
v  -0.6228 -0.2049 0.1710
v  -0.6136 -0.2082 0.1691
v  -0.6136 -0.2178 0.1877
v  -0.6228 -0.2145 0.1893
v  -0.6136 -0.2258 0.2071
v  -0.6228 -0.2224 0.2084
v  -0.6228 -0.2286 0.2281
v  -0.6136 -0.2322 0.2271
v  -0.6608 -0.1846 0.1601
v  -0.6608 -0.1726 0.1445
v  -0.6378 -0.1904 0.1560
v  -0.6378 -0.1781 0.1399
v  -0.6608 -0.1593 0.1300
v  -0.6608 -0.1448 0.1167
v  -0.6378 -0.1644 0.1249
v  -0.6378 -0.1494 0.1112
v  -0.6228 -0.1521 0.1080
v  -0.6136 -0.1545 0.1052
v  -0.6136 -0.1700 0.1193
v  -0.6228 -0.1673 0.1220
v  -0.6136 -0.1841 0.1348
v  -0.6228 -0.1813 0.1372
v  -0.6228 -0.1938 0.1536
v  -0.6136 -0.1969 0.1514
v  -0.6608 -0.1292 0.1047
v  -0.6608 -0.1126 0.0942
v  -0.6378 -0.1333 0.0989
v  -0.6378 -0.1162 0.0880
v  -0.6608 -0.0952 0.0851
v  -0.6608 -0.0771 0.0776
v  -0.6378 -0.0982 0.0786
v  -0.6378 -0.0795 0.0708
v  -0.6228 -0.0809 0.0669
v  -0.6136 -0.0822 0.0634
v  -0.6136 -0.1016 0.0715
v  -0.6228 -0.1000 0.0748
v  -0.6136 -0.1202 0.0812
v  -0.6228 -0.1183 0.0844
v  -0.6228 -0.1357 0.0955
v  -0.6136 -0.1379 0.0924
v  -0.6608 -0.0583 0.0717
v  -0.6608 -0.0391 0.0674
v  -0.6378 -0.0602 0.0647
v  -0.6378 -0.0404 0.0604
v  -0.6608 -0.0196 0.0649
v  -0.6378 -0.0203 0.0577
v  -0.6136 -0.0209 0.0499
v  -0.6228 -0.0206 0.0536
v  -0.6136 -0.0417 0.0526
v  -0.6228 -0.0411 0.0563
v  -0.6228 -0.0612 0.0607
v  -0.6136 -0.0622 0.0571
v  -0.6083 0.0000 0.0431
v  -0.6083 0.0215 0.0440
v  -0.6083 0.0428 0.0468
v  -0.6051 0.0000 0.0362
v  -0.6051 0.0221 0.0371
v  -0.6051 0.0440 0.0400
v  -0.6083 0.0637 0.0515
v  -0.6083 0.0842 0.0579
v  -0.6051 0.0655 0.0448
v  -0.6051 0.0866 0.0514
v  -0.6034 0.0889 0.0450
v  -0.6014 0.0909 0.0397
v  -0.6014 0.0688 0.0327
v  -0.6034 0.0673 0.0382
v  -0.6014 0.0461 0.0277
v  -0.6034 0.0451 0.0333
v  -0.6034 0.0227 0.0303
v  -0.6014 0.0232 0.0246
v  -0.6014 0.0000 0.0236
v  -0.6034 0.0000 0.0293
v  -0.6083 0.1041 0.0662
v  -0.6083 0.1231 0.0761
v  -0.6051 0.1070 0.0599
v  -0.6051 0.1266 0.0701
v  -0.6083 0.1412 0.0876
v  -0.6083 0.1583 0.1007
v  -0.6051 0.1452 0.0820
v  -0.6051 0.1627 0.0954
v  -0.6034 0.1671 0.0901
v  -0.6014 0.1708 0.0858
v  -0.6014 0.1524 0.0717
v  -0.6034 0.1491 0.0763
v  -0.6014 0.1328 0.0592
v  -0.6034 0.1300 0.0642
v  -0.6034 0.1099 0.0537
v  -0.6014 0.1123 0.0485
v  -0.6083 0.1741 0.1152
v  -0.6083 0.1886 0.1310
v  -0.6051 0.1790 0.1103
v  -0.6051 0.1939 0.1266
v  -0.6083 0.2017 0.1481
v  -0.6083 0.2132 0.1662
v  -0.6051 0.2074 0.1441
v  -0.6051 0.2192 0.1627
v  -0.6034 0.2252 0.1593
v  -0.6014 0.2301 0.1565
v  -0.6014 0.2176 0.1369
v  -0.6034 0.2130 0.1402
v  -0.6034 0.1992 0.1222
v  -0.6014 0.2035 0.1185
v  -0.6034 0.1838 0.1055
v  -0.6014 0.1879 0.1014
v  -0.6083 0.2231 0.1852
v  -0.6083 0.2314 0.2051
v  -0.6051 0.2294 0.1823
v  -0.6051 0.2379 0.2027
v  -0.6083 0.2378 0.2256
v  -0.6083 0.2425 0.2465
v  -0.6051 0.2445 0.2238
v  -0.6051 0.2493 0.2453
v  -0.6034 0.2560 0.2442
v  -0.6014 0.2616 0.2432
v  -0.6014 0.2566 0.2205
v  -0.6034 0.2511 0.2220
v  -0.6014 0.2496 0.1984
v  -0.6034 0.2443 0.2004
v  -0.6034 0.2356 0.1794
v  -0.6014 0.2408 0.1770
v  -0.6083 0.2453 0.2678
v  -0.6083 0.2462 0.2893
v  -0.6051 0.2522 0.2672
v  -0.6051 0.2531 0.2893
v  -0.6083 0.2453 0.3108
v  -0.6083 0.2425 0.3321
v  -0.6051 0.2522 0.3114
v  -0.6051 0.2493 0.3333
v  -0.6034 0.2560 0.3344
v  -0.6014 0.2616 0.3354
v  -0.6014 0.2647 0.3125
v  -0.6034 0.2590 0.3120
v  -0.6014 0.2657 0.2893
v  -0.6034 0.2600 0.2893
v  -0.6034 0.2590 0.2666
v  -0.6014 0.2647 0.2661
v  -0.6083 0.2378 0.3530
v  -0.6083 0.2314 0.3735
v  -0.6051 0.2445 0.3548
v  -0.6051 0.2379 0.3759
v  -0.6083 0.2231 0.3934
v  -0.6083 0.2132 0.4124
v  -0.6051 0.2294 0.3963
v  -0.6051 0.2192 0.4159
v  -0.6034 0.2252 0.4193
v  -0.6014 0.2301 0.4221
v  -0.6014 0.2408 0.4016
v  -0.6034 0.2356 0.3992
v  -0.6014 0.2496 0.3802
v  -0.6034 0.2443 0.3782
v  -0.6034 0.2511 0.3566
v  -0.6014 0.2566 0.3581
v  -0.6083 0.2017 0.4305
v  -0.6083 0.1886 0.4476
v  -0.6051 0.2074 0.4345
v  -0.6051 0.1939 0.4520
v  -0.6083 0.1741 0.4634
v  -0.6083 0.1583 0.4779
v  -0.6051 0.1790 0.4683
v  -0.6051 0.1627 0.4832
v  -0.6034 0.1671 0.4885
v  -0.6014 0.1708 0.4928
v  -0.6014 0.1879 0.4772
v  -0.6034 0.1838 0.4731
v  -0.6014 0.2035 0.4601
v  -0.6034 0.1992 0.4564
v  -0.6034 0.2130 0.4384
v  -0.6014 0.2176 0.4417
v  -0.6083 0.1412 0.4910
v  -0.6083 0.1231 0.5025
v  -0.6051 0.1452 0.4966
v  -0.6051 0.1266 0.5085
v  -0.6083 0.1041 0.5124
v  -0.6083 0.0842 0.5207
v  -0.6051 0.1070 0.5187
v  -0.6051 0.0866 0.5272
v  -0.6034 0.0889 0.5336
v  -0.6014 0.0909 0.5389
v  -0.6014 0.1123 0.5301
v  -0.6034 0.1099 0.5249
v  -0.6014 0.1328 0.5194
v  -0.6034 0.1300 0.5144
v  -0.6034 0.1491 0.5023
v  -0.6014 0.1524 0.5069
v  -0.6083 0.0637 0.5271
v  -0.6083 0.0428 0.5318
v  -0.6051 0.0655 0.5338
v  -0.6051 0.0440 0.5386
v  -0.6083 0.0215 0.5346
v  -0.6083 0.0000 0.5355
v  -0.6051 0.0221 0.5415
v  -0.6051 0.0000 0.5424
v  -0.6034 0.0000 0.5493
v  -0.6014 0.0000 0.5550
v  -0.6014 0.0232 0.5540
v  -0.6034 0.0227 0.5483
v  -0.6014 0.0461 0.5509
v  -0.6034 0.0451 0.5453
v  -0.6034 0.0673 0.5404
v  -0.6014 0.0688 0.5459
v  -0.6083 -0.0215 0.5346
v  -0.6083 -0.0428 0.5318
v  -0.6051 -0.0221 0.5415
v  -0.6051 -0.0440 0.5386
v  -0.6083 -0.0637 0.5271
v  -0.6083 -0.0842 0.5207
v  -0.6051 -0.0655 0.5338
v  -0.6051 -0.0866 0.5272
v  -0.6034 -0.0889 0.5336
v  -0.6014 -0.0909 0.5389
v  -0.6014 -0.0688 0.5459
v  -0.6034 -0.0673 0.5404
v  -0.6014 -0.0461 0.5509
v  -0.6034 -0.0451 0.5453
v  -0.6034 -0.0227 0.5483
v  -0.6014 -0.0232 0.5540
v  -0.6083 -0.1041 0.5124
v  -0.6083 -0.1231 0.5025
v  -0.6051 -0.1070 0.5187
v  -0.6051 -0.1266 0.5085
v  -0.6083 -0.1412 0.4910
v  -0.6083 -0.1583 0.4779
v  -0.6051 -0.1452 0.4966
v  -0.6051 -0.1627 0.4832
v  -0.6034 -0.1671 0.4885
v  -0.6014 -0.1708 0.4928
v  -0.6014 -0.1524 0.5069
v  -0.6034 -0.1491 0.5023
v  -0.6014 -0.1328 0.5194
v  -0.6034 -0.1300 0.5144
v  -0.6034 -0.1099 0.5249
v  -0.6014 -0.1123 0.5301
v  -0.6083 -0.1741 0.4634
v  -0.6083 -0.1886 0.4476
v  -0.6051 -0.1790 0.4683
v  -0.6051 -0.1939 0.4520
v  -0.6083 -0.2017 0.4305
v  -0.6083 -0.2132 0.4124
v  -0.6051 -0.2074 0.4345
v  -0.6051 -0.2192 0.4159
v  -0.6034 -0.2252 0.4193
v  -0.6014 -0.2301 0.4221
v  -0.6014 -0.2176 0.4417
v  -0.6034 -0.2130 0.4384
v  -0.6034 -0.1992 0.4564
v  -0.6014 -0.2035 0.4601
v  -0.6034 -0.1838 0.4731
v  -0.6014 -0.1879 0.4772
v  -0.6083 -0.2231 0.3934
v  -0.6083 -0.2314 0.3735
v  -0.6051 -0.2294 0.3963
v  -0.6051 -0.2379 0.3759
v  -0.6083 -0.2378 0.3530
v  -0.6083 -0.2425 0.3321
v  -0.6051 -0.2445 0.3548
v  -0.6051 -0.2493 0.3333
v  -0.6034 -0.2560 0.3344
v  -0.6014 -0.2616 0.3354
v  -0.6014 -0.2566 0.3581
v  -0.6034 -0.2511 0.3566
v  -0.6014 -0.2496 0.3802
v  -0.6034 -0.2443 0.3782
v  -0.6034 -0.2356 0.3992
v  -0.6014 -0.2408 0.4016
v  -0.6083 -0.2453 0.3108
v  -0.6083 -0.2462 0.2893
v  -0.6051 -0.2522 0.3114
v  -0.6051 -0.2531 0.2893
v  -0.6083 -0.2453 0.2678
v  -0.6083 -0.2425 0.2465
v  -0.6051 -0.2522 0.2672
v  -0.6051 -0.2493 0.2453
v  -0.6034 -0.2560 0.2442
v  -0.6014 -0.2616 0.2432
v  -0.6014 -0.2647 0.2661
v  -0.6034 -0.2590 0.2666
v  -0.6014 -0.2657 0.2893
v  -0.6034 -0.2600 0.2893
v  -0.6034 -0.2590 0.3120
v  -0.6014 -0.2647 0.3125
v  -0.6083 -0.2378 0.2256
v  -0.6083 -0.2314 0.2051
v  -0.6051 -0.2445 0.2238
v  -0.6051 -0.2379 0.2027
v  -0.6083 -0.2231 0.1852
v  -0.6083 -0.2132 0.1662
v  -0.6051 -0.2294 0.1823
v  -0.6051 -0.2192 0.1627
v  -0.6034 -0.2252 0.1593
v  -0.6014 -0.2301 0.1565
v  -0.6014 -0.2408 0.1770
v  -0.6034 -0.2356 0.1794
v  -0.6014 -0.2496 0.1984
v  -0.6034 -0.2443 0.2004
v  -0.6034 -0.2511 0.2220
v  -0.6014 -0.2566 0.2205
v  -0.6083 -0.2017 0.1481
v  -0.6083 -0.1886 0.1310
v  -0.6051 -0.2074 0.1441
v  -0.6051 -0.1939 0.1266
v  -0.6083 -0.1741 0.1152
v  -0.6083 -0.1583 0.1007
v  -0.6051 -0.1790 0.1103
v  -0.6051 -0.1627 0.0954
v  -0.6034 -0.1671 0.0901
v  -0.6014 -0.1708 0.0858
v  -0.6014 -0.1879 0.1014
v  -0.6034 -0.1838 0.1055
v  -0.6014 -0.2035 0.1185
v  -0.6034 -0.1992 0.1222
v  -0.6034 -0.2130 0.1402
v  -0.6014 -0.2176 0.1369
v  -0.6083 -0.1412 0.0876
v  -0.6083 -0.1231 0.0761
v  -0.6051 -0.1452 0.0820
v  -0.6051 -0.1266 0.0701
v  -0.6083 -0.1041 0.0662
v  -0.6083 -0.0842 0.0579
v  -0.6051 -0.1070 0.0599
v  -0.6051 -0.0866 0.0514
v  -0.6034 -0.0889 0.0450
v  -0.6014 -0.0909 0.0397
v  -0.6014 -0.1123 0.0485
v  -0.6034 -0.1099 0.0537
v  -0.6014 -0.1328 0.0592
v  -0.6034 -0.1300 0.0642
v  -0.6034 -0.1491 0.0763
v  -0.6014 -0.1524 0.0717
v  -0.6083 -0.0637 0.0515
v  -0.6083 -0.0428 0.0468
v  -0.6051 -0.0655 0.0448
v  -0.6051 -0.0440 0.0400
v  -0.6083 -0.0215 0.0440
v  -0.6051 -0.0221 0.0371
v  -0.6014 -0.0232 0.0246
v  -0.6034 -0.0227 0.0303
v  -0.6014 -0.0461 0.0277
v  -0.6034 -0.0451 0.0333
v  -0.6034 -0.0673 0.0382
v  -0.6014 -0.0688 0.0327
v  -0.5984 0.0000 0.0202
v  -0.5984 0.0234 0.0213
v  -0.5984 0.0467 0.0243
v  -0.5824 0.0000 0.0185
v  -0.5824 0.0236 0.0196
v  -0.5824 0.0470 0.0226
v  -0.5984 0.0920 0.0364
v  -0.5984 0.0696 0.0294
v  -0.5824 0.0701 0.0278
v  -0.5824 0.0926 0.0348
v  -0.5421 0.0928 0.0343
v  -0.4656 0.0928 0.0343
v  -0.4656 0.0702 0.0272
v  -0.5421 0.0702 0.0272
v  -0.4656 0.0471 0.0221
v  -0.5421 0.0471 0.0221
v  -0.5421 0.0236 0.0190
v  -0.4656 0.0236 0.0190
v  -0.4656 0.0000 0.0179
v  -0.5421 0.0000 0.0179
v  -0.5984 0.1137 0.0454
v  -0.5984 0.1345 0.0563
v  -0.5824 0.1144 0.0439
v  -0.5824 0.1354 0.0548
v  -0.5984 0.1543 0.0689
v  -0.5984 0.1730 0.0832
v  -0.5824 0.1553 0.0675
v  -0.5824 0.1741 0.0819
v  -0.5421 0.1744 0.0814
v  -0.4656 0.1744 0.0814
v  -0.4656 0.1556 0.0670
v  -0.5421 0.1556 0.0670
v  -0.4656 0.1357 0.0543
v  -0.5421 0.1357 0.0543
v  -0.5421 0.1147 0.0434
v  -0.4656 0.1147 0.0434
v  -0.5984 0.1903 0.0990
v  -0.5984 0.2061 0.1163
v  -0.5824 0.1915 0.0978
v  -0.5824 0.2074 0.1153
v  -0.5984 0.2204 0.1350
v  -0.5984 0.2330 0.1548
v  -0.5824 0.2218 0.1340
v  -0.5824 0.2345 0.1539
v  -0.5421 0.2350 0.1536
v  -0.4656 0.2350 0.1536
v  -0.4656 0.2223 0.1337
v  -0.5421 0.2223 0.1337
v  -0.4656 0.2079 0.1149
v  -0.5421 0.2079 0.1149
v  -0.5421 0.1919 0.0974
v  -0.4656 0.1919 0.0974
v  -0.5984 0.2439 0.1756
v  -0.5984 0.2528 0.1973
v  -0.5824 0.2454 0.1749
v  -0.5824 0.2544 0.1967
v  -0.5984 0.2599 0.2197
v  -0.5984 0.2650 0.2426
v  -0.5824 0.2616 0.2192
v  -0.5824 0.2667 0.2423
v  -0.5421 0.2672 0.2422
v  -0.4656 0.2672 0.2422
v  -0.4656 0.2621 0.2191
v  -0.5421 0.2621 0.2191
v  -0.4656 0.2550 0.1965
v  -0.5421 0.2550 0.1965
v  -0.5421 0.2459 0.1746
v  -0.4656 0.2459 0.1746
v  -0.5984 0.2680 0.2658
v  -0.5984 0.2691 0.2893
v  -0.5824 0.2697 0.2657
v  -0.5824 0.2708 0.2893
v  -0.5984 0.2680 0.3128
v  -0.5984 0.2650 0.3360
v  -0.5824 0.2697 0.3129
v  -0.5824 0.2667 0.3363
v  -0.5421 0.2672 0.3364
v  -0.4656 0.2672 0.3364
v  -0.4656 0.2703 0.3130
v  -0.5421 0.2703 0.3130
v  -0.4656 0.2713 0.2893
v  -0.5421 0.2713 0.2893
v  -0.5421 0.2703 0.2656
v  -0.4656 0.2703 0.2656
v  -0.5984 0.2599 0.3589
v  -0.5984 0.2528 0.3813
v  -0.5824 0.2616 0.3594
v  -0.5824 0.2544 0.3819
v  -0.5984 0.2439 0.4030
v  -0.5984 0.2330 0.4238
v  -0.5824 0.2454 0.4037
v  -0.5824 0.2345 0.4247
v  -0.5421 0.2350 0.4250
v  -0.4656 0.2350 0.4250
v  -0.4656 0.2459 0.4040
v  -0.5421 0.2459 0.4040
v  -0.4656 0.2550 0.3821
v  -0.5421 0.2550 0.3821
v  -0.5421 0.2621 0.3595
v  -0.4656 0.2621 0.3595
v  -0.5984 0.2204 0.4436
v  -0.5984 0.2061 0.4623
v  -0.5824 0.2218 0.4446
v  -0.5824 0.2074 0.4633
v  -0.5984 0.1903 0.4796
v  -0.5984 0.1730 0.4954
v  -0.5824 0.1915 0.4808
v  -0.5824 0.1741 0.4967
v  -0.5421 0.1744 0.4972
v  -0.4656 0.1744 0.4972
v  -0.4656 0.1919 0.4812
v  -0.5421 0.1919 0.4812
v  -0.4656 0.2079 0.4637
v  -0.5421 0.2079 0.4637
v  -0.5421 0.2223 0.4449
v  -0.4656 0.2223 0.4449
v  -0.5984 0.1543 0.5097
v  -0.5984 0.1345 0.5223
v  -0.5824 0.1553 0.5111
v  -0.5824 0.1354 0.5238
v  -0.5984 0.1137 0.5332
v  -0.5984 0.0920 0.5422
v  -0.5824 0.1144 0.5347
v  -0.5824 0.0926 0.5438
v  -0.5421 0.0928 0.5443
v  -0.4656 0.0928 0.5443
v  -0.4656 0.1147 0.5352
v  -0.5421 0.1147 0.5352
v  -0.4656 0.1357 0.5243
v  -0.5421 0.1357 0.5243
v  -0.5421 0.1556 0.5116
v  -0.4656 0.1556 0.5116
v  -0.5984 0.0696 0.5492
v  -0.5984 0.0467 0.5543
v  -0.5824 0.0701 0.5508
v  -0.5824 0.0470 0.5560
v  -0.5984 0.0234 0.5573
v  -0.5984 0.0000 0.5584
v  -0.5824 0.0236 0.5590
v  -0.5824 0.0000 0.5601
v  -0.5421 0.0000 0.5607
v  -0.4656 0.0000 0.5607
v  -0.4656 0.0236 0.5596
v  -0.5421 0.0236 0.5596
v  -0.4656 0.0471 0.5565
v  -0.5421 0.0471 0.5565
v  -0.5421 0.0702 0.5514
v  -0.4656 0.0702 0.5514
v  -0.5984 -0.0234 0.5573
v  -0.5984 -0.0467 0.5543
v  -0.5824 -0.0236 0.5590
v  -0.5824 -0.0470 0.5560
v  -0.5984 -0.0920 0.5422
v  -0.5984 -0.0696 0.5492
v  -0.5824 -0.0701 0.5508
v  -0.5824 -0.0926 0.5438
v  -0.5421 -0.0928 0.5443
v  -0.4656 -0.0928 0.5443
v  -0.4656 -0.0702 0.5514
v  -0.5421 -0.0702 0.5514
v  -0.4656 -0.0471 0.5565
v  -0.5421 -0.0471 0.5565
v  -0.5421 -0.0236 0.5596
v  -0.4656 -0.0236 0.5596
v  -0.5984 -0.1137 0.5332
v  -0.5984 -0.1345 0.5223
v  -0.5824 -0.1144 0.5347
v  -0.5824 -0.1354 0.5238
v  -0.5984 -0.1543 0.5097
v  -0.5984 -0.1730 0.4954
v  -0.5824 -0.1553 0.5111
v  -0.5824 -0.1741 0.4967
v  -0.5421 -0.1744 0.4972
v  -0.4656 -0.1744 0.4972
v  -0.4656 -0.1556 0.5116
v  -0.5421 -0.1556 0.5116
v  -0.4656 -0.1357 0.5243
v  -0.5421 -0.1357 0.5243
v  -0.5421 -0.1147 0.5352
v  -0.4656 -0.1147 0.5352
v  -0.5984 -0.1903 0.4796
v  -0.5984 -0.2061 0.4623
v  -0.5824 -0.1915 0.4808
v  -0.5824 -0.2074 0.4633
v  -0.5984 -0.2204 0.4436
v  -0.5984 -0.2330 0.4238
v  -0.5824 -0.2218 0.4446
v  -0.5824 -0.2345 0.4247
v  -0.5421 -0.2350 0.4250
v  -0.4656 -0.2350 0.4250
v  -0.4656 -0.2223 0.4449
v  -0.5421 -0.2223 0.4449
v  -0.4656 -0.2079 0.4637
v  -0.5421 -0.2079 0.4637
v  -0.5421 -0.1919 0.4812
v  -0.4656 -0.1919 0.4812
v  -0.5984 -0.2439 0.4030
v  -0.5984 -0.2528 0.3813
v  -0.5824 -0.2454 0.4037
v  -0.5824 -0.2544 0.3819
v  -0.5984 -0.2599 0.3589
v  -0.5984 -0.2650 0.3360
v  -0.5824 -0.2616 0.3594
v  -0.5824 -0.2667 0.3363
v  -0.5421 -0.2672 0.3364
v  -0.4656 -0.2672 0.3364
v  -0.4656 -0.2621 0.3595
v  -0.5421 -0.2621 0.3595
v  -0.4656 -0.2550 0.3821
v  -0.5421 -0.2550 0.3821
v  -0.5421 -0.2459 0.4040
v  -0.4656 -0.2459 0.4040
v  -0.5984 -0.2680 0.3128
v  -0.5984 -0.2691 0.2893
v  -0.5824 -0.2697 0.3129
v  -0.5824 -0.2708 0.2893
v  -0.5984 -0.2680 0.2658
v  -0.5984 -0.2650 0.2426
v  -0.5824 -0.2697 0.2657
v  -0.5824 -0.2667 0.2423
v  -0.5421 -0.2672 0.2422
v  -0.4656 -0.2672 0.2422
v  -0.4656 -0.2703 0.2656
v  -0.5421 -0.2703 0.2656
v  -0.4656 -0.2713 0.2893
v  -0.5421 -0.2713 0.2893
v  -0.5421 -0.2703 0.3130
v  -0.4656 -0.2703 0.3130
v  -0.5984 -0.2599 0.2197
v  -0.5984 -0.2528 0.1973
v  -0.5824 -0.2616 0.2192
v  -0.5824 -0.2544 0.1967
v  -0.5984 -0.2439 0.1756
v  -0.5984 -0.2330 0.1548
v  -0.5824 -0.2454 0.1749
v  -0.5824 -0.2345 0.1539
v  -0.5421 -0.2350 0.1536
v  -0.4656 -0.2350 0.1536
v  -0.4656 -0.2459 0.1746
v  -0.5421 -0.2459 0.1746
v  -0.4656 -0.2550 0.1965
v  -0.5421 -0.2550 0.1965
v  -0.5421 -0.2621 0.2191
v  -0.4656 -0.2621 0.2191
v  -0.5984 -0.2204 0.1350
v  -0.5984 -0.2061 0.1163
v  -0.5824 -0.2218 0.1340
v  -0.5824 -0.2074 0.1153
v  -0.5984 -0.1903 0.0990
v  -0.5984 -0.1730 0.0832
v  -0.5824 -0.1915 0.0978
v  -0.5824 -0.1741 0.0819
v  -0.5421 -0.1744 0.0814
v  -0.4656 -0.1744 0.0814
v  -0.4656 -0.1919 0.0974
v  -0.5421 -0.1919 0.0974
v  -0.4656 -0.2079 0.1149
v  -0.5421 -0.2079 0.1149
v  -0.5421 -0.2223 0.1337
v  -0.4656 -0.2223 0.1337
v  -0.5984 -0.1543 0.0689
v  -0.5984 -0.1345 0.0563
v  -0.5824 -0.1553 0.0675
v  -0.5824 -0.1354 0.0548
v  -0.5984 -0.1137 0.0454
v  -0.5984 -0.0920 0.0364
v  -0.5824 -0.1144 0.0439
v  -0.5824 -0.0926 0.0348
v  -0.5421 -0.0928 0.0343
v  -0.4656 -0.0928 0.0343
v  -0.4656 -0.1147 0.0434
v  -0.5421 -0.1147 0.0434
v  -0.4656 -0.1357 0.0543
v  -0.5421 -0.1357 0.0543
v  -0.5421 -0.1556 0.0670
v  -0.4656 -0.1556 0.0670
v  -0.5984 -0.0696 0.0294
v  -0.5984 -0.0467 0.0243
v  -0.5824 -0.0701 0.0278
v  -0.5824 -0.0470 0.0226
v  -0.5984 -0.0234 0.0213
v  -0.5824 -0.0236 0.0196
v  -0.4656 -0.0236 0.0190
v  -0.5421 -0.0236 0.0190
v  -0.4656 -0.0471 0.0221
v  -0.5421 -0.0471 0.0221
v  -0.5421 -0.0702 0.0272
v  -0.4656 -0.0702 0.0272
v  0.2798 0.0702 0.0272
v  0.2798 0.0928 0.0343
v  0.2964 0.0928 0.0343
v  0.2964 0.0702 0.0272
v  0.3160 0.0928 0.0343
v  0.3160 0.0702 0.0272
v  0.2798 0.0471 0.0221
v  0.2964 0.0471 0.0221
v  0.3160 0.0471 0.0221
v  0.3356 0.0702 0.0272
v  0.3356 0.0928 0.0343
v  0.3523 0.0928 0.0343
v  0.3523 0.0702 0.0272
v  0.3356 0.0471 0.0221
v  0.3523 0.0471 0.0221
v  0.3523 0.0236 0.0190
v  0.3523 0.0000 0.0179
v  0.3356 0.0000 0.0179
v  0.3356 0.0236 0.0190
v  0.3160 0.0000 0.0179
v  0.3160 0.0236 0.0190
v  0.2964 0.0236 0.0190
v  0.2964 0.0000 0.0179
v  0.2798 0.0000 0.0179
v  0.2798 0.0236 0.0190
v  0.2798 0.1556 0.0670
v  0.2798 0.1744 0.0814
v  0.2964 0.1744 0.0814
v  0.2964 0.1556 0.0670
v  0.3160 0.1744 0.0814
v  0.3160 0.1556 0.0670
v  0.2798 0.1357 0.0543
v  0.2964 0.1357 0.0543
v  0.3160 0.1357 0.0543
v  0.3356 0.1556 0.0670
v  0.3356 0.1744 0.0814
v  0.3523 0.1744 0.0814
v  0.3523 0.1556 0.0670
v  0.3356 0.1357 0.0543
v  0.3523 0.1357 0.0543
v  0.3523 0.1147 0.0434
v  0.3356 0.1147 0.0434
v  0.3160 0.1147 0.0434
v  0.2964 0.1147 0.0434
v  0.2798 0.1147 0.0434
v  0.2798 0.2223 0.1337
v  0.2798 0.2350 0.1536
v  0.2964 0.2350 0.1536
v  0.2964 0.2223 0.1337
v  0.3160 0.2350 0.1536
v  0.3160 0.2223 0.1337
v  0.2798 0.2079 0.1149
v  0.2964 0.2079 0.1149
v  0.3160 0.2079 0.1149
v  0.3356 0.2223 0.1337
v  0.3356 0.2350 0.1536
v  0.3523 0.2350 0.1536
v  0.3523 0.2223 0.1337
v  0.3356 0.2079 0.1149
v  0.3523 0.2079 0.1149
v  0.3523 0.1919 0.0974
v  0.3356 0.1919 0.0974
v  0.3160 0.1919 0.0974
v  0.2964 0.1919 0.0974
v  0.2798 0.1919 0.0974
v  0.2798 0.2621 0.2191
v  0.2798 0.2672 0.2422
v  0.2964 0.2672 0.2422
v  0.2964 0.2621 0.2191
v  0.3160 0.2672 0.2422
v  0.3160 0.2621 0.2191
v  0.2798 0.2550 0.1965
v  0.2964 0.2550 0.1965
v  0.3160 0.2550 0.1965
v  0.3356 0.2621 0.2191
v  0.3356 0.2672 0.2422
v  0.3523 0.2672 0.2422
v  0.3523 0.2621 0.2191
v  0.3356 0.2550 0.1965
v  0.3523 0.2550 0.1965
v  0.3523 0.2459 0.1746
v  0.3356 0.2459 0.1746
v  0.3160 0.2459 0.1746
v  0.2964 0.2459 0.1746
v  0.2798 0.2459 0.1746
v  0.2798 0.2703 0.3130
v  0.2798 0.2672 0.3364
v  0.2964 0.2672 0.3364
v  0.2964 0.2703 0.3130
v  0.3160 0.2672 0.3364
v  0.3160 0.2703 0.3130
v  0.2798 0.2713 0.2893
v  0.2964 0.2713 0.2893
v  0.3160 0.2713 0.2893
v  0.3356 0.2703 0.3130
v  0.3356 0.2672 0.3364
v  0.3523 0.2672 0.3364
v  0.3523 0.2703 0.3130
v  0.3356 0.2713 0.2893
v  0.3523 0.2713 0.2893
v  0.3523 0.2703 0.2656
v  0.3356 0.2703 0.2656
v  0.3160 0.2703 0.2656
v  0.2964 0.2703 0.2656
v  0.2798 0.2703 0.2656
v  0.2798 0.2459 0.4040
v  0.2798 0.2350 0.4250
v  0.2964 0.2350 0.4250
v  0.2964 0.2459 0.4040
v  0.3160 0.2350 0.4250
v  0.3160 0.2459 0.4040
v  0.2798 0.2550 0.3821
v  0.2964 0.2550 0.3821
v  0.3160 0.2550 0.3821
v  0.3356 0.2459 0.4040
v  0.3356 0.2350 0.4250
v  0.3523 0.2350 0.4250
v  0.3523 0.2459 0.4040
v  0.3356 0.2550 0.3821
v  0.3523 0.2550 0.3821
v  0.3523 0.2621 0.3595
v  0.3356 0.2621 0.3595
v  0.3160 0.2621 0.3595
v  0.2964 0.2621 0.3595
v  0.2798 0.2621 0.3595
v  0.2798 0.1919 0.4812
v  0.2798 0.1744 0.4972
v  0.2964 0.1744 0.4972
v  0.2964 0.1919 0.4812
v  0.3160 0.1744 0.4972
v  0.3160 0.1919 0.4812
v  0.2798 0.2079 0.4637
v  0.2964 0.2079 0.4637
v  0.3160 0.2079 0.4637
v  0.3356 0.1919 0.4812
v  0.3356 0.1744 0.4972
v  0.3523 0.1744 0.4972
v  0.3523 0.1919 0.4812
v  0.3356 0.2079 0.4637
v  0.3523 0.2079 0.4637
v  0.3523 0.2223 0.4449
v  0.3356 0.2223 0.4449
v  0.3160 0.2223 0.4449
v  0.2964 0.2223 0.4449
v  0.2798 0.2223 0.4449
v  0.2798 0.1147 0.5352
v  0.2798 0.0928 0.5443
v  0.2964 0.0928 0.5443
v  0.2964 0.1147 0.5352
v  0.3160 0.0928 0.5443
v  0.3160 0.1147 0.5352
v  0.2798 0.1357 0.5243
v  0.2964 0.1357 0.5243
v  0.3160 0.1357 0.5243
v  0.3356 0.1147 0.5352
v  0.3356 0.0928 0.5443
v  0.3523 0.0928 0.5443
v  0.3523 0.1147 0.5352
v  0.3356 0.1357 0.5243
v  0.3523 0.1357 0.5243
v  0.3523 0.1556 0.5116
v  0.3356 0.1556 0.5116
v  0.3160 0.1556 0.5116
v  0.2964 0.1556 0.5116
v  0.2798 0.1556 0.5116
v  0.2798 0.0236 0.5596
v  0.2798 0.0000 0.5607
v  0.2964 0.0000 0.5607
v  0.2964 0.0236 0.5596
v  0.3160 0.0000 0.5607
v  0.3160 0.0236 0.5596
v  0.2798 0.0471 0.5565
v  0.2964 0.0471 0.5565
v  0.3160 0.0471 0.5565
v  0.3356 0.0236 0.5596
v  0.3356 0.0000 0.5607
v  0.3523 0.0000 0.5607
v  0.3523 0.0236 0.5596
v  0.3356 0.0471 0.5565
v  0.3523 0.0471 0.5565
v  0.3523 0.0702 0.5514
v  0.3356 0.0702 0.5514
v  0.3160 0.0702 0.5514
v  0.2964 0.0702 0.5514
v  0.2798 0.0702 0.5514
v  0.2798 -0.0702 0.5514
v  0.2798 -0.0928 0.5443
v  0.2964 -0.0928 0.5443
v  0.2964 -0.0702 0.5514
v  0.3160 -0.0928 0.5443
v  0.3160 -0.0702 0.5514
v  0.2798 -0.0471 0.5565
v  0.2964 -0.0471 0.5565
v  0.3160 -0.0471 0.5565
v  0.3356 -0.0702 0.5514
v  0.3356 -0.0928 0.5443
v  0.3523 -0.0928 0.5443
v  0.3523 -0.0702 0.5514
v  0.3356 -0.0471 0.5565
v  0.3523 -0.0471 0.5565
v  0.3523 -0.0236 0.5596
v  0.3356 -0.0236 0.5596
v  0.3160 -0.0236 0.5596
v  0.2964 -0.0236 0.5596
v  0.2798 -0.0236 0.5596
v  0.2798 -0.1556 0.5116
v  0.2798 -0.1744 0.4972
v  0.2964 -0.1744 0.4972
v  0.2964 -0.1556 0.5116
v  0.3160 -0.1744 0.4972
v  0.3160 -0.1556 0.5116
v  0.2798 -0.1357 0.5243
v  0.2964 -0.1357 0.5243
v  0.3160 -0.1357 0.5243
v  0.3356 -0.1556 0.5116
v  0.3356 -0.1744 0.4972
v  0.3523 -0.1744 0.4972
v  0.3523 -0.1556 0.5116
v  0.3356 -0.1357 0.5243
v  0.3523 -0.1357 0.5243
v  0.3523 -0.1147 0.5352
v  0.3356 -0.1147 0.5352
v  0.3160 -0.1147 0.5352
v  0.2964 -0.1147 0.5352
v  0.2798 -0.1147 0.5352
v  0.2798 -0.2223 0.4449
v  0.2798 -0.2350 0.4250
v  0.2964 -0.2350 0.4250
v  0.2964 -0.2223 0.4449
v  0.3160 -0.2350 0.4250
v  0.3160 -0.2223 0.4449
v  0.2798 -0.2079 0.4637
v  0.2964 -0.2079 0.4637
v  0.3160 -0.2079 0.4637
v  0.3356 -0.2223 0.4449
v  0.3356 -0.2350 0.4250
v  0.3523 -0.2350 0.4250
v  0.3523 -0.2223 0.4449
v  0.3356 -0.2079 0.4637
v  0.3523 -0.2079 0.4637
v  0.3523 -0.1919 0.4812
v  0.3356 -0.1919 0.4812
v  0.3160 -0.1919 0.4812
v  0.2964 -0.1919 0.4812
v  0.2798 -0.1919 0.4812
v  0.2798 -0.2621 0.3595
v  0.2798 -0.2672 0.3364
v  0.2964 -0.2672 0.3364
v  0.2964 -0.2621 0.3595
v  0.3160 -0.2672 0.3364
v  0.3160 -0.2621 0.3595
v  0.2798 -0.2550 0.3821
v  0.2964 -0.2550 0.3821
v  0.3160 -0.2550 0.3821
v  0.3356 -0.2621 0.3595
v  0.3356 -0.2672 0.3364
v  0.3523 -0.2672 0.3364
v  0.3523 -0.2621 0.3595
v  0.3356 -0.2550 0.3821
v  0.3523 -0.2550 0.3821
v  0.3523 -0.2459 0.4040
v  0.3356 -0.2459 0.4040
v  0.3160 -0.2459 0.4040
v  0.2964 -0.2459 0.4040
v  0.2798 -0.2459 0.4040
v  0.2798 -0.2703 0.2656
v  0.2798 -0.2672 0.2422
v  0.2964 -0.2672 0.2422
v  0.2964 -0.2703 0.2656
v  0.3160 -0.2672 0.2422
v  0.3160 -0.2703 0.2656
v  0.2798 -0.2713 0.2893
v  0.2964 -0.2713 0.2893
v  0.3160 -0.2713 0.2893
v  0.3356 -0.2703 0.2656
v  0.3356 -0.2672 0.2422
v  0.3523 -0.2672 0.2422
v  0.3523 -0.2703 0.2656
v  0.3356 -0.2713 0.2893
v  0.3523 -0.2713 0.2893
v  0.3523 -0.2703 0.3130
v  0.3356 -0.2703 0.3130
v  0.3160 -0.2703 0.3130
v  0.2964 -0.2703 0.3130
v  0.2798 -0.2703 0.3130
v  0.2798 -0.2459 0.1746
v  0.2798 -0.2350 0.1536
v  0.2964 -0.2350 0.1536
v  0.2964 -0.2459 0.1746
v  0.3160 -0.2350 0.1536
v  0.3160 -0.2459 0.1746
v  0.2798 -0.2550 0.1965
v  0.2964 -0.2550 0.1965
v  0.3160 -0.2550 0.1965
v  0.3356 -0.2459 0.1746
v  0.3356 -0.2350 0.1536
v  0.3523 -0.2350 0.1536
v  0.3523 -0.2459 0.1746
v  0.3356 -0.2550 0.1965
v  0.3523 -0.2550 0.1965
v  0.3523 -0.2621 0.2191
v  0.3356 -0.2621 0.2191
v  0.3160 -0.2621 0.2191
v  0.2964 -0.2621 0.2191
v  0.2798 -0.2621 0.2191
v  0.2798 -0.1919 0.0974
v  0.2798 -0.1744 0.0814
v  0.2964 -0.1744 0.0814
v  0.2964 -0.1919 0.0974
v  0.3160 -0.1744 0.0814
v  0.3160 -0.1919 0.0974
v  0.2798 -0.2079 0.1149
v  0.2964 -0.2079 0.1149
v  0.3160 -0.2079 0.1149
v  0.3356 -0.1919 0.0974
v  0.3356 -0.1744 0.0814
v  0.3523 -0.1744 0.0814
v  0.3523 -0.1919 0.0974
v  0.3356 -0.2079 0.1149
v  0.3523 -0.2079 0.1149
v  0.3523 -0.2223 0.1337
v  0.3356 -0.2223 0.1337
v  0.3160 -0.2223 0.1337
v  0.2964 -0.2223 0.1337
v  0.2798 -0.2223 0.1337
v  0.2798 -0.1147 0.0434
v  0.2798 -0.0928 0.0343
v  0.2964 -0.0928 0.0343
v  0.2964 -0.1147 0.0434
v  0.3160 -0.0928 0.0343
v  0.3160 -0.1147 0.0434
v  0.2798 -0.1357 0.0543
v  0.2964 -0.1357 0.0543
v  0.3160 -0.1357 0.0543
v  0.3356 -0.1147 0.0434
v  0.3356 -0.0928 0.0343
v  0.3523 -0.0928 0.0343
v  0.3523 -0.1147 0.0434
v  0.3356 -0.1357 0.0543
v  0.3523 -0.1357 0.0543
v  0.3523 -0.1556 0.0670
v  0.3356 -0.1556 0.0670
v  0.3160 -0.1556 0.0670
v  0.2964 -0.1556 0.0670
v  0.2798 -0.1556 0.0670
v  0.2798 -0.0236 0.0190
v  0.2964 -0.0236 0.0190
v  0.3160 -0.0236 0.0190
v  0.2798 -0.0471 0.0221
v  0.2964 -0.0471 0.0221
v  0.3160 -0.0471 0.0221
v  0.3356 -0.0236 0.0190
v  0.3523 -0.0236 0.0190
v  0.3356 -0.0471 0.0221
v  0.3523 -0.0471 0.0221
v  0.3523 -0.0702 0.0272
v  0.3356 -0.0702 0.0272
v  0.3160 -0.0702 0.0272
v  0.2964 -0.0702 0.0272
v  0.2798 -0.0702 0.0272
v  -0.9063 0.0316 0.2024
v  -0.9063 0.0239 0.2000
v  -0.9063 0.0161 0.1982
v  -0.9183 0.0261 0.2176
v  -0.9183 0.0197 0.2156
v  -0.9183 0.0133 0.2141
v  -0.9063 0.0081 0.1972
v  -0.9063 0.0000 0.1968
v  -0.9183 0.0067 0.2133
v  -0.9183 0.0000 0.2130
v  -0.9225 0.0000 0.2378
v  -0.9225 0.0046 0.2377
v  -0.9225 0.0055 0.2264
v  -0.9225 0.0000 0.2263
v  -0.9225 0.0091 0.2380
v  -0.9225 0.0110 0.2270
v  -0.9225 0.0134 0.2393
v  -0.9225 0.0176 0.2409
v  -0.9225 0.0215 0.2301
v  -0.9225 0.0163 0.2283
v  -0.9063 0.0594 0.2185
v  -0.9063 0.0530 0.2136
v  -0.9063 0.0462 0.2092
v  -0.9183 0.0490 0.2309
v  -0.9183 0.0438 0.2268
v  -0.9183 0.0382 0.2232
v  -0.9063 0.0391 0.2055
v  -0.9183 0.0322 0.2202
v  -0.9225 0.0219 0.2424
v  -0.9225 0.0267 0.2321
v  -0.9225 0.0261 0.2442
v  -0.9225 0.0316 0.2345
v  -0.9225 0.0297 0.2468
v  -0.9225 0.0331 0.2499
v  -0.9225 0.0405 0.2411
v  -0.9225 0.0362 0.2376
v  -0.9063 0.0801 0.2431
v  -0.9063 0.0757 0.2363
v  -0.9063 0.0708 0.2299
v  -0.9183 0.0660 0.2512
v  -0.9183 0.0625 0.2455
v  -0.9183 0.0585 0.2402
v  -0.9063 0.0654 0.2239
v  -0.9183 0.0539 0.2354
v  -0.9225 0.0367 0.2527
v  -0.9225 0.0446 0.2447
v  -0.9225 0.0399 0.2558
v  -0.9225 0.0484 0.2487
v  -0.9225 0.0424 0.2595
v  -0.9225 0.0446 0.2636
v  -0.9225 0.0545 0.2578
v  -0.9225 0.0517 0.2531
v  -0.9063 0.0911 0.2732
v  -0.9063 0.0893 0.2654
v  -0.9063 0.0869 0.2577
v  -0.9183 0.0751 0.2761
v  -0.9183 0.0737 0.2695
v  -0.9183 0.0717 0.2632
v  -0.9063 0.0838 0.2502
v  -0.9183 0.0691 0.2571
v  -0.9225 0.0470 0.2675
v  -0.9225 0.0572 0.2627
v  -0.9225 0.0490 0.2715
v  -0.9225 0.0594 0.2677
v  -0.9225 0.0500 0.2758
v  -0.9225 0.0507 0.2804
v  -0.9225 0.0620 0.2784
v  -0.9225 0.0609 0.2729
v  -0.9063 0.0911 0.3054
v  -0.9063 0.0921 0.2974
v  -0.9063 0.0925 0.2893
v  -0.9183 0.0751 0.3025
v  -0.9183 0.0760 0.2959
v  -0.9183 0.0763 0.2893
v  -0.9063 0.0921 0.2812
v  -0.9183 0.0760 0.2827
v  -0.9225 0.0516 0.2848
v  -0.9225 0.0629 0.2838
v  -0.9225 0.0521 0.2893
v  -0.9225 0.0632 0.2893
v  -0.9225 0.0516 0.2938
v  -0.9225 0.0507 0.2982
v  -0.9225 0.0620 0.3002
v  -0.9225 0.0629 0.2948
v  -0.9063 0.0801 0.3355
v  -0.9063 0.0838 0.3284
v  -0.9063 0.0869 0.3209
v  -0.9183 0.0660 0.3274
v  -0.9183 0.0691 0.3215
v  -0.9183 0.0717 0.3154
v  -0.9063 0.0893 0.3132
v  -0.9183 0.0737 0.3091
v  -0.9225 0.0500 0.3028
v  -0.9225 0.0609 0.3057
v  -0.9225 0.0490 0.3071
v  -0.9225 0.0594 0.3109
v  -0.9225 0.0470 0.3111
v  -0.9225 0.0446 0.3150
v  -0.9225 0.0545 0.3208
v  -0.9225 0.0572 0.3159
v  -0.9063 0.0594 0.3601
v  -0.9063 0.0654 0.3547
v  -0.9063 0.0708 0.3487
v  -0.9183 0.0490 0.3477
v  -0.9183 0.0539 0.3432
v  -0.9183 0.0585 0.3384
v  -0.9063 0.0757 0.3423
v  -0.9183 0.0625 0.3331
v  -0.9225 0.0424 0.3191
v  -0.9225 0.0517 0.3255
v  -0.9225 0.0399 0.3228
v  -0.9225 0.0484 0.3299
v  -0.9225 0.0367 0.3259
v  -0.9225 0.0331 0.3287
v  -0.9225 0.0405 0.3375
v  -0.9225 0.0446 0.3339
v  -0.9063 0.0316 0.3762
v  -0.9063 0.0391 0.3731
v  -0.9063 0.0462 0.3694
v  -0.9183 0.0261 0.3610
v  -0.9183 0.0322 0.3584
v  -0.9183 0.0382 0.3554
v  -0.9063 0.0530 0.3650
v  -0.9183 0.0438 0.3518
v  -0.9225 0.0297 0.3318
v  -0.9225 0.0362 0.3410
v  -0.9225 0.0261 0.3344
v  -0.9225 0.0316 0.3441
v  -0.9225 0.0219 0.3362
v  -0.9225 0.0176 0.3377
v  -0.9225 0.0215 0.3485
v  -0.9225 0.0267 0.3465
v  -0.9063 0.0000 0.3818
v  -0.9063 0.0081 0.3814
v  -0.9063 0.0161 0.3804
v  -0.9183 0.0000 0.3656
v  -0.9183 0.0067 0.3653
v  -0.9183 0.0133 0.3645
v  -0.9063 0.0239 0.3786
v  -0.9183 0.0197 0.3630
v  -0.9225 0.0134 0.3393
v  -0.9225 0.0163 0.3503
v  -0.9225 0.0091 0.3406
v  -0.9225 0.0110 0.3516
v  -0.9225 0.0046 0.3409
v  -0.9225 0.0000 0.3408
v  -0.9225 0.0000 0.3523
v  -0.9225 0.0055 0.3522
v  -0.9063 -0.0316 0.3762
v  -0.9063 -0.0239 0.3786
v  -0.9063 -0.0161 0.3804
v  -0.9183 -0.0261 0.3610
v  -0.9183 -0.0197 0.3630
v  -0.9183 -0.0133 0.3645
v  -0.9063 -0.0081 0.3814
v  -0.9183 -0.0067 0.3653
v  -0.9225 -0.0046 0.3409
v  -0.9225 -0.0055 0.3522
v  -0.9225 -0.0091 0.3406
v  -0.9225 -0.0110 0.3516
v  -0.9225 -0.0134 0.3393
v  -0.9225 -0.0176 0.3377
v  -0.9225 -0.0215 0.3485
v  -0.9225 -0.0163 0.3503
v  -0.9063 -0.0594 0.3601
v  -0.9063 -0.0530 0.3650
v  -0.9063 -0.0462 0.3694
v  -0.9183 -0.0490 0.3477
v  -0.9183 -0.0438 0.3518
v  -0.9183 -0.0382 0.3554
v  -0.9063 -0.0391 0.3731
v  -0.9183 -0.0322 0.3584
v  -0.9225 -0.0219 0.3362
v  -0.9225 -0.0267 0.3465
v  -0.9225 -0.0261 0.3344
v  -0.9225 -0.0316 0.3441
v  -0.9225 -0.0297 0.3318
v  -0.9225 -0.0331 0.3287
v  -0.9225 -0.0405 0.3375
v  -0.9225 -0.0362 0.3410
v  -0.9063 -0.0801 0.3355
v  -0.9063 -0.0757 0.3423
v  -0.9063 -0.0708 0.3487
v  -0.9183 -0.0660 0.3274
v  -0.9183 -0.0625 0.3331
v  -0.9183 -0.0585 0.3384
v  -0.9063 -0.0654 0.3547
v  -0.9183 -0.0539 0.3432
v  -0.9225 -0.0367 0.3259
v  -0.9225 -0.0446 0.3339
v  -0.9225 -0.0399 0.3228
v  -0.9225 -0.0484 0.3299
v  -0.9225 -0.0424 0.3191
v  -0.9225 -0.0446 0.3150
v  -0.9225 -0.0545 0.3208
v  -0.9225 -0.0517 0.3255
v  -0.9063 -0.0911 0.3054
v  -0.9063 -0.0893 0.3132
v  -0.9063 -0.0869 0.3209
v  -0.9183 -0.0751 0.3025
v  -0.9183 -0.0737 0.3091
v  -0.9183 -0.0717 0.3154
v  -0.9063 -0.0838 0.3284
v  -0.9183 -0.0691 0.3215
v  -0.9225 -0.0470 0.3111
v  -0.9225 -0.0572 0.3159
v  -0.9225 -0.0490 0.3071
v  -0.9225 -0.0594 0.3109
v  -0.9225 -0.0500 0.3028
v  -0.9225 -0.0507 0.2982
v  -0.9225 -0.0620 0.3002
v  -0.9225 -0.0609 0.3057
v  -0.9063 -0.0911 0.2732
v  -0.9063 -0.0921 0.2812
v  -0.9063 -0.0925 0.2893
v  -0.9183 -0.0751 0.2761
v  -0.9183 -0.0760 0.2827
v  -0.9183 -0.0763 0.2893
v  -0.9063 -0.0921 0.2974
v  -0.9183 -0.0760 0.2959
v  -0.9225 -0.0516 0.2938
v  -0.9225 -0.0629 0.2948
v  -0.9225 -0.0521 0.2893
v  -0.9225 -0.0632 0.2893
v  -0.9225 -0.0516 0.2848
v  -0.9225 -0.0507 0.2804
v  -0.9225 -0.0620 0.2784
v  -0.9225 -0.0629 0.2838
v  -0.9063 -0.0801 0.2431
v  -0.9063 -0.0838 0.2502
v  -0.9063 -0.0869 0.2577
v  -0.9183 -0.0660 0.2512
v  -0.9183 -0.0691 0.2571
v  -0.9183 -0.0717 0.2632
v  -0.9063 -0.0893 0.2654
v  -0.9183 -0.0737 0.2696
v  -0.9225 -0.0500 0.2758
v  -0.9225 -0.0609 0.2729
v  -0.9225 -0.0490 0.2715
v  -0.9225 -0.0594 0.2677
v  -0.9225 -0.0470 0.2675
v  -0.9225 -0.0446 0.2636
v  -0.9225 -0.0545 0.2578
v  -0.9225 -0.0572 0.2627
v  -0.9063 -0.0594 0.2185
v  -0.9063 -0.0654 0.2239
v  -0.9063 -0.0708 0.2299
v  -0.9183 -0.0490 0.2309
v  -0.9183 -0.0539 0.2354
v  -0.9183 -0.0585 0.2402
v  -0.9063 -0.0757 0.2363
v  -0.9183 -0.0625 0.2455
v  -0.9225 -0.0424 0.2595
v  -0.9225 -0.0517 0.2531
v  -0.9225 -0.0399 0.2558
v  -0.9225 -0.0484 0.2487
v  -0.9225 -0.0367 0.2527
v  -0.9225 -0.0331 0.2499
v  -0.9225 -0.0405 0.2411
v  -0.9225 -0.0446 0.2447
v  -0.9063 -0.0316 0.2024
v  -0.9063 -0.0391 0.2055
v  -0.9063 -0.0462 0.2092
v  -0.9183 -0.0261 0.2176
v  -0.9183 -0.0322 0.2202
v  -0.9183 -0.0382 0.2232
v  -0.9063 -0.0530 0.2136
v  -0.9183 -0.0438 0.2268
v  -0.9225 -0.0297 0.2468
v  -0.9225 -0.0362 0.2376
v  -0.9225 -0.0261 0.2442
v  -0.9225 -0.0316 0.2345
v  -0.9225 -0.0219 0.2424
v  -0.9225 -0.0176 0.2409
v  -0.9225 -0.0215 0.2301
v  -0.9225 -0.0267 0.2321
v  -0.9063 -0.0081 0.1972
v  -0.9063 -0.0161 0.1982
v  -0.9183 -0.0067 0.2133
v  -0.9183 -0.0133 0.2141
v  -0.9063 -0.0239 0.2000
v  -0.9183 -0.0197 0.2156
v  -0.9225 -0.0134 0.2393
v  -0.9225 -0.0163 0.2283
v  -0.9225 -0.0091 0.2380
v  -0.9225 -0.0110 0.2270
v  -0.9225 -0.0046 0.2377
v  -0.9225 -0.0055 0.2264
v  -0.9225 0.0106 0.2494
v  -0.9225 0.0139 0.2511
v  -0.9225 0.0073 0.2480
v  -0.9225 0.0076 0.2587
v  -0.9225 0.0102 0.2613
v  -0.9225 0.0061 0.2549
v  -0.9225 0.0000 0.2487
v  -0.9225 0.0037 0.2482
v  -0.9225 0.0000 0.2595
v  -0.9225 0.0034 0.2579
v  -0.9225 0.0063 0.2720
v  -0.9225 0.0039 0.2670
v  -0.9225 0.0000 0.2708
v  -0.9225 0.0000 0.2893
v  -0.9225 0.0236 0.2554
v  -0.9225 0.0261 0.2582
v  -0.9225 0.0210 0.2530
v  -0.9225 0.0176 0.2631
v  -0.9225 0.0192 0.2665
v  -0.9225 0.0175 0.2590
v  -0.9225 0.0175 0.2519
v  -0.9225 0.0139 0.2610
v  -0.9225 0.0119 0.2752
v  -0.9225 0.0113 0.2697
v  -0.9225 0.0337 0.2655
v  -0.9225 0.0352 0.2690
v  -0.9225 0.0321 0.2623
v  -0.9225 0.0255 0.2707
v  -0.9225 0.0258 0.2744
v  -0.9225 0.0268 0.2668
v  -0.9225 0.0293 0.2602
v  -0.9225 0.0227 0.2674
v  -0.9225 0.0160 0.2801
v  -0.9225 0.0174 0.2747
v  -0.9225 0.0398 0.2785
v  -0.9225 0.0400 0.2822
v  -0.9225 0.0394 0.2750
v  -0.9225 0.0303 0.2805
v  -0.9225 0.0293 0.2841
v  -0.9225 0.0328 0.2773
v  -0.9225 0.0375 0.2720
v  -0.9225 0.0288 0.2765
v  -0.9225 0.0182 0.2861
v  -0.9225 0.0213 0.2815
v  -0.9225 0.0411 0.2928
v  -0.9225 0.0400 0.2964
v  -0.9225 0.0419 0.2893
v  -0.9225 0.0315 0.2914
v  -0.9225 0.0293 0.2945
v  -0.9225 0.0349 0.2893
v  -0.9225 0.0411 0.2858
v  -0.9225 0.0315 0.2872
v  -0.9225 0.0182 0.2925
v  -0.9225 0.0227 0.2893
v  -0.9225 0.0375 0.3066
v  -0.9225 0.0352 0.3096
v  -0.9225 0.0394 0.3036
v  -0.9225 0.0288 0.3021
v  -0.9225 0.0258 0.3042
v  -0.9225 0.0328 0.3013
v  -0.9225 0.0398 0.3001
v  -0.9225 0.0303 0.2981
v  -0.9225 0.0160 0.2985
v  -0.9225 0.0213 0.2971
v  -0.9225 0.0293 0.3184
v  -0.9225 0.0261 0.3204
v  -0.9225 0.0321 0.3163
v  -0.9225 0.0227 0.3112
v  -0.9225 0.0192 0.3121
v  -0.9225 0.0268 0.3118
v  -0.9225 0.0337 0.3131
v  -0.9225 0.0255 0.3079
v  -0.9225 0.0119 0.3034
v  -0.9225 0.0174 0.3039
v  -0.9225 0.0175 0.3267
v  -0.9225 0.0139 0.3275
v  -0.9225 0.0210 0.3256
v  -0.9225 0.0139 0.3176
v  -0.9225 0.0102 0.3173
v  -0.9225 0.0175 0.3196
v  -0.9225 0.0236 0.3232
v  -0.9225 0.0176 0.3155
v  -0.9225 0.0063 0.3066
v  -0.9225 0.0113 0.3089
v  -0.9225 0.0037 0.3304
v  -0.9225 0.0000 0.3299
v  -0.9225 0.0073 0.3306
v  -0.9225 0.0034 0.3207
v  -0.9225 0.0000 0.3191
v  -0.9225 0.0061 0.3237
v  -0.9225 0.0106 0.3292
v  -0.9225 0.0076 0.3199
v  -0.9225 0.0000 0.3078
v  -0.9225 0.0039 0.3116
v  -0.9225 -0.0106 0.3292
v  -0.9225 -0.0139 0.3275
v  -0.9225 -0.0073 0.3306
v  -0.9225 -0.0076 0.3199
v  -0.9225 -0.0102 0.3173
v  -0.9225 -0.0061 0.3237
v  -0.9225 -0.0037 0.3304
v  -0.9225 -0.0034 0.3207
v  -0.9225 -0.0063 0.3066
v  -0.9225 -0.0039 0.3116
v  -0.9225 -0.0236 0.3232
v  -0.9225 -0.0261 0.3204
v  -0.9225 -0.0210 0.3256
v  -0.9225 -0.0176 0.3155
v  -0.9225 -0.0192 0.3121
v  -0.9225 -0.0175 0.3196
v  -0.9225 -0.0175 0.3267
v  -0.9225 -0.0139 0.3176
v  -0.9225 -0.0119 0.3034
v  -0.9225 -0.0113 0.3089
v  -0.9225 -0.0337 0.3131
v  -0.9225 -0.0352 0.3096
v  -0.9225 -0.0321 0.3163
v  -0.9225 -0.0255 0.3079
v  -0.9225 -0.0258 0.3042
v  -0.9225 -0.0268 0.3118
v  -0.9225 -0.0293 0.3184
v  -0.9225 -0.0227 0.3112
v  -0.9225 -0.0160 0.2985
v  -0.9225 -0.0174 0.3039
v  -0.9225 -0.0398 0.3001
v  -0.9225 -0.0400 0.2964
v  -0.9225 -0.0394 0.3036
v  -0.9225 -0.0303 0.2981
v  -0.9225 -0.0293 0.2945
v  -0.9225 -0.0328 0.3013
v  -0.9225 -0.0375 0.3066
v  -0.9225 -0.0288 0.3021
v  -0.9225 -0.0182 0.2925
v  -0.9225 -0.0213 0.2971
v  -0.9225 -0.0411 0.2858
v  -0.9225 -0.0400 0.2822
v  -0.9225 -0.0419 0.2893
v  -0.9225 -0.0315 0.2872
v  -0.9225 -0.0293 0.2841
v  -0.9225 -0.0349 0.2893
v  -0.9225 -0.0411 0.2928
v  -0.9225 -0.0315 0.2914
v  -0.9225 -0.0182 0.2861
v  -0.9225 -0.0227 0.2893
v  -0.9225 -0.0375 0.2720
v  -0.9225 -0.0352 0.2690
v  -0.9225 -0.0394 0.2750
v  -0.9225 -0.0288 0.2765
v  -0.9225 -0.0258 0.2744
v  -0.9225 -0.0328 0.2773
v  -0.9225 -0.0398 0.2785
v  -0.9225 -0.0303 0.2805
v  -0.9225 -0.0160 0.2801
v  -0.9225 -0.0213 0.2815
v  -0.9225 -0.0293 0.2602
v  -0.9225 -0.0261 0.2582
v  -0.9225 -0.0321 0.2623
v  -0.9225 -0.0227 0.2674
v  -0.9225 -0.0192 0.2665
v  -0.9225 -0.0268 0.2668
v  -0.9225 -0.0337 0.2655
v  -0.9225 -0.0255 0.2707
v  -0.9225 -0.0119 0.2752
v  -0.9225 -0.0174 0.2747
v  -0.9225 -0.0175 0.2519
v  -0.9225 -0.0139 0.2511
v  -0.9225 -0.0210 0.2530
v  -0.9225 -0.0139 0.2610
v  -0.9225 -0.0102 0.2613
v  -0.9225 -0.0175 0.2590
v  -0.9225 -0.0236 0.2554
v  -0.9225 -0.0176 0.2631
v  -0.9225 -0.0063 0.2720
v  -0.9225 -0.0113 0.2697
v  -0.9225 -0.0037 0.2482
v  -0.9225 -0.0073 0.2480
v  -0.9225 -0.0034 0.2579
v  -0.9225 -0.0061 0.2549
v  -0.9225 -0.0106 0.2494
v  -0.9225 -0.0076 0.2587
v  -0.9225 -0.0039 0.2670
v  0.3756 0.0000 0.0603
v  0.3747 0.0000 0.0391
v  0.3747 0.0218 0.0401
v  0.3756 0.0200 0.0612
v  0.3747 0.0434 0.0430
v  0.3756 0.0398 0.0638
v  0.3760 0.0000 0.0875
v  0.3760 0.0176 0.0882
v  0.3760 0.0351 0.0904
v  0.3756 0.0593 0.0682
v  0.3747 0.0647 0.0477
v  0.3747 0.0856 0.0542
v  0.3756 0.0783 0.0742
v  0.3760 0.0522 0.0943
v  0.3760 0.0690 0.0996
v  0.3762 0.0586 0.1283
v  0.3762 0.0479 0.1577
v  0.3762 0.0363 0.1531
v  0.3762 0.0444 0.1234
v  0.3762 0.0246 0.1496
v  0.3762 0.0299 0.1199
v  0.3762 0.0000 0.1180
v  0.3762 0.0150 0.1183
v  0.3762 0.0124 0.1489
v  0.3762 0.0000 0.1493
v  0.3747 0.1057 0.0626
v  0.3756 0.0968 0.0818
v  0.3747 0.1251 0.0727
v  0.3756 0.1145 0.0910
v  0.3760 0.0853 0.1063
v  0.3760 0.1010 0.1144
v  0.3756 0.1313 0.1018
v  0.3747 0.1435 0.0844
v  0.3747 0.1608 0.0977
v  0.3756 0.1472 0.1139
v  0.3760 0.1158 0.1239
v  0.3760 0.1297 0.1347
v  0.3762 0.1101 0.1580
v  0.3762 0.0900 0.1820
v  0.3762 0.0807 0.1738
v  0.3762 0.0984 0.1486
v  0.3762 0.0709 0.1665
v  0.3762 0.0860 0.1403
v  0.3762 0.0726 0.1337
v  0.3762 0.0597 0.1616
v  0.3747 0.1769 0.1124
v  0.3756 0.1619 0.1274
v  0.3747 0.1916 0.1285
v  0.3756 0.1754 0.1421
v  0.3760 0.1428 0.1465
v  0.3760 0.1547 0.1595
v  0.3756 0.1875 0.1580
v  0.3747 0.2049 0.1458
v  0.3747 0.2166 0.1642
v  0.3756 0.1983 0.1748
v  0.3760 0.1654 0.1735
v  0.3760 0.1748 0.1884
v  0.3762 0.1484 0.2036
v  0.3762 0.1213 0.2193
v  0.3762 0.1154 0.2083
v  0.3762 0.1406 0.1908
v  0.3762 0.1087 0.1981
v  0.3762 0.1318 0.1787
v  0.3762 0.1215 0.1679
v  0.3762 0.0998 0.1897
v  0.3747 0.2267 0.1836
v  0.3756 0.2075 0.1925
v  0.3747 0.2351 0.2037
v  0.3756 0.2151 0.2110
v  0.3760 0.1830 0.2040
v  0.3760 0.1898 0.2202
v  0.3756 0.2255 0.2495
v  0.3756 0.2211 0.2300
v  0.3747 0.2416 0.2246
v  0.3747 0.2464 0.2459
v  0.3760 0.1950 0.2370
v  0.3760 0.1988 0.2543
v  0.3762 0.1687 0.2595
v  0.3762 0.1379 0.2650
v  0.3762 0.1361 0.2527
v  0.3762 0.1658 0.2448
v  0.3762 0.1333 0.2408
v  0.3762 0.1617 0.2305
v  0.3762 0.1556 0.2168
v  0.3762 0.1278 0.2299
v  0.3747 0.2492 0.2675
v  0.3756 0.2281 0.2693
v  0.3747 0.2501 0.2893
v  0.3756 0.2289 0.2893
v  0.3760 0.2011 0.2717
v  0.3760 0.2020 0.2893
v  0.3756 0.2281 0.3093
v  0.3747 0.2492 0.3111
v  0.3747 0.2464 0.3327
v  0.3756 0.2255 0.3291
v  0.3760 0.2011 0.3069
v  0.3760 0.1988 0.3243
v  0.3762 0.1687 0.3191
v  0.3762 0.1379 0.3136
v  0.3762 0.1404 0.3014
v  0.3762 0.1711 0.3042
v  0.3762 0.1418 0.2893
v  0.3762 0.1721 0.2893
v  0.3762 0.1711 0.2744
v  0.3762 0.1404 0.2772
v  0.3747 0.2416 0.3540
v  0.3756 0.2211 0.3486
v  0.3747 0.2351 0.3749
v  0.3756 0.2151 0.3676
v  0.3760 0.1950 0.3416
v  0.3760 0.1898 0.3584
v  0.3756 0.2075 0.3861
v  0.3747 0.2267 0.3950
v  0.3747 0.2166 0.4144
v  0.3756 0.1983 0.4038
v  0.3760 0.1830 0.3746
v  0.3760 0.1748 0.3902
v  0.3762 0.1484 0.3750
v  0.3762 0.1213 0.3593
v  0.3762 0.1278 0.3487
v  0.3762 0.1556 0.3618
v  0.3762 0.1333 0.3378
v  0.3762 0.1617 0.3481
v  0.3762 0.1658 0.3338
v  0.3762 0.1361 0.3259
v  0.3747 0.2049 0.4328
v  0.3756 0.1875 0.4206
v  0.3747 0.1916 0.4501
v  0.3756 0.1754 0.4365
v  0.3760 0.1654 0.4051
v  0.3760 0.1547 0.4191
v  0.3756 0.1619 0.4512
v  0.3747 0.1769 0.4662
v  0.3747 0.1608 0.4809
v  0.3756 0.1472 0.4647
v  0.3760 0.1428 0.4321
v  0.3760 0.1297 0.4439
v  0.3762 0.1101 0.4206
v  0.3762 0.0900 0.3966
v  0.3762 0.0998 0.3889
v  0.3762 0.1215 0.4107
v  0.3762 0.1087 0.3805
v  0.3762 0.1318 0.3999
v  0.3762 0.1406 0.3878
v  0.3762 0.1154 0.3703
v  0.3747 0.1435 0.4942
v  0.3756 0.1313 0.4768
v  0.3747 0.1251 0.5059
v  0.3756 0.1145 0.4876
v  0.3760 0.1158 0.4547
v  0.3760 0.1010 0.4642
v  0.3756 0.0968 0.4968
v  0.3747 0.1057 0.5160
v  0.3747 0.0856 0.5244
v  0.3756 0.0783 0.5044
v  0.3760 0.0853 0.4723
v  0.3760 0.0690 0.4790
v  0.3762 0.0586 0.4503
v  0.3762 0.0479 0.4209
v  0.3762 0.0597 0.4170
v  0.3762 0.0726 0.4449
v  0.3762 0.0709 0.4121
v  0.3762 0.0860 0.4383
v  0.3762 0.0984 0.4300
v  0.3762 0.0807 0.4048
v  0.3747 0.0647 0.5309
v  0.3756 0.0593 0.5104
v  0.3747 0.0434 0.5356
v  0.3756 0.0398 0.5148
v  0.3760 0.0522 0.4843
v  0.3760 0.0351 0.4882
v  0.3756 0.0200 0.5174
v  0.3747 0.0218 0.5385
v  0.3747 0.0000 0.5395
v  0.3756 0.0000 0.5183
v  0.3760 0.0176 0.4904
v  0.3760 0.0000 0.4911
v  0.3762 0.0000 0.4606
v  0.3762 0.0000 0.4293
v  0.3762 0.0124 0.4297
v  0.3762 0.0150 0.4603
v  0.3762 0.0246 0.4290
v  0.3762 0.0299 0.4587
v  0.3762 0.0444 0.4552
v  0.3762 0.0363 0.4255
v  0.3747 -0.0218 0.5385
v  0.3756 -0.0200 0.5174
v  0.3747 -0.0434 0.5356
v  0.3756 -0.0398 0.5148
v  0.3760 -0.0176 0.4904
v  0.3760 -0.0351 0.4882
v  0.3756 -0.0593 0.5104
v  0.3747 -0.0647 0.5309
v  0.3747 -0.0856 0.5244
v  0.3756 -0.0783 0.5044
v  0.3760 -0.0522 0.4843
v  0.3760 -0.0690 0.4790
v  0.3762 -0.0586 0.4503
v  0.3762 -0.0479 0.4209
v  0.3762 -0.0363 0.4255
v  0.3762 -0.0444 0.4552
v  0.3762 -0.0246 0.4290
v  0.3762 -0.0299 0.4587
v  0.3762 -0.0150 0.4603
v  0.3762 -0.0124 0.4297
v  0.3747 -0.1057 0.5160
v  0.3756 -0.0968 0.4968
v  0.3747 -0.1251 0.5059
v  0.3756 -0.1145 0.4876
v  0.3760 -0.0853 0.4723
v  0.3760 -0.1010 0.4642
v  0.3756 -0.1313 0.4768
v  0.3747 -0.1435 0.4942
v  0.3747 -0.1608 0.4809
v  0.3756 -0.1472 0.4647
v  0.3760 -0.1158 0.4547
v  0.3760 -0.1297 0.4439
v  0.3762 -0.1101 0.4206
v  0.3762 -0.0900 0.3966
v  0.3762 -0.0807 0.4048
v  0.3762 -0.0984 0.4300
v  0.3762 -0.0709 0.4121
v  0.3762 -0.0860 0.4383
v  0.3762 -0.0726 0.4449
v  0.3762 -0.0597 0.4170
v  0.3747 -0.1769 0.4662
v  0.3756 -0.1619 0.4512
v  0.3747 -0.1916 0.4501
v  0.3756 -0.1754 0.4365
v  0.3760 -0.1428 0.4321
v  0.3760 -0.1547 0.4191
v  0.3756 -0.1875 0.4206
v  0.3747 -0.2049 0.4328
v  0.3747 -0.2166 0.4144
v  0.3756 -0.1983 0.4038
v  0.3760 -0.1654 0.4051
v  0.3760 -0.1748 0.3902
v  0.3762 -0.1484 0.3750
v  0.3762 -0.1213 0.3593
v  0.3762 -0.1154 0.3703
v  0.3762 -0.1406 0.3878
v  0.3762 -0.1087 0.3805
v  0.3762 -0.1318 0.3999
v  0.3762 -0.1215 0.4107
v  0.3762 -0.0998 0.3889
v  0.3747 -0.2267 0.3950
v  0.3756 -0.2075 0.3861
v  0.3747 -0.2351 0.3749
v  0.3756 -0.2151 0.3676
v  0.3760 -0.1830 0.3746
v  0.3760 -0.1898 0.3584
v  0.3756 -0.2255 0.3291
v  0.3756 -0.2211 0.3486
v  0.3747 -0.2416 0.3540
v  0.3747 -0.2464 0.3327
v  0.3760 -0.1950 0.3416
v  0.3760 -0.1988 0.3243
v  0.3762 -0.1687 0.3191
v  0.3762 -0.1379 0.3136
v  0.3762 -0.1361 0.3259
v  0.3762 -0.1658 0.3338
v  0.3762 -0.1333 0.3378
v  0.3762 -0.1617 0.3481
v  0.3762 -0.1556 0.3618
v  0.3762 -0.1278 0.3487
v  0.3747 -0.2492 0.3111
v  0.3756 -0.2281 0.3093
v  0.3747 -0.2501 0.2893
v  0.3756 -0.2289 0.2893
v  0.3760 -0.2011 0.3069
v  0.3760 -0.2020 0.2893
v  0.3756 -0.2281 0.2693
v  0.3747 -0.2492 0.2675
v  0.3747 -0.2464 0.2459
v  0.3756 -0.2255 0.2495
v  0.3760 -0.2011 0.2717
v  0.3760 -0.1988 0.2543
v  0.3762 -0.1687 0.2595
v  0.3762 -0.1379 0.2650
v  0.3762 -0.1404 0.2772
v  0.3762 -0.1711 0.2744
v  0.3762 -0.1418 0.2893
v  0.3762 -0.1721 0.2893
v  0.3762 -0.1711 0.3042
v  0.3762 -0.1404 0.3014
v  0.3747 -0.2416 0.2246
v  0.3756 -0.2211 0.2300
v  0.3747 -0.2351 0.2037
v  0.3756 -0.2151 0.2110
v  0.3760 -0.1950 0.2370
v  0.3760 -0.1898 0.2202
v  0.3756 -0.2075 0.1925
v  0.3747 -0.2267 0.1836
v  0.3747 -0.2166 0.1642
v  0.3756 -0.1983 0.1748
v  0.3760 -0.1830 0.2040
v  0.3760 -0.1748 0.1884
v  0.3762 -0.1484 0.2036
v  0.3762 -0.1213 0.2193
v  0.3762 -0.1278 0.2299
v  0.3762 -0.1556 0.2168
v  0.3762 -0.1333 0.2408
v  0.3762 -0.1617 0.2305
v  0.3762 -0.1658 0.2448
v  0.3762 -0.1361 0.2527
v  0.3747 -0.2049 0.1458
v  0.3756 -0.1875 0.1580
v  0.3747 -0.1916 0.1285
v  0.3756 -0.1754 0.1421
v  0.3760 -0.1654 0.1735
v  0.3760 -0.1547 0.1595
v  0.3756 -0.1619 0.1274
v  0.3747 -0.1769 0.1124
v  0.3747 -0.1608 0.0977
v  0.3756 -0.1472 0.1139
v  0.3760 -0.1428 0.1465
v  0.3760 -0.1297 0.1347
v  0.3762 -0.1101 0.1580
v  0.3762 -0.0900 0.1820
v  0.3762 -0.0998 0.1897
v  0.3762 -0.1215 0.1679
v  0.3762 -0.1087 0.1981
v  0.3762 -0.1318 0.1787
v  0.3762 -0.1406 0.1908
v  0.3762 -0.1154 0.2083
v  0.3747 -0.1435 0.0844
v  0.3756 -0.1313 0.1018
v  0.3747 -0.1251 0.0727
v  0.3756 -0.1145 0.0910
v  0.3760 -0.1158 0.1239
v  0.3760 -0.1010 0.1144
v  0.3756 -0.0968 0.0818
v  0.3747 -0.1057 0.0626
v  0.3747 -0.0856 0.0542
v  0.3756 -0.0783 0.0742
v  0.3760 -0.0853 0.1063
v  0.3760 -0.0690 0.0996
v  0.3762 -0.0586 0.1283
v  0.3762 -0.0479 0.1577
v  0.3762 -0.0597 0.1616
v  0.3762 -0.0726 0.1337
v  0.3762 -0.0709 0.1665
v  0.3762 -0.0860 0.1403
v  0.3762 -0.0984 0.1486
v  0.3762 -0.0807 0.1738
v  0.3747 -0.0647 0.0477
v  0.3756 -0.0593 0.0682
v  0.3747 -0.0434 0.0430
v  0.3756 -0.0398 0.0638
v  0.3760 -0.0522 0.0943
v  0.3760 -0.0351 0.0904
v  0.3756 -0.0200 0.0612
v  0.3747 -0.0218 0.0401
v  0.3760 -0.0176 0.0882
v  0.3762 -0.0124 0.1489
v  0.3762 -0.0150 0.1183
v  0.3762 -0.0246 0.1496
v  0.3762 -0.0299 0.1199
v  0.3762 -0.0444 0.1234
v  0.3762 -0.0363 0.1531
v  0.3762 0.0101 0.1775
v  0.3762 0.0000 0.1788
v  0.3762 0.0198 0.1769
v  0.3762 0.0091 0.2040
v  0.3762 0.0000 0.2082
v  0.3762 0.0165 0.1956
v  0.3762 0.0288 0.1807
v  0.3762 0.0378 0.1855
v  0.3762 0.0206 0.2060
v  0.3762 0.0277 0.2131
v  0.3762 0.0172 0.2421
v  0.3762 0.0000 0.2893
v  0.3762 0.0000 0.2391
v  0.3762 0.0107 0.2285
v  0.3762 0.0477 0.1877
v  0.3762 0.0571 0.1905
v  0.3762 0.0378 0.2122
v  0.3762 0.0475 0.2069
v  0.3762 0.0642 0.1971
v  0.3762 0.0710 0.2047
v  0.3762 0.0478 0.2181
v  0.3762 0.0521 0.2272
v  0.3762 0.0323 0.2508
v  0.3762 0.0309 0.2358
v  0.3762 0.0796 0.2101
v  0.3762 0.0874 0.2160
v  0.3762 0.0619 0.2298
v  0.3762 0.0729 0.2282
v  0.3762 0.0918 0.2246
v  0.3762 0.0957 0.2341
v  0.3762 0.0693 0.2387
v  0.3762 0.0702 0.2488
v  0.3762 0.0435 0.2642
v  0.3762 0.0473 0.2496
v  0.3762 0.1019 0.2421
v  0.3762 0.1072 0.2503
v  0.3762 0.0785 0.2546
v  0.3762 0.0894 0.2568
v  0.3762 0.1084 0.2599
v  0.3762 0.1088 0.2701
v  0.3762 0.0824 0.2655
v  0.3762 0.0798 0.2752
v  0.3762 0.0495 0.2806
v  0.3762 0.0580 0.2682
v  0.3762 0.1119 0.2798
v  0.3762 0.1141 0.2893
v  0.3762 0.0856 0.2835
v  0.3762 0.0951 0.2893
v  0.3762 0.1119 0.2988
v  0.3762 0.1088 0.3085
v  0.3762 0.0856 0.2951
v  0.3762 0.0798 0.3034
v  0.3762 0.0495 0.2980
v  0.3762 0.0617 0.2893
v  0.3762 0.1084 0.3187
v  0.3762 0.1072 0.3283
v  0.3762 0.0824 0.3131
v  0.3762 0.0894 0.3218
v  0.3762 0.1019 0.3365
v  0.3762 0.0957 0.3445
v  0.3762 0.0785 0.3240
v  0.3762 0.0702 0.3298
v  0.3762 0.0435 0.3144
v  0.3762 0.0580 0.3104
v  0.3762 0.0918 0.3540
v  0.3762 0.0874 0.3626
v  0.3762 0.0693 0.3399
v  0.3762 0.0729 0.3504
v  0.3762 0.0796 0.3685
v  0.3762 0.0710 0.3739
v  0.3762 0.0619 0.3488
v  0.3762 0.0521 0.3514
v  0.3762 0.0323 0.3278
v  0.3762 0.0473 0.3290
v  0.3762 0.0642 0.3815
v  0.3762 0.0571 0.3881
v  0.3762 0.0478 0.3605
v  0.3762 0.0475 0.3717
v  0.3762 0.0477 0.3909
v  0.3762 0.0378 0.3931
v  0.3762 0.0378 0.3664
v  0.3762 0.0277 0.3655
v  0.3762 0.0172 0.3365
v  0.3762 0.0309 0.3428
v  0.3762 0.0288 0.3979
v  0.3762 0.0198 0.4017
v  0.3762 0.0206 0.3726
v  0.3762 0.0165 0.3830
v  0.3762 0.0101 0.4011
v  0.3762 0.0000 0.3998
v  0.3762 0.0091 0.3746
v  0.3762 0.0000 0.3704
v  0.3762 0.0000 0.3395
v  0.3762 0.0107 0.3501
v  0.3762 -0.0101 0.4011
v  0.3762 -0.0198 0.4017
v  0.3762 -0.0091 0.3746
v  0.3762 -0.0165 0.3830
v  0.3762 -0.0288 0.3979
v  0.3762 -0.0378 0.3931
v  0.3762 -0.0206 0.3726
v  0.3762 -0.0277 0.3655
v  0.3762 -0.0172 0.3365
v  0.3762 -0.0107 0.3501
v  0.3762 -0.0477 0.3909
v  0.3762 -0.0571 0.3881
v  0.3762 -0.0378 0.3664
v  0.3762 -0.0475 0.3717
v  0.3762 -0.0642 0.3815
v  0.3762 -0.0710 0.3739
v  0.3762 -0.0478 0.3605
v  0.3762 -0.0521 0.3514
v  0.3762 -0.0323 0.3278
v  0.3762 -0.0309 0.3428
v  0.3762 -0.0796 0.3685
v  0.3762 -0.0874 0.3626
v  0.3762 -0.0619 0.3488
v  0.3762 -0.0729 0.3504
v  0.3762 -0.0918 0.3540
v  0.3762 -0.0957 0.3445
v  0.3762 -0.0693 0.3399
v  0.3762 -0.0702 0.3298
v  0.3762 -0.0435 0.3144
v  0.3762 -0.0473 0.3290
v  0.3762 -0.1019 0.3365
v  0.3762 -0.1072 0.3283
v  0.3762 -0.0785 0.3240
v  0.3762 -0.0894 0.3218
v  0.3762 -0.1084 0.3187
v  0.3762 -0.1088 0.3085
v  0.3762 -0.0824 0.3131
v  0.3762 -0.0798 0.3034
v  0.3762 -0.0495 0.2980
v  0.3762 -0.0580 0.3104
v  0.3762 -0.1119 0.2988
v  0.3762 -0.1141 0.2893
v  0.3762 -0.0856 0.2951
v  0.3762 -0.0951 0.2893
v  0.3762 -0.1119 0.2798
v  0.3762 -0.1088 0.2701
v  0.3762 -0.0856 0.2835
v  0.3762 -0.0798 0.2752
v  0.3762 -0.0495 0.2806
v  0.3762 -0.0617 0.2893
v  0.3762 -0.1084 0.2599
v  0.3762 -0.1072 0.2503
v  0.3762 -0.0824 0.2655
v  0.3762 -0.0894 0.2568
v  0.3762 -0.1019 0.2421
v  0.3762 -0.0957 0.2341
v  0.3762 -0.0785 0.2546
v  0.3762 -0.0702 0.2488
v  0.3762 -0.0435 0.2642
v  0.3762 -0.0580 0.2682
v  0.3762 -0.0918 0.2246
v  0.3762 -0.0874 0.2160
v  0.3762 -0.0693 0.2387
v  0.3762 -0.0729 0.2282
v  0.3762 -0.0796 0.2101
v  0.3762 -0.0710 0.2047
v  0.3762 -0.0619 0.2298
v  0.3762 -0.0521 0.2272
v  0.3762 -0.0323 0.2508
v  0.3762 -0.0473 0.2496
v  0.3762 -0.0642 0.1971
v  0.3762 -0.0571 0.1905
v  0.3762 -0.0478 0.2181
v  0.3762 -0.0475 0.2069
v  0.3762 -0.0477 0.1877
v  0.3762 -0.0378 0.1855
v  0.3762 -0.0378 0.2122
v  0.3762 -0.0277 0.2131
v  0.3762 -0.0172 0.2421
v  0.3762 -0.0309 0.2358
v  0.3762 -0.0288 0.1807
v  0.3762 -0.0198 0.1769
v  0.3762 -0.0206 0.2060
v  0.3762 -0.0165 0.1956
v  0.3762 -0.0101 0.1775
v  0.3762 -0.0091 0.2040
v  0.3762 -0.0107 0.2285
v  0.2128 0.0687 0.0330
v  0.2128 0.0908 0.0399
v  0.2145 0.0887 0.0456
v  0.2145 0.0671 0.0388
v  0.2158 0.0863 0.0523
v  0.2158 0.0653 0.0457
v  0.2128 0.0461 0.0280
v  0.2145 0.0450 0.0339
v  0.2158 0.0438 0.0410
v  0.2171 0.0634 0.0527
v  0.2171 0.0838 0.0591
v  0.2189 0.0817 0.0647
v  0.2189 0.0619 0.0584
v  0.2171 0.0425 0.0480
v  0.2189 0.0415 0.0539
v  0.2189 0.0208 0.0512
v  0.2189 0.0000 0.0503
v  0.2171 0.0000 0.0443
v  0.2171 0.0214 0.0452
v  0.2158 0.0000 0.0371
v  0.2158 0.0220 0.0381
v  0.2145 0.0226 0.0309
v  0.2145 0.0000 0.0299
v  0.2128 0.0000 0.0239
v  0.2128 0.0231 0.0250
v  0.2128 0.1522 0.0719
v  0.2128 0.1706 0.0860
v  0.2145 0.1667 0.0906
v  0.2145 0.1488 0.0768
v  0.2158 0.1621 0.0961
v  0.2158 0.1446 0.0827
v  0.2128 0.1327 0.0595
v  0.2145 0.1297 0.0647
v  0.2158 0.1261 0.0709
v  0.2171 0.1405 0.0886
v  0.2171 0.1575 0.1016
v  0.2189 0.1536 0.1062
v  0.2189 0.1371 0.0935
v  0.2171 0.1225 0.0771
v  0.2189 0.1195 0.0823
v  0.2189 0.1010 0.0727
v  0.2171 0.1035 0.0673
v  0.2158 0.1066 0.0607
v  0.2145 0.1096 0.0542
v  0.2128 0.1121 0.0488
v  0.2128 0.2174 0.1371
v  0.2128 0.2298 0.1566
v  0.2145 0.2246 0.1596
v  0.2145 0.2125 0.1405
v  0.2158 0.2184 0.1632
v  0.2158 0.2066 0.1447
v  0.2128 0.2033 0.1187
v  0.2145 0.1987 0.1226
v  0.2158 0.1932 0.1272
v  0.2171 0.2007 0.1488
v  0.2171 0.2122 0.1668
v  0.2189 0.2070 0.1698
v  0.2189 0.1958 0.1522
v  0.2171 0.1877 0.1318
v  0.2189 0.1831 0.1357
v  0.2189 0.1690 0.1203
v  0.2171 0.1732 0.1161
v  0.2158 0.1783 0.1110
v  0.2145 0.1834 0.1059
v  0.2128 0.1876 0.1017
v  0.2128 0.2563 0.2206
v  0.2128 0.2613 0.2432
v  0.2145 0.2554 0.2443
v  0.2145 0.2505 0.2222
v  0.2158 0.2484 0.2455
v  0.2158 0.2436 0.2240
v  0.2128 0.2493 0.1985
v  0.2145 0.2437 0.2006
v  0.2158 0.2370 0.2031
v  0.2171 0.2366 0.2259
v  0.2171 0.2413 0.2468
v  0.2189 0.2354 0.2478
v  0.2189 0.2309 0.2274
v  0.2171 0.2302 0.2055
v  0.2189 0.2246 0.2076
v  0.2189 0.2166 0.1883
v  0.2171 0.2220 0.1858
v  0.2158 0.2286 0.1827
v  0.2145 0.2351 0.1797
v  0.2128 0.2405 0.1772
v  0.2128 0.2643 0.3124
v  0.2128 0.2613 0.3354
v  0.2145 0.2554 0.3343
v  0.2145 0.2584 0.3119
v  0.2158 0.2484 0.3331
v  0.2158 0.2512 0.3113
v  0.2128 0.2654 0.2893
v  0.2145 0.2594 0.2893
v  0.2158 0.2522 0.2893
v  0.2171 0.2441 0.3107
v  0.2171 0.2413 0.3318
v  0.2189 0.2354 0.3308
v  0.2189 0.2381 0.3101
v  0.2171 0.2450 0.2893
v  0.2189 0.2390 0.2893
v  0.2189 0.2381 0.2685
v  0.2171 0.2441 0.2679
v  0.2158 0.2512 0.2673
v  0.2145 0.2584 0.2667
v  0.2128 0.2643 0.2662
v  0.2128 0.2405 0.4014
v  0.2128 0.2298 0.4220
v  0.2145 0.2246 0.4190
v  0.2145 0.2351 0.3989
v  0.2158 0.2184 0.4154
v  0.2158 0.2286 0.3959
v  0.2128 0.2493 0.3801
v  0.2145 0.2437 0.3780
v  0.2158 0.2370 0.3755
v  0.2171 0.2220 0.3928
v  0.2171 0.2122 0.4118
v  0.2189 0.2070 0.4088
v  0.2189 0.2166 0.3903
v  0.2171 0.2302 0.3731
v  0.2189 0.2246 0.3710
v  0.2189 0.2309 0.3512
v  0.2171 0.2366 0.3527
v  0.2158 0.2436 0.3546
v  0.2145 0.2505 0.3564
v  0.2128 0.2563 0.3580
v  0.2128 0.1876 0.4769
v  0.2128 0.1706 0.4926
v  0.2145 0.1667 0.4880
v  0.2145 0.1834 0.4727
v  0.2158 0.1621 0.4825
v  0.2158 0.1783 0.4676
v  0.2128 0.2033 0.4599
v  0.2145 0.1987 0.4560
v  0.2158 0.1932 0.4514
v  0.2171 0.1732 0.4625
v  0.2171 0.1575 0.4770
v  0.2189 0.1536 0.4724
v  0.2189 0.1690 0.4583
v  0.2171 0.1877 0.4468
v  0.2189 0.1831 0.4429
v  0.2189 0.1958 0.4264
v  0.2171 0.2007 0.4298
v  0.2158 0.2066 0.4339
v  0.2145 0.2125 0.4381
v  0.2128 0.2174 0.4415
v  0.2128 0.1121 0.5298
v  0.2128 0.0908 0.5387
v  0.2145 0.0887 0.5330
v  0.2145 0.1096 0.5244
v  0.2158 0.0863 0.5263
v  0.2158 0.1066 0.5179
v  0.2128 0.1327 0.5191
v  0.2145 0.1297 0.5139
v  0.2158 0.1261 0.5077
v  0.2171 0.1035 0.5113
v  0.2171 0.0838 0.5195
v  0.2189 0.0817 0.5139
v  0.2189 0.1010 0.5059
v  0.2171 0.1225 0.5015
v  0.2189 0.1195 0.4963
v  0.2189 0.1371 0.4851
v  0.2171 0.1405 0.4900
v  0.2158 0.1446 0.4959
v  0.2145 0.1488 0.5018
v  0.2128 0.1522 0.5067
v  0.2128 0.0231 0.5536
v  0.2128 0.0000 0.5547
v  0.2145 0.0000 0.5487
v  0.2145 0.0226 0.5477
v  0.2158 0.0000 0.5415
v  0.2158 0.0220 0.5405
v  0.2128 0.0461 0.5506
v  0.2145 0.0450 0.5447
v  0.2158 0.0438 0.5376
v  0.2171 0.0214 0.5334
v  0.2171 0.0000 0.5343
v  0.2189 0.0000 0.5283
v  0.2189 0.0208 0.5274
v  0.2171 0.0425 0.5306
v  0.2189 0.0415 0.5247
v  0.2189 0.0619 0.5202
v  0.2171 0.0634 0.5259
v  0.2158 0.0653 0.5329
v  0.2145 0.0671 0.5398
v  0.2128 0.0687 0.5456
v  0.2128 -0.0687 0.5456
v  0.2128 -0.0908 0.5387
v  0.2145 -0.0887 0.5330
v  0.2145 -0.0671 0.5398
v  0.2158 -0.0863 0.5263
v  0.2158 -0.0653 0.5329
v  0.2128 -0.0461 0.5506
v  0.2145 -0.0450 0.5447
v  0.2158 -0.0438 0.5376
v  0.2171 -0.0634 0.5259
v  0.2171 -0.0838 0.5195
v  0.2189 -0.0817 0.5139
v  0.2189 -0.0619 0.5202
v  0.2171 -0.0425 0.5306
v  0.2189 -0.0415 0.5247
v  0.2189 -0.0208 0.5274
v  0.2171 -0.0214 0.5334
v  0.2158 -0.0220 0.5405
v  0.2145 -0.0226 0.5477
v  0.2128 -0.0231 0.5536
v  0.2128 -0.1522 0.5067
v  0.2128 -0.1706 0.4926
v  0.2145 -0.1667 0.4880
v  0.2145 -0.1488 0.5018
v  0.2158 -0.1621 0.4825
v  0.2158 -0.1446 0.4959
v  0.2128 -0.1327 0.5191
v  0.2145 -0.1297 0.5139
v  0.2158 -0.1261 0.5077
v  0.2171 -0.1405 0.4900
v  0.2171 -0.1575 0.4770
v  0.2189 -0.1536 0.4724
v  0.2189 -0.1371 0.4851
v  0.2171 -0.1225 0.5015
v  0.2189 -0.1195 0.4963
v  0.2189 -0.1010 0.5059
v  0.2171 -0.1035 0.5113
v  0.2158 -0.1066 0.5179
v  0.2145 -0.1096 0.5244
v  0.2128 -0.1121 0.5298
v  0.2128 -0.2174 0.4415
v  0.2128 -0.2298 0.4220
v  0.2145 -0.2246 0.4190
v  0.2145 -0.2125 0.4381
v  0.2158 -0.2184 0.4154
v  0.2158 -0.2066 0.4339
v  0.2128 -0.2033 0.4599
v  0.2145 -0.1987 0.4560
v  0.2158 -0.1932 0.4514
v  0.2171 -0.2007 0.4298
v  0.2171 -0.2122 0.4118
v  0.2189 -0.2070 0.4088
v  0.2189 -0.1958 0.4264
v  0.2171 -0.1877 0.4468
v  0.2189 -0.1831 0.4429
v  0.2189 -0.1690 0.4583
v  0.2171 -0.1732 0.4625
v  0.2158 -0.1783 0.4676
v  0.2145 -0.1834 0.4727
v  0.2128 -0.1876 0.4769
v  0.2128 -0.2563 0.3580
v  0.2128 -0.2613 0.3354
v  0.2145 -0.2554 0.3343
v  0.2145 -0.2505 0.3564
v  0.2158 -0.2484 0.3331
v  0.2158 -0.2436 0.3546
v  0.2128 -0.2493 0.3801
v  0.2145 -0.2437 0.3780
v  0.2158 -0.2370 0.3755
v  0.2171 -0.2366 0.3527
v  0.2171 -0.2413 0.3318
v  0.2189 -0.2354 0.3308
v  0.2189 -0.2309 0.3512
v  0.2171 -0.2302 0.3731
v  0.2189 -0.2246 0.3710
v  0.2189 -0.2166 0.3903
v  0.2171 -0.2220 0.3928
v  0.2158 -0.2286 0.3959
v  0.2145 -0.2351 0.3989
v  0.2128 -0.2405 0.4014
v  0.2128 -0.2643 0.2662
v  0.2128 -0.2613 0.2432
v  0.2145 -0.2554 0.2443
v  0.2145 -0.2584 0.2667
v  0.2158 -0.2484 0.2455
v  0.2158 -0.2512 0.2673
v  0.2128 -0.2654 0.2893
v  0.2145 -0.2594 0.2893
v  0.2158 -0.2522 0.2893
v  0.2171 -0.2441 0.2679
v  0.2171 -0.2413 0.2468
v  0.2189 -0.2354 0.2478
v  0.2189 -0.2381 0.2685
v  0.2171 -0.2450 0.2893
v  0.2189 -0.2390 0.2893
v  0.2189 -0.2381 0.3101
v  0.2171 -0.2441 0.3107
v  0.2158 -0.2512 0.3113
v  0.2145 -0.2584 0.3119
v  0.2128 -0.2643 0.3124
v  0.2128 -0.2405 0.1772
v  0.2128 -0.2298 0.1566
v  0.2145 -0.2246 0.1596
v  0.2145 -0.2351 0.1797
v  0.2158 -0.2184 0.1632
v  0.2158 -0.2286 0.1827
v  0.2128 -0.2493 0.1985
v  0.2145 -0.2437 0.2006
v  0.2158 -0.2370 0.2031
v  0.2171 -0.2220 0.1858
v  0.2171 -0.2122 0.1668
v  0.2189 -0.2070 0.1698
v  0.2189 -0.2166 0.1883
v  0.2171 -0.2302 0.2055
v  0.2189 -0.2246 0.2076
v  0.2189 -0.2309 0.2274
v  0.2171 -0.2366 0.2259
v  0.2158 -0.2436 0.2240
v  0.2145 -0.2505 0.2222
v  0.2128 -0.2563 0.2206
v  0.2128 -0.1876 0.1017
v  0.2128 -0.1706 0.0860
v  0.2145 -0.1667 0.0906
v  0.2145 -0.1834 0.1059
v  0.2158 -0.1621 0.0961
v  0.2158 -0.1783 0.1110
v  0.2128 -0.2033 0.1187
v  0.2145 -0.1987 0.1226
v  0.2158 -0.1932 0.1272
v  0.2171 -0.1732 0.1161
v  0.2171 -0.1575 0.1016
v  0.2189 -0.1536 0.1062
v  0.2189 -0.1690 0.1203
v  0.2171 -0.1877 0.1318
v  0.2189 -0.1831 0.1357
v  0.2189 -0.1958 0.1522
v  0.2171 -0.2007 0.1488
v  0.2158 -0.2066 0.1447
v  0.2145 -0.2125 0.1405
v  0.2128 -0.2174 0.1371
v  0.2128 -0.1121 0.0488
v  0.2128 -0.0908 0.0399
v  0.2145 -0.0887 0.0456
v  0.2145 -0.1096 0.0542
v  0.2158 -0.0863 0.0523
v  0.2158 -0.1066 0.0607
v  0.2128 -0.1327 0.0595
v  0.2145 -0.1297 0.0647
v  0.2158 -0.1261 0.0709
v  0.2171 -0.1035 0.0673
v  0.2171 -0.0838 0.0591
v  0.2189 -0.0817 0.0647
v  0.2189 -0.1010 0.0727
v  0.2171 -0.1225 0.0771
v  0.2189 -0.1195 0.0823
v  0.2189 -0.1371 0.0935
v  0.2171 -0.1405 0.0886
v  0.2158 -0.1446 0.0827
v  0.2145 -0.1488 0.0768
v  0.2128 -0.1522 0.0719
v  0.2128 -0.0231 0.0250
v  0.2145 -0.0226 0.0309
v  0.2158 -0.0220 0.0381
v  0.2128 -0.0461 0.0280
v  0.2145 -0.0450 0.0339
v  0.2158 -0.0438 0.0410
v  0.2171 -0.0214 0.0452
v  0.2189 -0.0208 0.0512
v  0.2171 -0.0425 0.0480
v  0.2189 -0.0415 0.0539
v  0.2189 -0.0619 0.0584
v  0.2171 -0.0634 0.0527
v  0.2158 -0.0653 0.0457
v  0.2145 -0.0671 0.0388
v  0.2128 -0.0687 0.0330
v  0.2526 0.0619 0.0584
v  0.2526 0.0817 0.0647
v  0.2546 0.0838 0.0591
v  0.2546 0.0634 0.0527
v  0.2556 0.0863 0.0523
v  0.2556 0.0653 0.0457
v  0.2526 0.0415 0.0539
v  0.2546 0.0425 0.0480
v  0.2556 0.0438 0.0410
v  0.2563 0.0671 0.0388
v  0.2563 0.0887 0.0456
v  0.2574 0.0908 0.0399
v  0.2574 0.0687 0.0330
v  0.2563 0.0450 0.0339
v  0.2574 0.0461 0.0280
v  0.2574 0.0231 0.0250
v  0.2574 0.0000 0.0239
v  0.2563 0.0000 0.0299
v  0.2563 0.0226 0.0309
v  0.2556 0.0000 0.0371
v  0.2556 0.0220 0.0381
v  0.2546 0.0214 0.0452
v  0.2546 0.0000 0.0443
v  0.2526 0.0000 0.0503
v  0.2526 0.0208 0.0512
v  0.2526 0.1371 0.0935
v  0.2526 0.1536 0.1062
v  0.2546 0.1575 0.1016
v  0.2546 0.1405 0.0886
v  0.2556 0.1621 0.0961
v  0.2556 0.1446 0.0827
v  0.2526 0.1195 0.0823
v  0.2546 0.1225 0.0771
v  0.2556 0.1261 0.0709
v  0.2563 0.1488 0.0768
v  0.2563 0.1667 0.0906
v  0.2574 0.1706 0.0860
v  0.2574 0.1522 0.0719
v  0.2563 0.1297 0.0647
v  0.2574 0.1327 0.0595
v  0.2574 0.1121 0.0488
v  0.2563 0.1096 0.0542
v  0.2556 0.1066 0.0607
v  0.2546 0.1035 0.0673
v  0.2526 0.1010 0.0727
v  0.2526 0.1958 0.1522
v  0.2526 0.2070 0.1698
v  0.2546 0.2122 0.1668
v  0.2546 0.2007 0.1488
v  0.2556 0.2184 0.1632
v  0.2556 0.2066 0.1447
v  0.2526 0.1831 0.1357
v  0.2546 0.1877 0.1318
v  0.2556 0.1932 0.1272
v  0.2563 0.2125 0.1405
v  0.2563 0.2246 0.1596
v  0.2574 0.2298 0.1566
v  0.2574 0.2174 0.1371
v  0.2563 0.1987 0.1226
v  0.2574 0.2033 0.1187
v  0.2574 0.1876 0.1017
v  0.2563 0.1834 0.1059
v  0.2556 0.1783 0.1110
v  0.2546 0.1732 0.1161
v  0.2526 0.1690 0.1203
v  0.2526 0.2309 0.2274
v  0.2526 0.2354 0.2478
v  0.2546 0.2413 0.2468
v  0.2546 0.2366 0.2259
v  0.2556 0.2484 0.2455
v  0.2556 0.2436 0.2240
v  0.2526 0.2246 0.2076
v  0.2546 0.2302 0.2055
v  0.2556 0.2370 0.2031
v  0.2563 0.2505 0.2222
v  0.2563 0.2554 0.2443
v  0.2574 0.2613 0.2432
v  0.2574 0.2563 0.2206
v  0.2563 0.2437 0.2006
v  0.2574 0.2493 0.1985
v  0.2574 0.2405 0.1772
v  0.2563 0.2351 0.1797
v  0.2556 0.2286 0.1827
v  0.2546 0.2220 0.1858
v  0.2526 0.2166 0.1883
v  0.2526 0.2381 0.3101
v  0.2526 0.2354 0.3308
v  0.2546 0.2413 0.3318
v  0.2546 0.2441 0.3107
v  0.2556 0.2484 0.3331
v  0.2556 0.2512 0.3113
v  0.2526 0.2390 0.2893
v  0.2546 0.2450 0.2893
v  0.2556 0.2522 0.2893
v  0.2563 0.2584 0.3119
v  0.2563 0.2554 0.3343
v  0.2574 0.2613 0.3354
v  0.2574 0.2643 0.3124
v  0.2563 0.2594 0.2893
v  0.2574 0.2654 0.2893
v  0.2574 0.2643 0.2662
v  0.2563 0.2584 0.2667
v  0.2556 0.2512 0.2673
v  0.2546 0.2441 0.2679
v  0.2526 0.2381 0.2685
v  0.2526 0.2166 0.3903
v  0.2526 0.2070 0.4088
v  0.2546 0.2122 0.4118
v  0.2546 0.2220 0.3928
v  0.2556 0.2184 0.4154
v  0.2556 0.2286 0.3959
v  0.2526 0.2246 0.3710
v  0.2546 0.2302 0.3731
v  0.2556 0.2370 0.3755
v  0.2563 0.2351 0.3989
v  0.2563 0.2246 0.4190
v  0.2574 0.2298 0.4220
v  0.2574 0.2405 0.4014
v  0.2563 0.2437 0.3780
v  0.2574 0.2493 0.3801
v  0.2574 0.2563 0.3580
v  0.2563 0.2505 0.3564
v  0.2556 0.2436 0.3546
v  0.2546 0.2366 0.3527
v  0.2526 0.2309 0.3512
v  0.2526 0.1690 0.4583
v  0.2526 0.1536 0.4724
v  0.2546 0.1575 0.4770
v  0.2546 0.1732 0.4625
v  0.2556 0.1621 0.4825
v  0.2556 0.1783 0.4676
v  0.2526 0.1831 0.4429
v  0.2546 0.1877 0.4468
v  0.2556 0.1932 0.4514
v  0.2563 0.1834 0.4727
v  0.2563 0.1667 0.4880
v  0.2574 0.1706 0.4926
v  0.2574 0.1876 0.4769
v  0.2563 0.1987 0.4560
v  0.2574 0.2033 0.4599
v  0.2574 0.2174 0.4415
v  0.2563 0.2125 0.4381
v  0.2556 0.2066 0.4339
v  0.2546 0.2007 0.4298
v  0.2526 0.1958 0.4264
v  0.2526 0.1010 0.5059
v  0.2526 0.0817 0.5139
v  0.2546 0.0838 0.5195
v  0.2546 0.1035 0.5113
v  0.2556 0.0863 0.5263
v  0.2556 0.1066 0.5179
v  0.2526 0.1195 0.4963
v  0.2546 0.1225 0.5015
v  0.2556 0.1261 0.5077
v  0.2563 0.1096 0.5244
v  0.2563 0.0887 0.5330
v  0.2574 0.0908 0.5387
v  0.2574 0.1121 0.5298
v  0.2563 0.1297 0.5139
v  0.2574 0.1327 0.5191
v  0.2574 0.1522 0.5067
v  0.2563 0.1488 0.5018
v  0.2556 0.1446 0.4959
v  0.2546 0.1405 0.4900
v  0.2526 0.1371 0.4851
v  0.2526 0.0208 0.5274
v  0.2526 0.0000 0.5283
v  0.2546 0.0000 0.5343
v  0.2546 0.0214 0.5334
v  0.2556 0.0000 0.5415
v  0.2556 0.0220 0.5405
v  0.2526 0.0415 0.5247
v  0.2546 0.0425 0.5306
v  0.2556 0.0438 0.5376
v  0.2563 0.0226 0.5477
v  0.2563 0.0000 0.5487
v  0.2574 0.0000 0.5547
v  0.2574 0.0231 0.5536
v  0.2563 0.0450 0.5447
v  0.2574 0.0461 0.5506
v  0.2574 0.0687 0.5456
v  0.2563 0.0671 0.5398
v  0.2556 0.0653 0.5329
v  0.2546 0.0634 0.5259
v  0.2526 0.0619 0.5202
v  0.2526 -0.0619 0.5202
v  0.2526 -0.0817 0.5139
v  0.2546 -0.0838 0.5195
v  0.2546 -0.0634 0.5259
v  0.2556 -0.0863 0.5263
v  0.2556 -0.0653 0.5329
v  0.2526 -0.0415 0.5247
v  0.2546 -0.0425 0.5306
v  0.2556 -0.0438 0.5376
v  0.2563 -0.0671 0.5398
v  0.2563 -0.0887 0.5330
v  0.2574 -0.0908 0.5387
v  0.2574 -0.0687 0.5456
v  0.2563 -0.0450 0.5447
v  0.2574 -0.0461 0.5506
v  0.2574 -0.0231 0.5536
v  0.2563 -0.0226 0.5477
v  0.2556 -0.0220 0.5405
v  0.2546 -0.0214 0.5334
v  0.2526 -0.0208 0.5274
v  0.2526 -0.1371 0.4851
v  0.2526 -0.1536 0.4724
v  0.2546 -0.1575 0.4770
v  0.2546 -0.1405 0.4900
v  0.2556 -0.1621 0.4825
v  0.2556 -0.1446 0.4959
v  0.2526 -0.1195 0.4963
v  0.2546 -0.1225 0.5015
v  0.2556 -0.1261 0.5077
v  0.2563 -0.1488 0.5018
v  0.2563 -0.1667 0.4880
v  0.2574 -0.1706 0.4926
v  0.2574 -0.1522 0.5067
v  0.2563 -0.1297 0.5139
v  0.2574 -0.1327 0.5191
v  0.2574 -0.1121 0.5298
v  0.2563 -0.1096 0.5244
v  0.2556 -0.1066 0.5179
v  0.2546 -0.1035 0.5113
v  0.2526 -0.1010 0.5059
v  0.2526 -0.1958 0.4264
v  0.2526 -0.2070 0.4088
v  0.2546 -0.2122 0.4118
v  0.2546 -0.2007 0.4298
v  0.2556 -0.2184 0.4154
v  0.2556 -0.2066 0.4339
v  0.2526 -0.1831 0.4429
v  0.2546 -0.1877 0.4468
v  0.2556 -0.1932 0.4514
v  0.2563 -0.2125 0.4381
v  0.2563 -0.2246 0.4190
v  0.2574 -0.2298 0.4220
v  0.2574 -0.2174 0.4415
v  0.2563 -0.1987 0.4560
v  0.2574 -0.2033 0.4599
v  0.2574 -0.1876 0.4769
v  0.2563 -0.1834 0.4727
v  0.2556 -0.1783 0.4676
v  0.2546 -0.1732 0.4625
v  0.2526 -0.1690 0.4583
v  0.2526 -0.2309 0.3512
v  0.2526 -0.2354 0.3308
v  0.2546 -0.2413 0.3318
v  0.2546 -0.2366 0.3527
v  0.2556 -0.2484 0.3331
v  0.2556 -0.2436 0.3546
v  0.2526 -0.2246 0.3710
v  0.2546 -0.2302 0.3731
v  0.2556 -0.2370 0.3755
v  0.2563 -0.2505 0.3564
v  0.2563 -0.2554 0.3343
v  0.2574 -0.2613 0.3354
v  0.2574 -0.2563 0.3580
v  0.2563 -0.2437 0.3780
v  0.2574 -0.2493 0.3801
v  0.2574 -0.2405 0.4014
v  0.2563 -0.2351 0.3989
v  0.2556 -0.2286 0.3959
v  0.2546 -0.2220 0.3928
v  0.2526 -0.2166 0.3903
v  0.2526 -0.2381 0.2685
v  0.2526 -0.2354 0.2478
v  0.2546 -0.2413 0.2468
v  0.2546 -0.2441 0.2679
v  0.2556 -0.2484 0.2455
v  0.2556 -0.2512 0.2673
v  0.2526 -0.2390 0.2893
v  0.2546 -0.2450 0.2893
v  0.2556 -0.2522 0.2893
v  0.2563 -0.2584 0.2667
v  0.2563 -0.2554 0.2443
v  0.2574 -0.2613 0.2432
v  0.2574 -0.2643 0.2662
v  0.2563 -0.2594 0.2893
v  0.2574 -0.2654 0.2893
v  0.2574 -0.2643 0.3124
v  0.2563 -0.2584 0.3119
v  0.2556 -0.2512 0.3113
v  0.2546 -0.2441 0.3107
v  0.2526 -0.2381 0.3101
v  0.2526 -0.2166 0.1883
v  0.2526 -0.2070 0.1698
v  0.2546 -0.2122 0.1668
v  0.2546 -0.2220 0.1858
v  0.2556 -0.2184 0.1632
v  0.2556 -0.2286 0.1827
v  0.2526 -0.2246 0.2076
v  0.2546 -0.2302 0.2055
v  0.2556 -0.2370 0.2031
v  0.2563 -0.2351 0.1797
v  0.2563 -0.2246 0.1596
v  0.2574 -0.2298 0.1566
v  0.2574 -0.2405 0.1772
v  0.2563 -0.2437 0.2006
v  0.2574 -0.2493 0.1985
v  0.2574 -0.2563 0.2206
v  0.2563 -0.2505 0.2222
v  0.2556 -0.2436 0.2240
v  0.2546 -0.2366 0.2259
v  0.2526 -0.2309 0.2274
v  0.2526 -0.1690 0.1203
v  0.2526 -0.1536 0.1062
v  0.2546 -0.1575 0.1016
v  0.2546 -0.1732 0.1161
v  0.2556 -0.1621 0.0961
v  0.2556 -0.1783 0.1110
v  0.2526 -0.1831 0.1357
v  0.2546 -0.1877 0.1318
v  0.2556 -0.1932 0.1272
v  0.2563 -0.1834 0.1059
v  0.2563 -0.1667 0.0906
v  0.2574 -0.1706 0.0860
v  0.2574 -0.1876 0.1017
v  0.2563 -0.1987 0.1226
v  0.2574 -0.2033 0.1187
v  0.2574 -0.2174 0.1371
v  0.2563 -0.2125 0.1405
v  0.2556 -0.2066 0.1447
v  0.2546 -0.2007 0.1488
v  0.2526 -0.1958 0.1522
v  0.2526 -0.1010 0.0727
v  0.2526 -0.0817 0.0647
v  0.2546 -0.0838 0.0591
v  0.2546 -0.1035 0.0673
v  0.2556 -0.0863 0.0523
v  0.2556 -0.1066 0.0607
v  0.2526 -0.1195 0.0823
v  0.2546 -0.1225 0.0771
v  0.2556 -0.1261 0.0709
v  0.2563 -0.1096 0.0542
v  0.2563 -0.0887 0.0456
v  0.2574 -0.0908 0.0399
v  0.2574 -0.1121 0.0488
v  0.2563 -0.1297 0.0647
v  0.2574 -0.1327 0.0595
v  0.2574 -0.1522 0.0719
v  0.2563 -0.1488 0.0768
v  0.2556 -0.1446 0.0827
v  0.2546 -0.1405 0.0886
v  0.2526 -0.1371 0.0935
v  0.2526 -0.0208 0.0512
v  0.2546 -0.0214 0.0452
v  0.2556 -0.0220 0.0381
v  0.2526 -0.0415 0.0539
v  0.2546 -0.0425 0.0480
v  0.2556 -0.0438 0.0410
v  0.2563 -0.0226 0.0309
v  0.2574 -0.0231 0.0250
v  0.2563 -0.0450 0.0339
v  0.2574 -0.0461 0.0280
v  0.2574 -0.0687 0.0330
v  0.2563 -0.0671 0.0388
v  0.2556 -0.0653 0.0457
v  0.2546 -0.0634 0.0527
v  0.2526 -0.0619 0.0584
v  0.2221 0.0805 0.0681
v  0.2221 0.0609 0.0619
v  0.2261 0.0799 0.0698
v  0.2261 0.0605 0.0636
v  0.2221 0.0409 0.0575
v  0.2261 0.0406 0.0592
v  0.2308 0.0603 0.0642
v  0.2308 0.0797 0.0703
v  0.2358 0.0797 0.0703
v  0.2358 0.0603 0.0642
v  0.2308 0.0405 0.0598
v  0.2358 0.0405 0.0598
v  0.2358 0.0203 0.0572
v  0.2358 0.0000 0.0563
v  0.2308 0.0000 0.0563
v  0.2308 0.0203 0.0572
v  0.2261 0.0000 0.0557
v  0.2261 0.0204 0.0566
v  0.2221 0.0000 0.0539
v  0.2221 0.0205 0.0548
v  0.2221 0.1513 0.1090
v  0.2221 0.1350 0.0965
v  0.2261 0.1502 0.1103
v  0.2261 0.1340 0.0979
v  0.2221 0.1177 0.0854
v  0.2261 0.1168 0.0870
v  0.2308 0.1337 0.0984
v  0.2308 0.1498 0.1108
v  0.2358 0.1498 0.1108
v  0.2358 0.1337 0.0984
v  0.2308 0.1165 0.0875
v  0.2358 0.1165 0.0875
v  0.2358 0.0985 0.0781
v  0.2308 0.0985 0.0781
v  0.2261 0.0987 0.0776
v  0.2221 0.0995 0.0759
v  0.2221 0.2039 0.1716
v  0.2221 0.1928 0.1543
v  0.2261 0.2023 0.1725
v  0.2261 0.1914 0.1553
v  0.2221 0.1803 0.1380
v  0.2261 0.1790 0.1391
v  0.2308 0.1909 0.1556
v  0.2308 0.2018 0.1728
v  0.2358 0.2018 0.1728
v  0.2358 0.1909 0.1556
v  0.2308 0.1785 0.1395
v  0.2358 0.1785 0.1395
v  0.2358 0.1648 0.1245
v  0.2308 0.1648 0.1245
v  0.2261 0.1652 0.1241
v  0.2221 0.1665 0.1228
v  0.2221 0.2318 0.2484
v  0.2221 0.2274 0.2284
v  0.2261 0.2301 0.2487
v  0.2261 0.2257 0.2288
v  0.2221 0.2212 0.2088
v  0.2261 0.2195 0.2094
v  0.2308 0.2251 0.2290
v  0.2308 0.2295 0.2488
v  0.2358 0.2295 0.2488
v  0.2358 0.2251 0.2290
v  0.2308 0.2190 0.2096
v  0.2358 0.2190 0.2096
v  0.2358 0.2112 0.1908
v  0.2308 0.2112 0.1908
v  0.2261 0.2117 0.1906
v  0.2221 0.2134 0.1898
v  0.2221 0.2318 0.3302
v  0.2221 0.2345 0.3098
v  0.2261 0.2301 0.3299
v  0.2261 0.2327 0.3097
v  0.2221 0.2354 0.2893
v  0.2261 0.2336 0.2893
v  0.2308 0.2321 0.3096
v  0.2308 0.2295 0.3298
v  0.2358 0.2295 0.3298
v  0.2358 0.2321 0.3096
v  0.2308 0.2330 0.2893
v  0.2358 0.2330 0.2893
v  0.2358 0.2321 0.2690
v  0.2308 0.2321 0.2690
v  0.2261 0.2327 0.2689
v  0.2221 0.2345 0.2688
v  0.2221 0.2039 0.4070
v  0.2221 0.2134 0.3888
v  0.2261 0.2023 0.4061
v  0.2261 0.2117 0.3880
v  0.2221 0.2212 0.3698
v  0.2261 0.2195 0.3692
v  0.2308 0.2112 0.3878
v  0.2308 0.2018 0.4058
v  0.2358 0.2018 0.4058
v  0.2358 0.2112 0.3878
v  0.2308 0.2190 0.3690
v  0.2358 0.2190 0.3690
v  0.2358 0.2251 0.3496
v  0.2308 0.2251 0.3496
v  0.2261 0.2257 0.3498
v  0.2221 0.2274 0.3502
v  0.2221 0.1513 0.4696
v  0.2221 0.1665 0.4558
v  0.2261 0.1502 0.4683
v  0.2261 0.1652 0.4545
v  0.2221 0.1803 0.4406
v  0.2261 0.1790 0.4395
v  0.2308 0.1648 0.4541
v  0.2308 0.1498 0.4678
v  0.2358 0.1498 0.4678
v  0.2358 0.1648 0.4541
v  0.2308 0.1785 0.4391
v  0.2358 0.1785 0.4391
v  0.2358 0.1909 0.4230
v  0.2308 0.1909 0.4230
v  0.2261 0.1914 0.4233
v  0.2221 0.1928 0.4243
v  0.2221 0.0805 0.5105
v  0.2221 0.0995 0.5027
v  0.2261 0.0799 0.5088
v  0.2261 0.0987 0.5010
v  0.2221 0.1177 0.4932
v  0.2261 0.1168 0.4916
v  0.2308 0.0985 0.5005
v  0.2308 0.0797 0.5083
v  0.2358 0.0797 0.5083
v  0.2358 0.0985 0.5005
v  0.2308 0.1165 0.4911
v  0.2358 0.1165 0.4911
v  0.2358 0.1337 0.4802
v  0.2308 0.1337 0.4802
v  0.2261 0.1340 0.4807
v  0.2221 0.1350 0.4821
v  0.2221 0.0000 0.5247
v  0.2221 0.0205 0.5238
v  0.2261 0.0000 0.5229
v  0.2261 0.0204 0.5220
v  0.2221 0.0409 0.5211
v  0.2261 0.0406 0.5194
v  0.2308 0.0203 0.5214
v  0.2308 0.0000 0.5223
v  0.2358 0.0000 0.5223
v  0.2358 0.0203 0.5214
v  0.2308 0.0405 0.5188
v  0.2358 0.0405 0.5188
v  0.2358 0.0603 0.5144
v  0.2308 0.0603 0.5144
v  0.2261 0.0605 0.5150
v  0.2221 0.0609 0.5167
v  0.2221 -0.0805 0.5105
v  0.2221 -0.0609 0.5167
v  0.2261 -0.0799 0.5088
v  0.2261 -0.0605 0.5150
v  0.2221 -0.0409 0.5211
v  0.2261 -0.0406 0.5194
v  0.2308 -0.0603 0.5144
v  0.2308 -0.0797 0.5083
v  0.2358 -0.0797 0.5083
v  0.2358 -0.0603 0.5144
v  0.2308 -0.0405 0.5188
v  0.2358 -0.0405 0.5188
v  0.2358 -0.0203 0.5214
v  0.2308 -0.0203 0.5214
v  0.2261 -0.0204 0.5220
v  0.2221 -0.0205 0.5238
v  0.2221 -0.1513 0.4696
v  0.2221 -0.1350 0.4821
v  0.2261 -0.1502 0.4683
v  0.2261 -0.1340 0.4807
v  0.2221 -0.1177 0.4932
v  0.2261 -0.1168 0.4916
v  0.2308 -0.1337 0.4802
v  0.2308 -0.1498 0.4678
v  0.2358 -0.1498 0.4678
v  0.2358 -0.1337 0.4802
v  0.2308 -0.1165 0.4911
v  0.2358 -0.1165 0.4911
v  0.2358 -0.0985 0.5005
v  0.2308 -0.0985 0.5005
v  0.2261 -0.0987 0.5010
v  0.2221 -0.0995 0.5027
v  0.2221 -0.2039 0.4070
v  0.2221 -0.1928 0.4243
v  0.2261 -0.2023 0.4061
v  0.2261 -0.1914 0.4233
v  0.2221 -0.1803 0.4406
v  0.2261 -0.1790 0.4395
v  0.2308 -0.1909 0.4230
v  0.2308 -0.2018 0.4058
v  0.2358 -0.2018 0.4058
v  0.2358 -0.1909 0.4230
v  0.2308 -0.1785 0.4391
v  0.2358 -0.1785 0.4391
v  0.2358 -0.1648 0.4541
v  0.2308 -0.1648 0.4541
v  0.2261 -0.1652 0.4545
v  0.2221 -0.1665 0.4558
v  0.2221 -0.2318 0.3302
v  0.2221 -0.2274 0.3502
v  0.2261 -0.2301 0.3299
v  0.2261 -0.2257 0.3498
v  0.2221 -0.2212 0.3698
v  0.2261 -0.2195 0.3692
v  0.2308 -0.2251 0.3496
v  0.2308 -0.2295 0.3298
v  0.2358 -0.2295 0.3298
v  0.2358 -0.2251 0.3496
v  0.2308 -0.2190 0.3690
v  0.2358 -0.2190 0.3690
v  0.2358 -0.2112 0.3878
v  0.2308 -0.2112 0.3878
v  0.2261 -0.2117 0.3880
v  0.2221 -0.2134 0.3888
v  0.2221 -0.2318 0.2484
v  0.2221 -0.2345 0.2688
v  0.2261 -0.2301 0.2487
v  0.2261 -0.2327 0.2689
v  0.2221 -0.2354 0.2893
v  0.2261 -0.2336 0.2893
v  0.2308 -0.2321 0.2690
v  0.2308 -0.2295 0.2488
v  0.2358 -0.2295 0.2488
v  0.2358 -0.2321 0.2690
v  0.2308 -0.2330 0.2893
v  0.2358 -0.2330 0.2893
v  0.2358 -0.2321 0.3096
v  0.2308 -0.2321 0.3096
v  0.2261 -0.2327 0.3097
v  0.2221 -0.2345 0.3098
v  0.2221 -0.2039 0.1716
v  0.2221 -0.2134 0.1898
v  0.2261 -0.2023 0.1725
v  0.2261 -0.2117 0.1906
v  0.2221 -0.2212 0.2088
v  0.2261 -0.2195 0.2094
v  0.2308 -0.2112 0.1908
v  0.2308 -0.2018 0.1728
v  0.2358 -0.2018 0.1728
v  0.2358 -0.2112 0.1908
v  0.2308 -0.2190 0.2096
v  0.2358 -0.2190 0.2096
v  0.2358 -0.2251 0.2290
v  0.2308 -0.2251 0.2290
v  0.2261 -0.2257 0.2288
v  0.2221 -0.2274 0.2284
v  0.2221 -0.1513 0.1090
v  0.2221 -0.1665 0.1228
v  0.2261 -0.1502 0.1103
v  0.2261 -0.1652 0.1241
v  0.2221 -0.1803 0.1380
v  0.2261 -0.1790 0.1391
v  0.2308 -0.1648 0.1245
v  0.2308 -0.1498 0.1108
v  0.2358 -0.1498 0.1108
v  0.2358 -0.1648 0.1245
v  0.2308 -0.1785 0.1395
v  0.2358 -0.1785 0.1395
v  0.2358 -0.1909 0.1556
v  0.2308 -0.1909 0.1556
v  0.2261 -0.1914 0.1553
v  0.2221 -0.1928 0.1543
v  0.2221 -0.0805 0.0681
v  0.2221 -0.0995 0.0759
v  0.2261 -0.0799 0.0698
v  0.2261 -0.0987 0.0776
v  0.2221 -0.1177 0.0854
v  0.2261 -0.1168 0.0870
v  0.2308 -0.0985 0.0781
v  0.2308 -0.0797 0.0703
v  0.2358 -0.0797 0.0703
v  0.2358 -0.0985 0.0781
v  0.2308 -0.1165 0.0875
v  0.2358 -0.1165 0.0875
v  0.2358 -0.1337 0.0984
v  0.2308 -0.1337 0.0984
v  0.2261 -0.1340 0.0979
v  0.2221 -0.1350 0.0965
v  0.2221 -0.0205 0.0548
v  0.2261 -0.0204 0.0566
v  0.2221 -0.0409 0.0575
v  0.2261 -0.0406 0.0592
v  0.2308 -0.0203 0.0572
v  0.2358 -0.0203 0.0572
v  0.2308 -0.0405 0.0598
v  0.2358 -0.0405 0.0598
v  0.2358 -0.0603 0.0642
v  0.2308 -0.0603 0.0642
v  0.2261 -0.0605 0.0636
v  0.2221 -0.0609 0.0619
v  0.2408 0.0797 0.0703
v  0.2408 0.0603 0.0642
v  0.2454 0.0799 0.0698
v  0.2454 0.0605 0.0636
v  0.2408 0.0405 0.0598
v  0.2454 0.0406 0.0592
v  0.2496 0.0805 0.0681
v  0.2496 0.0609 0.0619
v  0.2496 0.0409 0.0575
v  0.2496 0.0000 0.0539
v  0.2496 0.0205 0.0548
v  0.2454 0.0000 0.0557
v  0.2454 0.0204 0.0566
v  0.2408 0.0203 0.0572
v  0.2408 0.0000 0.0563
v  0.2408 0.1498 0.1108
v  0.2408 0.1337 0.0984
v  0.2454 0.1502 0.1103
v  0.2454 0.1340 0.0979
v  0.2408 0.1165 0.0875
v  0.2454 0.1168 0.0870
v  0.2496 0.1513 0.1090
v  0.2496 0.1350 0.0965
v  0.2496 0.1177 0.0854
v  0.2496 0.0995 0.0759
v  0.2454 0.0987 0.0776
v  0.2408 0.0985 0.0781
v  0.2408 0.2018 0.1728
v  0.2408 0.1909 0.1556
v  0.2454 0.2023 0.1725
v  0.2454 0.1914 0.1553
v  0.2408 0.1785 0.1395
v  0.2454 0.1790 0.1391
v  0.2496 0.1928 0.1543
v  0.2496 0.2039 0.1716
v  0.2496 0.1803 0.1380
v  0.2496 0.1665 0.1228
v  0.2454 0.1652 0.1241
v  0.2408 0.1648 0.1245
v  0.2408 0.2295 0.2488
v  0.2408 0.2251 0.2290
v  0.2454 0.2301 0.2487
v  0.2454 0.2257 0.2288
v  0.2408 0.2190 0.2096
v  0.2454 0.2195 0.2094
v  0.2496 0.2318 0.2484
v  0.2496 0.2274 0.2284
v  0.2496 0.2212 0.2088
v  0.2496 0.2134 0.1898
v  0.2454 0.2117 0.1906
v  0.2408 0.2112 0.1908
v  0.2408 0.2295 0.3298
v  0.2408 0.2321 0.3096
v  0.2454 0.2301 0.3299
v  0.2454 0.2327 0.3097
v  0.2408 0.2330 0.2893
v  0.2454 0.2336 0.2893
v  0.2496 0.2318 0.3302
v  0.2496 0.2345 0.3098
v  0.2496 0.2354 0.2893
v  0.2496 0.2345 0.2688
v  0.2454 0.2327 0.2689
v  0.2408 0.2321 0.2690
v  0.2408 0.2018 0.4058
v  0.2408 0.2112 0.3878
v  0.2454 0.2023 0.4061
v  0.2454 0.2117 0.3880
v  0.2408 0.2190 0.3690
v  0.2454 0.2195 0.3692
v  0.2496 0.2039 0.4070
v  0.2496 0.2134 0.3888
v  0.2496 0.2212 0.3698
v  0.2496 0.2274 0.3502
v  0.2454 0.2257 0.3498
v  0.2408 0.2251 0.3496
v  0.2408 0.1498 0.4678
v  0.2408 0.1648 0.4541
v  0.2454 0.1502 0.4683
v  0.2454 0.1652 0.4545
v  0.2408 0.1785 0.4391
v  0.2454 0.1790 0.4395
v  0.2496 0.1513 0.4696
v  0.2496 0.1665 0.4558
v  0.2496 0.1803 0.4406
v  0.2496 0.1928 0.4243
v  0.2454 0.1914 0.4233
v  0.2408 0.1909 0.4230
v  0.2408 0.0797 0.5083
v  0.2408 0.0985 0.5005
v  0.2454 0.0799 0.5088
v  0.2454 0.0987 0.5010
v  0.2408 0.1165 0.4911
v  0.2454 0.1168 0.4916
v  0.2496 0.0805 0.5105
v  0.2496 0.0995 0.5027
v  0.2496 0.1177 0.4932
v  0.2496 0.1350 0.4821
v  0.2454 0.1340 0.4807
v  0.2408 0.1337 0.4802
v  0.2408 0.0000 0.5223
v  0.2408 0.0203 0.5214
v  0.2454 0.0000 0.5229
v  0.2454 0.0204 0.5220
v  0.2408 0.0405 0.5188
v  0.2454 0.0406 0.5194
v  0.2496 0.0000 0.5247
v  0.2496 0.0205 0.5238
v  0.2496 0.0409 0.5211
v  0.2496 0.0609 0.5167
v  0.2454 0.0605 0.5150
v  0.2408 0.0603 0.5144
v  0.2408 -0.0797 0.5083
v  0.2408 -0.0603 0.5144
v  0.2454 -0.0799 0.5088
v  0.2454 -0.0605 0.5150
v  0.2408 -0.0405 0.5188
v  0.2454 -0.0406 0.5194
v  0.2496 -0.0805 0.5105
v  0.2496 -0.0609 0.5167
v  0.2496 -0.0409 0.5211
v  0.2496 -0.0205 0.5238
v  0.2454 -0.0204 0.5220
v  0.2408 -0.0203 0.5214
v  0.2408 -0.1498 0.4678
v  0.2408 -0.1337 0.4802
v  0.2454 -0.1502 0.4683
v  0.2454 -0.1340 0.4807
v  0.2408 -0.1165 0.4911
v  0.2454 -0.1168 0.4916
v  0.2496 -0.1513 0.4696
v  0.2496 -0.1350 0.4821
v  0.2496 -0.1177 0.4932
v  0.2496 -0.0995 0.5027
v  0.2454 -0.0987 0.5010
v  0.2408 -0.0985 0.5005
v  0.2408 -0.2018 0.4058
v  0.2408 -0.1909 0.4230
v  0.2454 -0.2023 0.4061
v  0.2454 -0.1914 0.4233
v  0.2408 -0.1785 0.4391
v  0.2454 -0.1790 0.4395
v  0.2496 -0.1928 0.4243
v  0.2496 -0.2039 0.4070
v  0.2496 -0.1803 0.4406
v  0.2496 -0.1665 0.4558
v  0.2454 -0.1652 0.4545
v  0.2408 -0.1648 0.4541
v  0.2408 -0.2295 0.3298
v  0.2408 -0.2251 0.3496
v  0.2454 -0.2301 0.3299
v  0.2454 -0.2257 0.3498
v  0.2408 -0.2190 0.3690
v  0.2454 -0.2195 0.3692
v  0.2496 -0.2318 0.3302
v  0.2496 -0.2274 0.3502
v  0.2496 -0.2212 0.3698
v  0.2496 -0.2134 0.3888
v  0.2454 -0.2117 0.3880
v  0.2408 -0.2112 0.3878
v  0.2408 -0.2295 0.2488
v  0.2408 -0.2321 0.2690
v  0.2454 -0.2301 0.2487
v  0.2454 -0.2327 0.2689
v  0.2408 -0.2330 0.2893
v  0.2454 -0.2336 0.2893
v  0.2496 -0.2318 0.2484
v  0.2496 -0.2345 0.2688
v  0.2496 -0.2354 0.2893
v  0.2496 -0.2345 0.3098
v  0.2454 -0.2327 0.3097
v  0.2408 -0.2321 0.3096
v  0.2408 -0.2018 0.1728
v  0.2408 -0.2112 0.1908
v  0.2454 -0.2023 0.1725
v  0.2454 -0.2117 0.1906
v  0.2408 -0.2190 0.2096
v  0.2454 -0.2195 0.2094
v  0.2496 -0.2039 0.1716
v  0.2496 -0.2134 0.1898
v  0.2496 -0.2212 0.2088
v  0.2496 -0.2274 0.2284
v  0.2454 -0.2257 0.2288
v  0.2408 -0.2251 0.2290
v  0.2408 -0.1498 0.1108
v  0.2408 -0.1648 0.1245
v  0.2454 -0.1502 0.1103
v  0.2454 -0.1652 0.1241
v  0.2408 -0.1785 0.1395
v  0.2454 -0.1790 0.1391
v  0.2496 -0.1513 0.1090
v  0.2496 -0.1665 0.1228
v  0.2496 -0.1803 0.1380
v  0.2496 -0.1928 0.1543
v  0.2454 -0.1914 0.1553
v  0.2408 -0.1909 0.1556
v  0.2408 -0.0797 0.0703
v  0.2408 -0.0985 0.0781
v  0.2454 -0.0799 0.0698
v  0.2454 -0.0987 0.0776
v  0.2408 -0.1165 0.0875
v  0.2454 -0.1168 0.0870
v  0.2496 -0.0805 0.0681
v  0.2496 -0.0995 0.0759
v  0.2496 -0.1177 0.0854
v  0.2496 -0.1350 0.0965
v  0.2454 -0.1340 0.0979
v  0.2408 -0.1337 0.0984
v  0.2408 -0.0203 0.0572
v  0.2454 -0.0204 0.0566
v  0.2408 -0.0405 0.0598
v  0.2454 -0.0406 0.0592
v  0.2496 -0.0205 0.0548
v  0.2496 -0.0409 0.0575
v  0.2496 -0.0609 0.0619
v  0.2454 -0.0605 0.0636
v  0.2408 -0.0603 0.0642
v  0.3632 0.0928 0.0343
v  0.3632 0.0702 0.0272
v  0.3698 0.0921 0.0363
v  0.3698 0.0697 0.0292
v  0.3632 0.0471 0.0221
v  0.3698 0.0467 0.0242
v  0.3732 0.0680 0.0354
v  0.3732 0.0899 0.0423
v  0.3732 0.0456 0.0304
v  0.3732 0.0000 0.0264
v  0.3732 0.0229 0.0274
v  0.3698 0.0000 0.0201
v  0.3698 0.0235 0.0211
v  0.3632 0.0236 0.0190
v  0.3632 0.0000 0.0179
v  0.2688 0.0000 0.0179
v  0.2688 0.0236 0.0190
v  0.2621 0.0000 0.0185
v  0.2621 0.0236 0.0196
v  0.2688 0.0471 0.0221
v  0.2621 0.0470 0.0227
v  0.2589 0.0000 0.0203
v  0.2589 0.0234 0.0214
v  0.2589 0.0467 0.0244
v  0.2589 0.0920 0.0366
v  0.2589 0.0696 0.0295
v  0.2621 0.0926 0.0349
v  0.2621 0.0701 0.0278
v  0.2688 0.0702 0.0272
v  0.2688 0.0928 0.0343
v  0.3632 0.1744 0.0814
v  0.3632 0.1556 0.0670
v  0.3698 0.1544 0.0688
v  0.3698 0.1731 0.0831
v  0.3632 0.1357 0.0543
v  0.3698 0.1346 0.0561
v  0.3732 0.1508 0.0740
v  0.3732 0.1690 0.0879
v  0.3732 0.1314 0.0617
v  0.3732 0.1111 0.0511
v  0.3698 0.1138 0.0453
v  0.3632 0.1147 0.0434
v  0.2688 0.1147 0.0434
v  0.2621 0.1144 0.0439
v  0.2688 0.1357 0.0543
v  0.2621 0.1354 0.0548
v  0.2589 0.1137 0.0455
v  0.2589 0.1345 0.0564
v  0.2589 0.1729 0.0833
v  0.2589 0.1543 0.0690
v  0.2621 0.1740 0.0819
v  0.2621 0.1553 0.0675
v  0.2688 0.1556 0.0670
v  0.2688 0.1744 0.0814
v  0.3632 0.2350 0.1536
v  0.3632 0.2223 0.1337
v  0.3698 0.2332 0.1547
v  0.3698 0.2205 0.1349
v  0.3632 0.2079 0.1149
v  0.3698 0.2062 0.1162
v  0.3732 0.2153 0.1385
v  0.3732 0.2277 0.1579
v  0.3732 0.2014 0.1203
v  0.3732 0.1859 0.1034
v  0.3698 0.1904 0.0989
v  0.3632 0.1919 0.0974
v  0.2688 0.1919 0.0974
v  0.2621 0.1914 0.0979
v  0.2688 0.2079 0.1149
v  0.2621 0.2074 0.1153
v  0.2589 0.1902 0.0991
v  0.2589 0.2060 0.1164
v  0.2589 0.2329 0.1548
v  0.2589 0.2203 0.1350
v  0.2621 0.2345 0.1539
v  0.2621 0.2218 0.1340
v  0.2688 0.2223 0.1337
v  0.2688 0.2350 0.1536
v  0.3632 0.2672 0.2422
v  0.3632 0.2621 0.2191
v  0.3698 0.2651 0.2425
v  0.3698 0.2601 0.2196
v  0.3632 0.2550 0.1965
v  0.3698 0.2530 0.1972
v  0.3732 0.2539 0.2213
v  0.3732 0.2589 0.2437
v  0.3732 0.2470 0.1994
v  0.3732 0.2382 0.1782
v  0.3698 0.2440 0.1755
v  0.3632 0.2459 0.1746
v  0.2688 0.2459 0.1746
v  0.2621 0.2454 0.1749
v  0.2688 0.2550 0.1965
v  0.2621 0.2544 0.1967
v  0.2589 0.2438 0.1756
v  0.2589 0.2527 0.1973
v  0.2589 0.2649 0.2426
v  0.2589 0.2598 0.2197
v  0.2621 0.2666 0.2423
v  0.2621 0.2615 0.2192
v  0.2688 0.2621 0.2191
v  0.2688 0.2672 0.2422
v  0.3632 0.2672 0.3364
v  0.3632 0.2703 0.3130
v  0.3698 0.2651 0.3361
v  0.3698 0.2682 0.3128
v  0.3632 0.2713 0.2893
v  0.3698 0.2692 0.2893
v  0.3732 0.2619 0.3122
v  0.3732 0.2589 0.3349
v  0.3732 0.2629 0.2893
v  0.3732 0.2619 0.2664
v  0.3698 0.2682 0.2658
v  0.3632 0.2703 0.2656
v  0.2688 0.2703 0.2656
v  0.2621 0.2697 0.2657
v  0.2688 0.2713 0.2893
v  0.2621 0.2707 0.2893
v  0.2589 0.2679 0.2659
v  0.2589 0.2689 0.2893
v  0.2589 0.2649 0.3360
v  0.2589 0.2679 0.3127
v  0.2621 0.2666 0.3363
v  0.2621 0.2697 0.3129
v  0.2688 0.2703 0.3130
v  0.2688 0.2672 0.3364
v  0.3632 0.2350 0.4250
v  0.3632 0.2459 0.4040
v  0.3698 0.2332 0.4239
v  0.3698 0.2440 0.4031
v  0.3632 0.2550 0.3821
v  0.3698 0.2530 0.3814
v  0.3732 0.2382 0.4004
v  0.3732 0.2277 0.4207
v  0.3732 0.2470 0.3792
v  0.3732 0.2539 0.3573
v  0.3698 0.2601 0.3590
v  0.3632 0.2621 0.3595
v  0.2688 0.2621 0.3595
v  0.2621 0.2615 0.3594
v  0.2688 0.2550 0.3821
v  0.2621 0.2544 0.3819
v  0.2589 0.2598 0.3589
v  0.2589 0.2527 0.3813
v  0.2589 0.2329 0.4238
v  0.2589 0.2438 0.4030
v  0.2621 0.2345 0.4247
v  0.2621 0.2454 0.4037
v  0.2688 0.2459 0.4040
v  0.2688 0.2350 0.4250
v  0.3632 0.1744 0.4972
v  0.3632 0.1919 0.4812
v  0.3698 0.1731 0.4955
v  0.3698 0.1904 0.4797
v  0.3632 0.2079 0.4637
v  0.3698 0.2062 0.4624
v  0.3732 0.1859 0.4752
v  0.3732 0.1690 0.4907
v  0.3732 0.2014 0.4583
v  0.3732 0.2153 0.4401
v  0.3698 0.2205 0.4437
v  0.3632 0.2223 0.4449
v  0.2688 0.2223 0.4449
v  0.2621 0.2218 0.4446
v  0.2688 0.2079 0.4637
v  0.2621 0.2074 0.4633
v  0.2589 0.2203 0.4436
v  0.2589 0.2060 0.4622
v  0.2589 0.1729 0.4953
v  0.2589 0.1902 0.4795
v  0.2621 0.1740 0.4967
v  0.2621 0.1914 0.4807
v  0.2688 0.1919 0.4812
v  0.2688 0.1744 0.4972
v  0.3632 0.0928 0.5443
v  0.3632 0.1147 0.5352
v  0.3698 0.0921 0.5423
v  0.3698 0.1138 0.5333
v  0.3632 0.1357 0.5243
v  0.3698 0.1346 0.5225
v  0.3732 0.1111 0.5275
v  0.3732 0.0899 0.5363
v  0.3732 0.1314 0.5169
v  0.3732 0.1508 0.5046
v  0.3698 0.1544 0.5098
v  0.3632 0.1556 0.5116
v  0.2688 0.1556 0.5116
v  0.2621 0.1553 0.5111
v  0.2688 0.1357 0.5243
v  0.2621 0.1354 0.5238
v  0.2589 0.1543 0.5096
v  0.2589 0.1345 0.5222
v  0.2589 0.0920 0.5420
v  0.2589 0.1137 0.5331
v  0.2621 0.0926 0.5437
v  0.2621 0.1144 0.5347
v  0.2688 0.1147 0.5352
v  0.2688 0.0928 0.5443
v  0.3632 0.0000 0.5607
v  0.3632 0.0236 0.5596
v  0.3698 0.0000 0.5585
v  0.3698 0.0235 0.5575
v  0.3632 0.0471 0.5565
v  0.3698 0.0467 0.5544
v  0.3732 0.0229 0.5512
v  0.3732 0.0000 0.5522
v  0.3732 0.0456 0.5482
v  0.3732 0.0680 0.5432
v  0.3698 0.0697 0.5494
v  0.3632 0.0702 0.5514
v  0.2688 0.0702 0.5514
v  0.2621 0.0701 0.5508
v  0.2688 0.0471 0.5565
v  0.2621 0.0470 0.5559
v  0.2589 0.0696 0.5491
v  0.2589 0.0467 0.5542
v  0.2589 0.0000 0.5583
v  0.2589 0.0234 0.5572
v  0.2621 0.0000 0.5601
v  0.2621 0.0236 0.5590
v  0.2688 0.0236 0.5596
v  0.2688 0.0000 0.5607
v  0.3632 -0.0928 0.5443
v  0.3632 -0.0702 0.5514
v  0.3698 -0.0921 0.5423
v  0.3698 -0.0697 0.5494
v  0.3632 -0.0471 0.5565
v  0.3698 -0.0467 0.5544
v  0.3732 -0.0680 0.5432
v  0.3732 -0.0899 0.5363
v  0.3732 -0.0456 0.5482
v  0.3732 -0.0229 0.5512
v  0.3698 -0.0235 0.5575
v  0.3632 -0.0236 0.5596
v  0.2688 -0.0236 0.5596
v  0.2621 -0.0236 0.5590
v  0.2688 -0.0471 0.5565
v  0.2621 -0.0470 0.5559
v  0.2589 -0.0234 0.5572
v  0.2589 -0.0467 0.5542
v  0.2589 -0.0920 0.5420
v  0.2589 -0.0696 0.5491
v  0.2621 -0.0926 0.5437
v  0.2621 -0.0701 0.5508
v  0.2688 -0.0702 0.5514
v  0.2688 -0.0928 0.5443
v  0.3632 -0.1744 0.4972
v  0.3632 -0.1556 0.5116
v  0.3698 -0.1544 0.5098
v  0.3698 -0.1731 0.4955
v  0.3632 -0.1357 0.5243
v  0.3698 -0.1346 0.5225
v  0.3732 -0.1508 0.5046
v  0.3732 -0.1690 0.4907
v  0.3732 -0.1314 0.5169
v  0.3732 -0.1111 0.5275
v  0.3698 -0.1138 0.5333
v  0.3632 -0.1147 0.5352
v  0.2688 -0.1147 0.5352
v  0.2621 -0.1144 0.5347
v  0.2688 -0.1357 0.5243
v  0.2621 -0.1354 0.5238
v  0.2589 -0.1137 0.5331
v  0.2589 -0.1345 0.5222
v  0.2589 -0.1729 0.4953
v  0.2589 -0.1543 0.5096
v  0.2621 -0.1740 0.4967
v  0.2621 -0.1553 0.5111
v  0.2688 -0.1556 0.5116
v  0.2688 -0.1744 0.4972
v  0.3632 -0.2350 0.4250
v  0.3632 -0.2223 0.4449
v  0.3698 -0.2332 0.4239
v  0.3698 -0.2205 0.4437
v  0.3632 -0.2079 0.4637
v  0.3698 -0.2062 0.4624
v  0.3732 -0.2153 0.4401
v  0.3732 -0.2277 0.4207
v  0.3732 -0.2014 0.4583
v  0.3732 -0.1859 0.4752
v  0.3698 -0.1904 0.4797
v  0.3632 -0.1919 0.4812
v  0.2688 -0.1919 0.4812
v  0.2621 -0.1914 0.4807
v  0.2688 -0.2079 0.4637
v  0.2621 -0.2074 0.4633
v  0.2589 -0.1902 0.4795
v  0.2589 -0.2060 0.4622
v  0.2589 -0.2329 0.4238
v  0.2589 -0.2203 0.4436
v  0.2621 -0.2345 0.4247
v  0.2621 -0.2218 0.4446
v  0.2688 -0.2223 0.4449
v  0.2688 -0.2350 0.4250
v  0.3632 -0.2672 0.3364
v  0.3632 -0.2621 0.3595
v  0.3698 -0.2651 0.3361
v  0.3698 -0.2601 0.3590
v  0.3632 -0.2550 0.3821
v  0.3698 -0.2530 0.3814
v  0.3732 -0.2539 0.3573
v  0.3732 -0.2589 0.3349
v  0.3732 -0.2470 0.3792
v  0.3732 -0.2382 0.4004
v  0.3698 -0.2440 0.4031
v  0.3632 -0.2459 0.4040
v  0.2688 -0.2459 0.4040
v  0.2621 -0.2454 0.4037
v  0.2688 -0.2550 0.3821
v  0.2621 -0.2544 0.3819
v  0.2589 -0.2438 0.4030
v  0.2589 -0.2527 0.3813
v  0.2589 -0.2649 0.3360
v  0.2589 -0.2598 0.3589
v  0.2621 -0.2666 0.3363
v  0.2621 -0.2615 0.3594
v  0.2688 -0.2621 0.3595
v  0.2688 -0.2672 0.3364
v  0.3632 -0.2672 0.2422
v  0.3632 -0.2703 0.2656
v  0.3698 -0.2651 0.2425
v  0.3698 -0.2682 0.2658
v  0.3632 -0.2713 0.2893
v  0.3698 -0.2692 0.2893
v  0.3732 -0.2619 0.2664
v  0.3732 -0.2589 0.2437
v  0.3732 -0.2629 0.2893
v  0.3732 -0.2619 0.3122
v  0.3698 -0.2682 0.3128
v  0.3632 -0.2703 0.3130
v  0.2688 -0.2703 0.3130
v  0.2621 -0.2697 0.3129
v  0.2688 -0.2713 0.2893
v  0.2621 -0.2707 0.2893
v  0.2589 -0.2679 0.3127
v  0.2589 -0.2689 0.2893
v  0.2589 -0.2649 0.2426
v  0.2589 -0.2679 0.2659
v  0.2621 -0.2666 0.2423
v  0.2621 -0.2697 0.2657
v  0.2688 -0.2703 0.2656
v  0.2688 -0.2672 0.2422
v  0.3632 -0.2350 0.1536
v  0.3632 -0.2459 0.1746
v  0.3698 -0.2332 0.1547
v  0.3698 -0.2440 0.1755
v  0.3632 -0.2550 0.1965
v  0.3698 -0.2530 0.1972
v  0.3732 -0.2382 0.1782
v  0.3732 -0.2277 0.1579
v  0.3732 -0.2470 0.1994
v  0.3732 -0.2539 0.2213
v  0.3698 -0.2601 0.2196
v  0.3632 -0.2621 0.2191
v  0.2688 -0.2621 0.2191
v  0.2621 -0.2615 0.2192
v  0.2688 -0.2550 0.1965
v  0.2621 -0.2544 0.1967
v  0.2589 -0.2598 0.2197
v  0.2589 -0.2527 0.1973
v  0.2589 -0.2329 0.1548
v  0.2589 -0.2438 0.1756
v  0.2621 -0.2345 0.1539
v  0.2621 -0.2454 0.1749
v  0.2688 -0.2459 0.1746
v  0.2688 -0.2350 0.1536
v  0.3632 -0.1744 0.0814
v  0.3632 -0.1919 0.0974
v  0.3698 -0.1731 0.0831
v  0.3698 -0.1904 0.0989
v  0.3632 -0.2079 0.1149
v  0.3698 -0.2062 0.1162
v  0.3732 -0.1859 0.1034
v  0.3732 -0.1690 0.0879
v  0.3732 -0.2014 0.1203
v  0.3732 -0.2153 0.1385
v  0.3698 -0.2205 0.1349
v  0.3632 -0.2223 0.1337
v  0.2688 -0.2223 0.1337
v  0.2621 -0.2218 0.1340
v  0.2688 -0.2079 0.1149
v  0.2621 -0.2074 0.1153
v  0.2589 -0.2203 0.1350
v  0.2589 -0.2060 0.1164
v  0.2589 -0.1729 0.0833
v  0.2589 -0.1902 0.0991
v  0.2621 -0.1740 0.0819
v  0.2621 -0.1914 0.0979
v  0.2688 -0.1919 0.0974
v  0.2688 -0.1744 0.0814
v  0.3632 -0.0928 0.0343
v  0.3632 -0.1147 0.0434
v  0.3698 -0.0921 0.0363
v  0.3698 -0.1138 0.0453
v  0.3632 -0.1357 0.0543
v  0.3698 -0.1346 0.0561
v  0.3732 -0.1111 0.0511
v  0.3732 -0.0899 0.0423
v  0.3732 -0.1314 0.0617
v  0.3732 -0.1508 0.0740
v  0.3698 -0.1544 0.0688
v  0.3632 -0.1556 0.0670
v  0.2688 -0.1556 0.0670
v  0.2621 -0.1553 0.0675
v  0.2688 -0.1357 0.0543
v  0.2621 -0.1354 0.0548
v  0.2589 -0.1543 0.0690
v  0.2589 -0.1345 0.0564
v  0.2589 -0.0920 0.0366
v  0.2589 -0.1137 0.0455
v  0.2621 -0.0926 0.0349
v  0.2621 -0.1144 0.0439
v  0.2688 -0.1147 0.0434
v  0.2688 -0.0928 0.0343
v  0.3632 -0.0236 0.0190
v  0.3698 -0.0235 0.0211
v  0.3632 -0.0471 0.0221
v  0.3698 -0.0467 0.0242
v  0.3732 -0.0229 0.0274
v  0.3732 -0.0456 0.0304
v  0.3732 -0.0680 0.0354
v  0.3698 -0.0697 0.0292
v  0.3632 -0.0702 0.0272
v  0.2688 -0.0702 0.0272
v  0.2621 -0.0701 0.0278
v  0.2688 -0.0471 0.0221
v  0.2621 -0.0470 0.0227
v  0.2589 -0.0696 0.0295
v  0.2589 -0.0467 0.0244
v  0.2589 -0.0234 0.0214
v  0.2621 -0.0236 0.0196
v  0.2688 -0.0236 0.0190
v  0.0774 0.0702 0.0272
v  0.0774 0.0928 0.0343
v  0.1536 0.0928 0.0343
v  0.1536 0.0702 0.0272
v  0.1938 0.0926 0.0349
v  0.1938 0.0701 0.0278
v  0.0774 0.0471 0.0221
v  0.1536 0.0471 0.0221
v  0.1938 0.0470 0.0227
v  0.2097 0.0696 0.0295
v  0.2097 0.0920 0.0366
v  0.2097 0.0467 0.0244
v  0.2097 0.0000 0.0203
v  0.2097 0.0234 0.0214
v  0.1938 0.0000 0.0185
v  0.1938 0.0236 0.0196
v  0.1536 0.0236 0.0190
v  0.1536 0.0000 0.0179
v  0.0774 0.0000 0.0179
v  0.0774 0.0236 0.0190
v  0.0774 0.1556 0.0670
v  0.0774 0.1744 0.0814
v  0.1536 0.1744 0.0814
v  0.1536 0.1556 0.0670
v  0.1938 0.1740 0.0819
v  0.1938 0.1553 0.0675
v  0.0774 0.1357 0.0543
v  0.1536 0.1357 0.0543
v  0.1938 0.1354 0.0548
v  0.2097 0.1543 0.0690
v  0.2097 0.1729 0.0833
v  0.2097 0.1345 0.0564
v  0.2097 0.1137 0.0455
v  0.1938 0.1144 0.0439
v  0.1536 0.1147 0.0434
v  0.0774 0.1147 0.0434
v  0.0774 0.2223 0.1337
v  0.0774 0.2350 0.1536
v  0.1536 0.2350 0.1536
v  0.1536 0.2223 0.1337
v  0.1938 0.2345 0.1539
v  0.1938 0.2218 0.1340
v  0.0774 0.2079 0.1149
v  0.1536 0.2079 0.1149
v  0.1938 0.2074 0.1153
v  0.2097 0.2203 0.1350
v  0.2097 0.2329 0.1548
v  0.2097 0.2060 0.1164
v  0.2097 0.1902 0.0991
v  0.1938 0.1914 0.0979
v  0.1536 0.1919 0.0974
v  0.0774 0.1919 0.0974
v  0.0774 0.2621 0.2191
v  0.0774 0.2672 0.2422
v  0.1536 0.2672 0.2422
v  0.1536 0.2621 0.2191
v  0.1938 0.2666 0.2423
v  0.1938 0.2615 0.2192
v  0.0774 0.2550 0.1965
v  0.1536 0.2550 0.1965
v  0.1938 0.2544 0.1967
v  0.2097 0.2598 0.2197
v  0.2097 0.2649 0.2426
v  0.2097 0.2527 0.1973
v  0.2097 0.2438 0.1756
v  0.1938 0.2454 0.1749
v  0.1536 0.2459 0.1746
v  0.0774 0.2459 0.1746
v  0.0774 0.2703 0.3130
v  0.0774 0.2672 0.3364
v  0.1536 0.2672 0.3364
v  0.1536 0.2703 0.3130
v  0.1938 0.2666 0.3363
v  0.1938 0.2697 0.3129
v  0.0774 0.2713 0.2893
v  0.1536 0.2713 0.2893
v  0.1938 0.2707 0.2893
v  0.2097 0.2679 0.3127
v  0.2097 0.2649 0.3360
v  0.2097 0.2689 0.2893
v  0.2097 0.2679 0.2659
v  0.1938 0.2697 0.2657
v  0.1536 0.2703 0.2656
v  0.0774 0.2703 0.2656
v  0.0774 0.2459 0.4040
v  0.0774 0.2350 0.4250
v  0.1536 0.2350 0.4250
v  0.1536 0.2459 0.4040
v  0.1938 0.2345 0.4247
v  0.1938 0.2454 0.4037
v  0.0774 0.2550 0.3821
v  0.1536 0.2550 0.3821
v  0.1938 0.2544 0.3819
v  0.2097 0.2438 0.4030
v  0.2097 0.2329 0.4238
v  0.2097 0.2527 0.3813
v  0.2097 0.2598 0.3589
v  0.1938 0.2615 0.3594
v  0.1536 0.2621 0.3595
v  0.0774 0.2621 0.3595
v  0.0774 0.1919 0.4812
v  0.0774 0.1744 0.4972
v  0.1536 0.1744 0.4972
v  0.1536 0.1919 0.4812
v  0.1938 0.1740 0.4967
v  0.1938 0.1914 0.4807
v  0.0774 0.2079 0.4637
v  0.1536 0.2079 0.4637
v  0.1938 0.2074 0.4633
v  0.2097 0.1902 0.4795
v  0.2097 0.1729 0.4953
v  0.2097 0.2060 0.4622
v  0.2097 0.2203 0.4436
v  0.1938 0.2218 0.4446
v  0.1536 0.2223 0.4449
v  0.0774 0.2223 0.4449
v  0.0774 0.1147 0.5352
v  0.0774 0.0928 0.5443
v  0.1536 0.0928 0.5443
v  0.1536 0.1147 0.5352
v  0.1938 0.0926 0.5437
v  0.1938 0.1144 0.5347
v  0.0774 0.1357 0.5243
v  0.1536 0.1357 0.5243
v  0.1938 0.1354 0.5238
v  0.2097 0.1137 0.5331
v  0.2097 0.0920 0.5420
v  0.2097 0.1345 0.5222
v  0.2097 0.1543 0.5096
v  0.1938 0.1553 0.5111
v  0.1536 0.1556 0.5116
v  0.0774 0.1556 0.5116
v  0.0774 0.0236 0.5596
v  0.0774 0.0000 0.5607
v  0.1536 0.0000 0.5607
v  0.1536 0.0236 0.5596
v  0.1938 0.0000 0.5601
v  0.1938 0.0236 0.5590
v  0.0774 0.0471 0.5565
v  0.1536 0.0471 0.5565
v  0.1938 0.0470 0.5559
v  0.2097 0.0234 0.5572
v  0.2097 0.0000 0.5583
v  0.2097 0.0467 0.5542
v  0.2097 0.0696 0.5491
v  0.1938 0.0701 0.5508
v  0.1536 0.0702 0.5514
v  0.0774 0.0702 0.5514
v  0.0774 -0.0702 0.5514
v  0.0774 -0.0928 0.5443
v  0.1536 -0.0928 0.5443
v  0.1536 -0.0702 0.5514
v  0.1938 -0.0926 0.5437
v  0.1938 -0.0701 0.5508
v  0.0774 -0.0471 0.5565
v  0.1536 -0.0471 0.5565
v  0.1938 -0.0470 0.5559
v  0.2097 -0.0696 0.5491
v  0.2097 -0.0920 0.5420
v  0.2097 -0.0467 0.5542
v  0.2097 -0.0234 0.5572
v  0.1938 -0.0236 0.5590
v  0.1536 -0.0236 0.5596
v  0.0774 -0.0236 0.5596
v  0.0774 -0.1556 0.5116
v  0.0774 -0.1744 0.4972
v  0.1536 -0.1744 0.4972
v  0.1536 -0.1556 0.5116
v  0.1938 -0.1740 0.4967
v  0.1938 -0.1553 0.5111
v  0.0774 -0.1357 0.5243
v  0.1536 -0.1357 0.5243
v  0.1938 -0.1354 0.5238
v  0.2097 -0.1543 0.5096
v  0.2097 -0.1729 0.4953
v  0.2097 -0.1345 0.5222
v  0.2097 -0.1137 0.5331
v  0.1938 -0.1144 0.5347
v  0.1536 -0.1147 0.5352
v  0.0774 -0.1147 0.5352
v  0.0774 -0.2223 0.4449
v  0.0774 -0.2350 0.4250
v  0.1536 -0.2350 0.4250
v  0.1536 -0.2223 0.4449
v  0.1938 -0.2345 0.4247
v  0.1938 -0.2218 0.4446
v  0.0774 -0.2079 0.4637
v  0.1536 -0.2079 0.4637
v  0.1938 -0.2074 0.4633
v  0.2097 -0.2203 0.4436
v  0.2097 -0.2329 0.4238
v  0.2097 -0.2060 0.4622
v  0.2097 -0.1902 0.4795
v  0.1938 -0.1914 0.4807
v  0.1536 -0.1919 0.4812
v  0.0774 -0.1919 0.4812
v  0.0774 -0.2621 0.3595
v  0.0774 -0.2672 0.3364
v  0.1536 -0.2672 0.3364
v  0.1536 -0.2621 0.3595
v  0.1938 -0.2666 0.3363
v  0.1938 -0.2615 0.3594
v  0.0774 -0.2550 0.3821
v  0.1536 -0.2550 0.3821
v  0.1938 -0.2544 0.3819
v  0.2097 -0.2598 0.3589
v  0.2097 -0.2649 0.3360
v  0.2097 -0.2527 0.3813
v  0.2097 -0.2438 0.4030
v  0.1938 -0.2454 0.4037
v  0.1536 -0.2459 0.4040
v  0.0774 -0.2459 0.4040
v  0.0774 -0.2703 0.2656
v  0.0774 -0.2672 0.2422
v  0.1536 -0.2672 0.2422
v  0.1536 -0.2703 0.2656
v  0.1938 -0.2666 0.2423
v  0.1938 -0.2697 0.2657
v  0.0774 -0.2713 0.2893
v  0.1536 -0.2713 0.2893
v  0.1938 -0.2707 0.2893
v  0.2097 -0.2679 0.2659
v  0.2097 -0.2649 0.2426
v  0.2097 -0.2689 0.2893
v  0.2097 -0.2679 0.3127
v  0.1938 -0.2697 0.3129
v  0.1536 -0.2703 0.3130
v  0.0774 -0.2703 0.3130
v  0.0774 -0.2459 0.1746
v  0.0774 -0.2350 0.1536
v  0.1536 -0.2350 0.1536
v  0.1536 -0.2459 0.1746
v  0.1938 -0.2345 0.1539
v  0.1938 -0.2454 0.1749
v  0.0774 -0.2550 0.1965
v  0.1536 -0.2550 0.1965
v  0.1938 -0.2544 0.1967
v  0.2097 -0.2438 0.1756
v  0.2097 -0.2329 0.1548
v  0.2097 -0.2527 0.1973
v  0.2097 -0.2598 0.2197
v  0.1938 -0.2615 0.2192
v  0.1536 -0.2621 0.2191
v  0.0774 -0.2621 0.2191
v  0.0774 -0.1919 0.0974
v  0.0774 -0.1744 0.0814
v  0.1536 -0.1744 0.0814
v  0.1536 -0.1919 0.0974
v  0.1938 -0.1740 0.0819
v  0.1938 -0.1914 0.0979
v  0.0774 -0.2079 0.1149
v  0.1536 -0.2079 0.1149
v  0.1938 -0.2074 0.1153
v  0.2097 -0.1902 0.0991
v  0.2097 -0.1729 0.0833
v  0.2097 -0.2060 0.1164
v  0.2097 -0.2203 0.1350
v  0.1938 -0.2218 0.1340
v  0.1536 -0.2223 0.1337
v  0.0774 -0.2223 0.1337
v  0.0774 -0.1147 0.0434
v  0.0774 -0.0928 0.0343
v  0.1536 -0.0928 0.0343
v  0.1536 -0.1147 0.0434
v  0.1938 -0.0926 0.0349
v  0.1938 -0.1144 0.0439
v  0.0774 -0.1357 0.0543
v  0.1536 -0.1357 0.0543
v  0.1938 -0.1354 0.0548
v  0.2097 -0.1137 0.0455
v  0.2097 -0.0920 0.0366
v  0.2097 -0.1345 0.0564
v  0.2097 -0.1543 0.0690
v  0.1938 -0.1553 0.0675
v  0.1536 -0.1556 0.0670
v  0.0774 -0.1556 0.0670
v  0.0774 -0.0236 0.0190
v  0.1536 -0.0236 0.0190
v  0.1938 -0.0236 0.0196
v  0.0774 -0.0471 0.0221
v  0.1536 -0.0471 0.0221
v  0.1938 -0.0470 0.0227
v  0.2097 -0.0234 0.0214
v  0.2097 -0.0467 0.0244
v  0.2097 -0.0696 0.0295
v  0.1938 -0.0701 0.0278
v  0.1536 -0.0702 0.0272
v  0.0774 -0.0702 0.0272
v  -0.3418 0.0928 0.0343
v  -0.3418 0.0702 0.0272
v  -0.1941 0.0928 0.0343
v  -0.1941 0.0702 0.0272
v  -0.3418 0.0471 0.0221
v  -0.1941 0.0471 0.0221
v  -0.0465 0.0702 0.0272
v  -0.0465 0.0928 0.0343
v  -0.0465 0.0471 0.0221
v  -0.0465 0.0000 0.0179
v  -0.0465 0.0236 0.0190
v  -0.1941 0.0000 0.0179
v  -0.1941 0.0236 0.0190
v  -0.3418 0.0236 0.0190
v  -0.3418 0.0000 0.0179
v  -0.3418 0.1744 0.0814
v  -0.3418 0.1556 0.0670
v  -0.1941 0.1744 0.0814
v  -0.1941 0.1556 0.0670
v  -0.3418 0.1357 0.0543
v  -0.1941 0.1357 0.0543
v  -0.0465 0.1556 0.0670
v  -0.0465 0.1744 0.0814
v  -0.0465 0.1357 0.0543
v  -0.0465 0.1147 0.0434
v  -0.1941 0.1147 0.0434
v  -0.3418 0.1147 0.0434
v  -0.3418 0.2350 0.1536
v  -0.3418 0.2223 0.1337
v  -0.1941 0.2350 0.1536
v  -0.1941 0.2223 0.1337
v  -0.3418 0.2079 0.1149
v  -0.1941 0.2079 0.1149
v  -0.0465 0.2223 0.1337
v  -0.0465 0.2350 0.1536
v  -0.0465 0.2079 0.1149
v  -0.0465 0.1919 0.0974
v  -0.1941 0.1919 0.0974
v  -0.3418 0.1919 0.0974
v  -0.3418 0.2672 0.2422
v  -0.3418 0.2621 0.2191
v  -0.1941 0.2672 0.2422
v  -0.1941 0.2621 0.2191
v  -0.3418 0.2550 0.1965
v  -0.1941 0.2550 0.1965
v  -0.0465 0.2621 0.2191
v  -0.0465 0.2672 0.2422
v  -0.0465 0.2550 0.1965
v  -0.0465 0.2459 0.1746
v  -0.1941 0.2459 0.1746
v  -0.3418 0.2459 0.1746
v  -0.3418 0.2672 0.3364
v  -0.3418 0.2703 0.3130
v  -0.1941 0.2672 0.3364
v  -0.1941 0.2703 0.3130
v  -0.3418 0.2713 0.2893
v  -0.1941 0.2713 0.2893
v  -0.0465 0.2703 0.3130
v  -0.0465 0.2672 0.3364
v  -0.0465 0.2713 0.2893
v  -0.0465 0.2703 0.2656
v  -0.1941 0.2703 0.2656
v  -0.3418 0.2703 0.2656
v  -0.3418 0.2350 0.4250
v  -0.3418 0.2459 0.4040
v  -0.1941 0.2350 0.4250
v  -0.1941 0.2459 0.4040
v  -0.3418 0.2550 0.3821
v  -0.1941 0.2550 0.3821
v  -0.0465 0.2459 0.4040
v  -0.0465 0.2350 0.4250
v  -0.0465 0.2550 0.3821
v  -0.0465 0.2621 0.3595
v  -0.1941 0.2621 0.3595
v  -0.3418 0.2621 0.3595
v  -0.3418 0.1744 0.4972
v  -0.3418 0.1919 0.4812
v  -0.1941 0.1744 0.4972
v  -0.1941 0.1919 0.4812
v  -0.3418 0.2079 0.4637
v  -0.1941 0.2079 0.4637
v  -0.0465 0.1919 0.4812
v  -0.0465 0.1744 0.4972
v  -0.0465 0.2079 0.4637
v  -0.0465 0.2223 0.4449
v  -0.1941 0.2223 0.4449
v  -0.3418 0.2223 0.4449
v  -0.3418 0.0928 0.5443
v  -0.3418 0.1147 0.5352
v  -0.1941 0.0928 0.5443
v  -0.1941 0.1147 0.5352
v  -0.3418 0.1357 0.5243
v  -0.1941 0.1357 0.5243
v  -0.0465 0.1147 0.5352
v  -0.0465 0.0928 0.5443
v  -0.0465 0.1357 0.5243
v  -0.0465 0.1556 0.5116
v  -0.1941 0.1556 0.5116
v  -0.3418 0.1556 0.5116
v  -0.3418 0.0000 0.5607
v  -0.3418 0.0236 0.5596
v  -0.1941 0.0000 0.5607
v  -0.1941 0.0236 0.5596
v  -0.3418 0.0471 0.5565
v  -0.1941 0.0471 0.5565
v  -0.0465 0.0236 0.5596
v  -0.0465 0.0000 0.5607
v  -0.0465 0.0471 0.5565
v  -0.0465 0.0702 0.5514
v  -0.1941 0.0702 0.5514
v  -0.3418 0.0702 0.5514
v  -0.3418 -0.0928 0.5443
v  -0.3418 -0.0702 0.5514
v  -0.1941 -0.0928 0.5443
v  -0.1941 -0.0702 0.5514
v  -0.3418 -0.0471 0.5565
v  -0.1941 -0.0471 0.5565
v  -0.0465 -0.0702 0.5514
v  -0.0465 -0.0928 0.5443
v  -0.0465 -0.0471 0.5565
v  -0.0465 -0.0236 0.5596
v  -0.1941 -0.0236 0.5596
v  -0.3418 -0.0236 0.5596
v  -0.3418 -0.1744 0.4972
v  -0.3418 -0.1556 0.5116
v  -0.1941 -0.1744 0.4972
v  -0.1941 -0.1556 0.5116
v  -0.3418 -0.1357 0.5243
v  -0.1941 -0.1357 0.5243
v  -0.0465 -0.1556 0.5116
v  -0.0465 -0.1744 0.4972
v  -0.0465 -0.1357 0.5243
v  -0.0465 -0.1147 0.5352
v  -0.1941 -0.1147 0.5352
v  -0.3418 -0.1147 0.5352
v  -0.3418 -0.2350 0.4250
v  -0.3418 -0.2223 0.4449
v  -0.1941 -0.2350 0.4250
v  -0.1941 -0.2223 0.4449
v  -0.3418 -0.2079 0.4637
v  -0.1941 -0.2079 0.4637
v  -0.0465 -0.2223 0.4449
v  -0.0465 -0.2350 0.4250
v  -0.0465 -0.2079 0.4637
v  -0.0465 -0.1919 0.4812
v  -0.1941 -0.1919 0.4812
v  -0.3418 -0.1919 0.4812
v  -0.3418 -0.2672 0.3364
v  -0.3418 -0.2621 0.3595
v  -0.1941 -0.2672 0.3364
v  -0.1941 -0.2621 0.3595
v  -0.3418 -0.2550 0.3821
v  -0.1941 -0.2550 0.3821
v  -0.0465 -0.2621 0.3595
v  -0.0465 -0.2672 0.3364
v  -0.0465 -0.2550 0.3821
v  -0.0465 -0.2459 0.4040
v  -0.1941 -0.2459 0.4040
v  -0.3418 -0.2459 0.4040
v  -0.3418 -0.2672 0.2422
v  -0.3418 -0.2703 0.2656
v  -0.1941 -0.2672 0.2422
v  -0.1941 -0.2703 0.2656
v  -0.3418 -0.2713 0.2893
v  -0.1941 -0.2713 0.2893
v  -0.0465 -0.2703 0.2656
v  -0.0465 -0.2672 0.2422
v  -0.0465 -0.2713 0.2893
v  -0.0465 -0.2703 0.3130
v  -0.1941 -0.2703 0.3130
v  -0.3418 -0.2703 0.3130
v  -0.3418 -0.2350 0.1536
v  -0.3418 -0.2459 0.1746
v  -0.1941 -0.2350 0.1536
v  -0.1941 -0.2459 0.1746
v  -0.3418 -0.2550 0.1965
v  -0.1941 -0.2550 0.1965
v  -0.0465 -0.2459 0.1746
v  -0.0465 -0.2350 0.1536
v  -0.0465 -0.2550 0.1965
v  -0.0465 -0.2621 0.2191
v  -0.1941 -0.2621 0.2191
v  -0.3418 -0.2621 0.2191
v  -0.3418 -0.1744 0.0814
v  -0.3418 -0.1919 0.0974
v  -0.1941 -0.1744 0.0814
v  -0.1941 -0.1919 0.0974
v  -0.3418 -0.2079 0.1149
v  -0.1941 -0.2079 0.1149
v  -0.0465 -0.1919 0.0974
v  -0.0465 -0.1744 0.0814
v  -0.0465 -0.2079 0.1149
v  -0.0465 -0.2223 0.1337
v  -0.1941 -0.2223 0.1337
v  -0.3418 -0.2223 0.1337
v  -0.3418 -0.0928 0.0343
v  -0.3418 -0.1147 0.0434
v  -0.1941 -0.0928 0.0343
v  -0.1941 -0.1147 0.0434
v  -0.3418 -0.1357 0.0543
v  -0.1941 -0.1357 0.0543
v  -0.0465 -0.1147 0.0434
v  -0.0465 -0.0928 0.0343
v  -0.0465 -0.1357 0.0543
v  -0.0465 -0.1556 0.0670
v  -0.1941 -0.1556 0.0670
v  -0.3418 -0.1556 0.0670
v  -0.3418 -0.0236 0.0190
v  -0.1941 -0.0236 0.0190
v  -0.3418 -0.0471 0.0221
v  -0.1941 -0.0471 0.0221
v  -0.0465 -0.0236 0.0190
v  -0.0465 -0.0471 0.0221
v  -0.0465 -0.0702 0.0272
v  -0.1941 -0.0702 0.0272
v  -0.3418 -0.0702 0.0272
v  0.4473 0.0000 0.5576
v  0.4826 0.0000 0.5599
v  0.4826 0.0197 0.5573
v  0.4476 0.0197 0.5550
v  0.4826 0.0381 0.5498
v  0.4486 0.0381 0.5476
v  0.4152 0.0381 0.5409
v  0.4132 0.0197 0.5482
v  0.4125 0.0000 0.5507
v  0.4826 0.0538 0.5378
v  0.4502 0.0538 0.5357
v  0.4826 0.0659 0.5222
v  0.4522 0.0659 0.5202
v  0.4223 0.0659 0.5143
v  0.4183 0.0538 0.5293
v  0.4826 0.0735 0.5040
v  0.4546 0.0735 0.5021
v  0.4826 0.0761 0.4845
v  0.4571 0.0761 0.4828
v  0.4321 0.0761 0.4778
v  0.4270 0.0735 0.4967
v  0.4826 0.0735 0.4650
v  0.4597 0.0735 0.4634
v  0.4826 0.0659 0.4467
v  0.4620 0.0659 0.4454
v  0.4418 0.0659 0.4414
v  0.4371 0.0735 0.4590
v  0.4826 0.0538 0.4312
v  0.4641 0.0538 0.4299
v  0.4826 0.0381 0.4191
v  0.4656 0.0381 0.4180
v  0.4490 0.0381 0.4147
v  0.4459 0.0538 0.4263
v  0.4826 0.0197 0.4116
v  0.4666 0.0197 0.4106
v  0.4826 0.0000 0.4090
v  0.4670 0.0000 0.4080
v  0.4516 0.0000 0.4049
v  0.4509 0.0197 0.4075
v  0.4826 -0.0197 0.4116
v  0.4666 -0.0197 0.4106
v  0.4826 -0.0381 0.4191
v  0.4656 -0.0381 0.4180
v  0.4490 -0.0381 0.4147
v  0.4509 -0.0197 0.4075
v  0.4826 -0.0538 0.4312
v  0.4641 -0.0538 0.4299
v  0.4826 -0.0659 0.4467
v  0.4620 -0.0659 0.4454
v  0.4418 -0.0659 0.4414
v  0.4459 -0.0538 0.4263
v  0.4826 -0.0735 0.4650
v  0.4597 -0.0735 0.4634
v  0.4826 -0.0761 0.4845
v  0.4571 -0.0761 0.4828
v  0.4321 -0.0761 0.4778
v  0.4371 -0.0735 0.4590
v  0.4826 -0.0735 0.5040
v  0.4546 -0.0735 0.5021
v  0.4826 -0.0659 0.5222
v  0.4522 -0.0659 0.5202
v  0.4223 -0.0659 0.5143
v  0.4270 -0.0735 0.4967
v  0.4826 -0.0538 0.5378
v  0.4502 -0.0538 0.5357
v  0.4826 -0.0381 0.5498
v  0.4486 -0.0381 0.5476
v  0.4152 -0.0381 0.5409
v  0.4183 -0.0538 0.5293
v  0.4826 -0.0197 0.5573
v  0.4476 -0.0197 0.5550
v  0.4132 -0.0197 0.5482
v  0.3790 0.0000 0.5393
v  0.3800 0.0197 0.5369
v  0.3829 0.0381 0.5300
v  0.3523 0.0381 0.5149
v  0.3486 0.0197 0.5214
v  0.3473 0.0000 0.5237
v  0.3875 0.0538 0.5189
v  0.3935 0.0659 0.5045
v  0.3661 0.0659 0.4910
v  0.3583 0.0538 0.5045
v  0.4004 0.0735 0.4876
v  0.4079 0.0761 0.4696
v  0.3850 0.0761 0.4583
v  0.3752 0.0735 0.4752
v  0.4154 0.0735 0.4516
v  0.4223 0.0659 0.4348
v  0.4039 0.0659 0.4257
v  0.3948 0.0735 0.4414
v  0.4283 0.0538 0.4203
v  0.4329 0.0381 0.4092
v  0.4177 0.0381 0.4017
v  0.4117 0.0538 0.4121
v  0.4358 0.0197 0.4023
v  0.4368 0.0000 0.3999
v  0.4227 0.0000 0.3930
v  0.4214 0.0197 0.3952
v  0.4358 -0.0197 0.4023
v  0.4329 -0.0381 0.4092
v  0.4177 -0.0381 0.4017
v  0.4214 -0.0197 0.3952
v  0.4283 -0.0538 0.4203
v  0.4223 -0.0659 0.4348
v  0.4039 -0.0659 0.4257
v  0.4117 -0.0538 0.4121
v  0.4154 -0.0735 0.4516
v  0.4079 -0.0761 0.4696
v  0.3850 -0.0761 0.4583
v  0.3948 -0.0735 0.4414
v  0.4004 -0.0735 0.4876
v  0.3935 -0.0659 0.5045
v  0.3661 -0.0659 0.4910
v  0.3752 -0.0735 0.4752
v  0.3875 -0.0538 0.5189
v  0.3829 -0.0381 0.5300
v  0.3523 -0.0381 0.5149
v  0.3583 -0.0538 0.5045
v  0.3800 -0.0197 0.5369
v  0.3486 -0.0197 0.5214
v  0.3178 0.0000 0.5040
v  0.3194 0.0197 0.5019
v  0.3240 0.0381 0.4960
v  0.2984 0.0381 0.4735
v  0.2931 0.0197 0.4788
v  0.2912 0.0000 0.4807
v  0.3313 0.0538 0.4864
v  0.3408 0.0659 0.4741
v  0.3179 0.0659 0.4540
v  0.3069 0.0538 0.4650
v  0.3519 0.0735 0.4596
v  0.3638 0.0761 0.4441
v  0.3446 0.0761 0.4273
v  0.3308 0.0735 0.4411
v  0.3757 0.0735 0.4287
v  0.3867 0.0659 0.4142
v  0.3713 0.0659 0.4006
v  0.3584 0.0735 0.4135
v  0.3962 0.0538 0.4018
v  0.4036 0.0381 0.3923
v  0.3908 0.0381 0.3811
v  0.3823 0.0538 0.3896
v  0.4081 0.0197 0.3864
v  0.4097 0.0000 0.3843
v  0.3979 0.0000 0.3740
v  0.3961 0.0197 0.3758
v  0.4081 -0.0197 0.3864
v  0.4036 -0.0381 0.3923
v  0.3908 -0.0381 0.3811
v  0.3961 -0.0197 0.3758
v  0.3962 -0.0538 0.4018
v  0.3867 -0.0659 0.4142
v  0.3713 -0.0659 0.4006
v  0.3823 -0.0538 0.3896
v  0.3757 -0.0735 0.4287
v  0.3638 -0.0761 0.4441
v  0.3446 -0.0761 0.4273
v  0.3584 -0.0735 0.4135
v  0.3519 -0.0735 0.4596
v  0.3408 -0.0659 0.4741
v  0.3179 -0.0659 0.4540
v  0.3308 -0.0735 0.4411
v  0.3313 -0.0538 0.4864
v  0.3240 -0.0381 0.4960
v  0.2984 -0.0381 0.4735
v  0.3069 -0.0538 0.4650
v  0.3194 -0.0197 0.5019
v  0.2931 -0.0197 0.4788
v  0.2679 0.0000 0.4540
v  0.2700 0.0197 0.4525
v  0.2759 0.0381 0.4479
v  0.2570 0.0381 0.4196
v  0.2505 0.0197 0.4233
v  0.2482 0.0000 0.4246
v  0.2854 0.0538 0.4406
v  0.2978 0.0659 0.4311
v  0.2809 0.0659 0.4058
v  0.2674 0.0538 0.4135
v  0.3123 0.0735 0.4200
v  0.3278 0.0761 0.4081
v  0.3136 0.0761 0.3869
v  0.2967 0.0735 0.3966
v  0.3432 0.0735 0.3962
v  0.3577 0.0659 0.3851
v  0.3462 0.0659 0.3680
v  0.3305 0.0735 0.3771
v  0.3701 0.0538 0.3757
v  0.3796 0.0381 0.3683
v  0.3702 0.0381 0.3542
v  0.3597 0.0538 0.3602
v  0.3855 0.0197 0.3638
v  0.3876 0.0000 0.3622
v  0.3789 0.0000 0.3492
v  0.3766 0.0197 0.3505
v  0.3855 -0.0197 0.3638
v  0.3796 -0.0381 0.3683
v  0.3702 -0.0381 0.3542
v  0.3766 -0.0197 0.3505
v  0.3701 -0.0538 0.3757
v  0.3577 -0.0659 0.3851
v  0.3462 -0.0659 0.3680
v  0.3597 -0.0538 0.3602
v  0.3432 -0.0735 0.3962
v  0.3278 -0.0761 0.4081
v  0.3136 -0.0761 0.3869
v  0.3305 -0.0735 0.3771
v  0.3123 -0.0735 0.4200
v  0.2978 -0.0659 0.4311
v  0.2809 -0.0659 0.4058
v  0.2967 -0.0735 0.3966
v  0.2854 -0.0538 0.4406
v  0.2759 -0.0381 0.4479
v  0.2570 -0.0381 0.4196
v  0.2674 -0.0538 0.4135
v  0.2700 -0.0197 0.4525
v  0.2505 -0.0197 0.4233
v  0.2326 0.0000 0.3929
v  0.2350 0.0197 0.3919
v  0.2419 0.0381 0.3890
v  0.2309 0.0381 0.3567
v  0.2237 0.0197 0.3587
v  0.2212 0.0000 0.3593
v  0.2530 0.0538 0.3844
v  0.2674 0.0659 0.3784
v  0.2576 0.0659 0.3496
v  0.2426 0.0538 0.3536
v  0.2842 0.0735 0.3715
v  0.3023 0.0761 0.3640
v  0.2941 0.0761 0.3398
v  0.2752 0.0735 0.3449
v  0.3203 0.0735 0.3565
v  0.3371 0.0659 0.3495
v  0.3305 0.0659 0.3301
v  0.3129 0.0735 0.3348
v  0.3515 0.0538 0.3436
v  0.3626 0.0381 0.3390
v  0.3572 0.0381 0.3229
v  0.3456 0.0538 0.3260
v  0.3696 0.0197 0.3361
v  0.3720 0.0000 0.3351
v  0.3669 0.0000 0.3203
v  0.3644 0.0197 0.3210
v  0.3696 -0.0197 0.3361
v  0.3626 -0.0381 0.3390
v  0.3572 -0.0381 0.3229
v  0.3644 -0.0197 0.3210
v  0.3515 -0.0538 0.3436
v  0.3371 -0.0659 0.3495
v  0.3305 -0.0659 0.3301
v  0.3456 -0.0538 0.3260
v  0.3203 -0.0735 0.3565
v  0.3023 -0.0761 0.3640
v  0.2941 -0.0761 0.3398
v  0.3129 -0.0735 0.3348
v  0.2842 -0.0735 0.3715
v  0.2674 -0.0659 0.3784
v  0.2576 -0.0659 0.3496
v  0.2752 -0.0735 0.3449
v  0.2530 -0.0538 0.3844
v  0.2419 -0.0381 0.3890
v  0.2309 -0.0381 0.3567
v  0.2426 -0.0538 0.3536
v  0.2350 -0.0197 0.3919
v  0.2237 -0.0197 0.3587
v  0.2143 0.0000 0.3246
v  0.2169 0.0197 0.3243
v  0.2243 0.0381 0.3233
v  0.2221 0.0381 0.2893
v  0.2146 0.0197 0.2893
v  0.2120 0.0000 0.2893
v  0.2362 0.0538 0.3217
v  0.2517 0.0659 0.3197
v  0.2497 0.0659 0.2893
v  0.2341 0.0538 0.2893
v  0.2697 0.0735 0.3173
v  0.2891 0.0761 0.3148
v  0.2874 0.0761 0.2893
v  0.2679 0.0735 0.2893
v  0.3084 0.0735 0.3122
v  0.3265 0.0659 0.3099
v  0.3251 0.0659 0.2893
v  0.3069 0.0735 0.2893
v  0.3420 0.0538 0.3078
v  0.3539 0.0381 0.3062
v  0.3528 0.0381 0.2893
v  0.3407 0.0538 0.2893
v  0.3613 0.0197 0.3053
v  0.3639 0.0000 0.3049
v  0.3629 0.0000 0.2893
v  0.3603 0.0197 0.2893
v  0.3613 -0.0197 0.3053
v  0.3539 -0.0381 0.3062
v  0.3528 -0.0381 0.2893
v  0.3603 -0.0197 0.2893
v  0.3420 -0.0538 0.3078
v  0.3265 -0.0659 0.3099
v  0.3251 -0.0659 0.2893
v  0.3407 -0.0538 0.2893
v  0.3084 -0.0735 0.3122
v  0.2891 -0.0761 0.3148
v  0.2874 -0.0761 0.2893
v  0.3069 -0.0735 0.2893
v  0.2697 -0.0735 0.3173
v  0.2517 -0.0659 0.3197
v  0.2497 -0.0659 0.2893
v  0.2679 -0.0735 0.2893
v  0.2362 -0.0538 0.3217
v  0.2243 -0.0381 0.3233
v  0.2221 -0.0381 0.2893
v  0.2341 -0.0538 0.2893
v  0.2169 -0.0197 0.3243
v  0.2146 -0.0197 0.2893
v  0.2143 0.0000 0.2540
v  0.2169 0.0197 0.2543
v  0.2243 0.0381 0.2553
v  0.2309 0.0381 0.2219
v  0.2237 0.0197 0.2199
v  0.2212 0.0000 0.2193
v  0.2362 0.0538 0.2569
v  0.2517 0.0659 0.2589
v  0.2576 0.0659 0.2290
v  0.2426 0.0538 0.2250
v  0.2697 0.0735 0.2613
v  0.2891 0.0761 0.2638
v  0.2941 0.0761 0.2388
v  0.2752 0.0735 0.2337
v  0.3084 0.0735 0.2664
v  0.3265 0.0659 0.2687
v  0.3305 0.0659 0.2485
v  0.3129 0.0735 0.2438
v  0.3420 0.0538 0.2708
v  0.3539 0.0381 0.2724
v  0.3572 0.0381 0.2557
v  0.3456 0.0538 0.2526
v  0.3613 0.0197 0.2733
v  0.3639 0.0000 0.2737
v  0.3669 0.0000 0.2583
v  0.3644 0.0197 0.2576
v  0.3613 -0.0197 0.2733
v  0.3539 -0.0381 0.2724
v  0.3572 -0.0381 0.2557
v  0.3644 -0.0197 0.2576
v  0.3420 -0.0538 0.2708
v  0.3265 -0.0659 0.2687
v  0.3305 -0.0659 0.2485
v  0.3456 -0.0538 0.2526
v  0.3084 -0.0735 0.2664
v  0.2891 -0.0761 0.2638
v  0.2941 -0.0761 0.2388
v  0.3129 -0.0735 0.2438
v  0.2697 -0.0735 0.2613
v  0.2517 -0.0659 0.2589
v  0.2576 -0.0659 0.2290
v  0.2752 -0.0735 0.2337
v  0.2362 -0.0538 0.2569
v  0.2243 -0.0381 0.2553
v  0.2309 -0.0381 0.2219
v  0.2426 -0.0538 0.2250
v  0.2169 -0.0197 0.2543
v  0.2237 -0.0197 0.2199
v  0.2326 0.0000 0.1857
v  0.2350 0.0197 0.1867
v  0.2419 0.0381 0.1896
v  0.2570 0.0381 0.1590
v  0.2505 0.0197 0.1553
v  0.2482 0.0000 0.1540
v  0.2530 0.0538 0.1942
v  0.2674 0.0659 0.2002
v  0.2809 0.0659 0.1728
v  0.2674 0.0538 0.1651
v  0.2842 0.0735 0.2071
v  0.3023 0.0761 0.2146
v  0.3136 0.0761 0.1917
v  0.2967 0.0735 0.1820
v  0.3203 0.0735 0.2221
v  0.3371 0.0659 0.2291
v  0.3462 0.0659 0.2106
v  0.3305 0.0735 0.2015
v  0.3515 0.0538 0.2350
v  0.3626 0.0381 0.2396
v  0.3702 0.0381 0.2244
v  0.3597 0.0538 0.2184
v  0.3696 0.0197 0.2425
v  0.3720 0.0000 0.2435
v  0.3789 0.0000 0.2294
v  0.3766 0.0197 0.2281
v  0.3696 -0.0197 0.2425
v  0.3626 -0.0381 0.2396
v  0.3702 -0.0381 0.2244
v  0.3766 -0.0197 0.2281
v  0.3515 -0.0538 0.2350
v  0.3371 -0.0659 0.2291
v  0.3462 -0.0659 0.2106
v  0.3597 -0.0538 0.2184
v  0.3203 -0.0735 0.2221
v  0.3023 -0.0761 0.2146
v  0.3136 -0.0761 0.1917
v  0.3305 -0.0735 0.2015
v  0.2842 -0.0735 0.2071
v  0.2674 -0.0659 0.2002
v  0.2809 -0.0659 0.1728
v  0.2967 -0.0735 0.1820
v  0.2530 -0.0538 0.1942
v  0.2419 -0.0381 0.1896
v  0.2570 -0.0381 0.1590
v  0.2674 -0.0538 0.1651
v  0.2350 -0.0197 0.1867
v  0.2505 -0.0197 0.1553
v  0.2679 0.0000 0.1246
v  0.2700 0.0197 0.1261
v  0.2759 0.0381 0.1307
v  0.2984 0.0381 0.1051
v  0.2931 0.0197 0.0998
v  0.2912 0.0000 0.0979
v  0.2854 0.0538 0.1380
v  0.2978 0.0659 0.1475
v  0.3179 0.0659 0.1246
v  0.3069 0.0538 0.1136
v  0.3123 0.0735 0.1586
v  0.3278 0.0761 0.1705
v  0.3446 0.0761 0.1513
v  0.3308 0.0735 0.1375
v  0.3432 0.0735 0.1824
v  0.3577 0.0659 0.1935
v  0.3713 0.0659 0.1780
v  0.3584 0.0735 0.1651
v  0.3701 0.0538 0.2029
v  0.3796 0.0381 0.2103
v  0.3908 0.0381 0.1975
v  0.3823 0.0538 0.1890
v  0.3855 0.0197 0.2148
v  0.3876 0.0000 0.2164
v  0.3979 0.0000 0.2046
v  0.3961 0.0197 0.2028
v  0.3855 -0.0197 0.2148
v  0.3796 -0.0381 0.2103
v  0.3908 -0.0381 0.1975
v  0.3961 -0.0197 0.2028
v  0.3701 -0.0538 0.2029
v  0.3577 -0.0659 0.1935
v  0.3713 -0.0659 0.1780
v  0.3823 -0.0538 0.1890
v  0.3432 -0.0735 0.1824
v  0.3278 -0.0761 0.1705
v  0.3446 -0.0761 0.1513
v  0.3584 -0.0735 0.1651
v  0.3123 -0.0735 0.1586
v  0.2978 -0.0659 0.1475
v  0.3179 -0.0659 0.1246
v  0.3308 -0.0735 0.1375
v  0.2854 -0.0538 0.1380
v  0.2759 -0.0381 0.1307
v  0.2984 -0.0381 0.1051
v  0.3069 -0.0538 0.1136
v  0.2700 -0.0197 0.1261
v  0.2931 -0.0197 0.0998
v  0.3178 0.0000 0.0746
v  0.3194 0.0197 0.0767
v  0.3240 0.0381 0.0826
v  0.3523 0.0381 0.0637
v  0.3486 0.0197 0.0572
v  0.3473 0.0000 0.0549
v  0.3313 0.0538 0.0922
v  0.3408 0.0659 0.1045
v  0.3661 0.0659 0.0876
v  0.3583 0.0538 0.0741
v  0.3519 0.0735 0.1190
v  0.3638 0.0761 0.1345
v  0.3850 0.0761 0.1203
v  0.3752 0.0735 0.1034
v  0.3757 0.0735 0.1499
v  0.3867 0.0659 0.1644
v  0.4039 0.0659 0.1529
v  0.3948 0.0735 0.1372
v  0.3962 0.0538 0.1768
v  0.4036 0.0381 0.1863
v  0.4177 0.0381 0.1769
v  0.4117 0.0538 0.1665
v  0.4081 0.0197 0.1922
v  0.4097 0.0000 0.1943
v  0.4227 0.0000 0.1856
v  0.4214 0.0197 0.1834
v  0.4081 -0.0197 0.1922
v  0.4036 -0.0381 0.1863
v  0.4177 -0.0381 0.1769
v  0.4214 -0.0197 0.1834
v  0.3962 -0.0538 0.1768
v  0.3867 -0.0659 0.1644
v  0.4039 -0.0659 0.1529
v  0.4117 -0.0538 0.1665
v  0.3757 -0.0735 0.1499
v  0.3638 -0.0761 0.1345
v  0.3850 -0.0761 0.1203
v  0.3948 -0.0735 0.1372
v  0.3519 -0.0735 0.1190
v  0.3408 -0.0659 0.1045
v  0.3661 -0.0659 0.0876
v  0.3752 -0.0735 0.1034
v  0.3313 -0.0538 0.0922
v  0.3240 -0.0381 0.0826
v  0.3523 -0.0381 0.0637
v  0.3583 -0.0538 0.0741
v  0.3194 -0.0197 0.0767
v  0.3486 -0.0197 0.0572
v  0.3790 0.0000 0.0393
v  0.3800 0.0197 0.0417
v  0.3829 0.0381 0.0486
v  0.4152 0.0381 0.0377
v  0.4132 0.0197 0.0304
v  0.4125 0.0000 0.0279
v  0.3875 0.0538 0.0597
v  0.3935 0.0659 0.0741
v  0.4223 0.0659 0.0643
v  0.4183 0.0538 0.0493
v  0.4004 0.0735 0.0910
v  0.4079 0.0761 0.1090
v  0.4321 0.0761 0.1008
v  0.4270 0.0735 0.0819
v  0.4154 0.0735 0.1270
v  0.4223 0.0659 0.1438
v  0.4418 0.0659 0.1372
v  0.4371 0.0735 0.1196
v  0.4283 0.0538 0.1583
v  0.4329 0.0381 0.1694
v  0.4490 0.0381 0.1639
v  0.4459 0.0538 0.1523
v  0.4358 0.0197 0.1763
v  0.4368 0.0000 0.1787
v  0.4516 0.0000 0.1737
v  0.4509 0.0197 0.1711
v  0.4358 -0.0197 0.1763
v  0.4329 -0.0381 0.1694
v  0.4490 -0.0381 0.1639
v  0.4509 -0.0197 0.1711
v  0.4283 -0.0538 0.1583
v  0.4223 -0.0659 0.1438
v  0.4418 -0.0659 0.1372
v  0.4459 -0.0538 0.1523
v  0.4154 -0.0735 0.1270
v  0.4079 -0.0761 0.1090
v  0.4321 -0.0761 0.1008
v  0.4371 -0.0735 0.1196
v  0.4004 -0.0735 0.0910
v  0.3935 -0.0659 0.0741
v  0.4223 -0.0659 0.0643
v  0.4270 -0.0735 0.0819
v  0.3875 -0.0538 0.0597
v  0.3829 -0.0381 0.0486
v  0.4152 -0.0381 0.0377
v  0.4183 -0.0538 0.0493
v  0.3800 -0.0197 0.0417
v  0.4132 -0.0197 0.0304
v  0.4473 0.0000 0.0210
v  0.4476 0.0197 0.0236
v  0.4486 0.0381 0.0310
v  0.4826 0.0381 0.0288
v  0.4826 0.0197 0.0213
v  0.4826 0.0000 0.0187
v  0.4502 0.0538 0.0429
v  0.4522 0.0659 0.0584
v  0.4826 0.0659 0.0564
v  0.4826 0.0538 0.0408
v  0.4546 0.0735 0.0765
v  0.4571 0.0761 0.0958
v  0.4826 0.0761 0.0941
v  0.4826 0.0735 0.0746
v  0.4597 0.0735 0.1152
v  0.4620 0.0659 0.1332
v  0.4826 0.0659 0.1319
v  0.4826 0.0735 0.1136
v  0.4641 0.0538 0.1487
v  0.4656 0.0381 0.1606
v  0.4826 0.0381 0.1595
v  0.4826 0.0538 0.1474
v  0.4666 0.0197 0.1680
v  0.4670 0.0000 0.1706
v  0.4826 0.0000 0.1696
v  0.4826 0.0197 0.1670
v  0.4666 -0.0197 0.1680
v  0.4656 -0.0381 0.1606
v  0.4826 -0.0381 0.1595
v  0.4826 -0.0197 0.1670
v  0.4641 -0.0538 0.1487
v  0.4620 -0.0659 0.1332
v  0.4826 -0.0659 0.1319
v  0.4826 -0.0538 0.1474
v  0.4597 -0.0735 0.1152
v  0.4571 -0.0761 0.0958
v  0.4826 -0.0761 0.0941
v  0.4826 -0.0735 0.1136
v  0.4546 -0.0735 0.0765
v  0.4522 -0.0659 0.0584
v  0.4826 -0.0659 0.0564
v  0.4826 -0.0735 0.0746
v  0.4502 -0.0538 0.0429
v  0.4486 -0.0381 0.0310
v  0.4826 -0.0381 0.0288
v  0.4826 -0.0538 0.0408
v  0.4476 -0.0197 0.0236
v  0.4826 -0.0197 0.0213
v  0.5179 0.0000 0.0210
v  0.5176 0.0197 0.0236
v  0.5166 0.0381 0.0310
v  0.5500 0.0381 0.0377
v  0.5520 0.0197 0.0304
v  0.5526 0.0000 0.0279
v  0.5150 0.0538 0.0429
v  0.5130 0.0659 0.0584
v  0.5429 0.0659 0.0643
v  0.5469 0.0538 0.0493
v  0.5106 0.0735 0.0765
v  0.5081 0.0761 0.0958
v  0.5331 0.0761 0.1008
v  0.5382 0.0735 0.0819
v  0.5055 0.0735 0.1152
v  0.5031 0.0659 0.1332
v  0.5233 0.0659 0.1372
v  0.5280 0.0735 0.1196
v  0.5011 0.0538 0.1487
v  0.4995 0.0381 0.1606
v  0.5162 0.0381 0.1639
v  0.5193 0.0538 0.1523
v  0.4986 0.0197 0.1680
v  0.4982 0.0000 0.1706
v  0.5136 0.0000 0.1737
v  0.5142 0.0197 0.1711
v  0.4986 -0.0197 0.1680
v  0.4995 -0.0381 0.1606
v  0.5162 -0.0381 0.1639
v  0.5142 -0.0197 0.1711
v  0.5011 -0.0538 0.1487
v  0.5031 -0.0659 0.1332
v  0.5233 -0.0659 0.1372
v  0.5193 -0.0538 0.1523
v  0.5055 -0.0735 0.1152
v  0.5081 -0.0761 0.0958
v  0.5331 -0.0761 0.1008
v  0.5280 -0.0735 0.1196
v  0.5106 -0.0735 0.0765
v  0.5130 -0.0659 0.0584
v  0.5429 -0.0659 0.0643
v  0.5382 -0.0735 0.0819
v  0.5150 -0.0538 0.0429
v  0.5166 -0.0381 0.0310
v  0.5500 -0.0381 0.0377
v  0.5469 -0.0538 0.0493
v  0.5176 -0.0197 0.0236
v  0.5520 -0.0197 0.0304
v  0.5861 0.0000 0.0393
v  0.5851 0.0197 0.0417
v  0.5823 0.0381 0.0486
v  0.6128 0.0381 0.0637
v  0.6166 0.0197 0.0572
v  0.6179 0.0000 0.0549
v  0.5777 0.0538 0.0597
v  0.5717 0.0659 0.0741
v  0.5990 0.0659 0.0876
v  0.6068 0.0538 0.0741
v  0.5647 0.0735 0.0910
v  0.5573 0.0761 0.1090
v  0.5802 0.0761 0.1203
v  0.5899 0.0735 0.1034
v  0.5498 0.0735 0.1270
v  0.5428 0.0659 0.1438
v  0.5613 0.0659 0.1529
v  0.5704 0.0735 0.1372
v  0.5369 0.0538 0.1583
v  0.5323 0.0381 0.1694
v  0.5475 0.0381 0.1769
v  0.5535 0.0538 0.1665
v  0.5294 0.0197 0.1763
v  0.5284 0.0000 0.1787
v  0.5424 0.0000 0.1856
v  0.5438 0.0197 0.1834
v  0.5294 -0.0197 0.1763
v  0.5323 -0.0381 0.1694
v  0.5475 -0.0381 0.1769
v  0.5438 -0.0197 0.1834
v  0.5369 -0.0538 0.1583
v  0.5428 -0.0659 0.1438
v  0.5613 -0.0659 0.1529
v  0.5535 -0.0538 0.1665
v  0.5498 -0.0735 0.1270
v  0.5573 -0.0761 0.1090
v  0.5802 -0.0761 0.1203
v  0.5704 -0.0735 0.1372
v  0.5647 -0.0735 0.0910
v  0.5717 -0.0659 0.0741
v  0.5990 -0.0659 0.0876
v  0.5899 -0.0735 0.1034
v  0.5777 -0.0538 0.0597
v  0.5823 -0.0381 0.0486
v  0.6128 -0.0381 0.0637
v  0.6068 -0.0538 0.0741
v  0.5851 -0.0197 0.0417
v  0.6166 -0.0197 0.0572
v  0.6473 0.0000 0.0746
v  0.6457 0.0197 0.0767
v  0.6412 0.0381 0.0826
v  0.6668 0.0381 0.1051
v  0.6721 0.0197 0.0998
v  0.6739 0.0000 0.0979
v  0.6339 0.0538 0.0922
v  0.6244 0.0659 0.1045
v  0.6473 0.0659 0.1246
v  0.6583 0.0538 0.1136
v  0.6133 0.0735 0.1190
v  0.6014 0.0761 0.1345
v  0.6206 0.0761 0.1513
v  0.6344 0.0735 0.1375
v  0.5895 0.0735 0.1499
v  0.5784 0.0659 0.1644
v  0.5939 0.0659 0.1780
v  0.6068 0.0735 0.1651
v  0.5689 0.0538 0.1768
v  0.5616 0.0381 0.1863
v  0.5744 0.0381 0.1975
v  0.5829 0.0538 0.1890
v  0.5571 0.0197 0.1922
v  0.5555 0.0000 0.1943
v  0.5672 0.0000 0.2046
v  0.5691 0.0197 0.2028
v  0.5571 -0.0197 0.1922
v  0.5616 -0.0381 0.1863
v  0.5744 -0.0381 0.1975
v  0.5691 -0.0197 0.2028
v  0.5689 -0.0538 0.1768
v  0.5784 -0.0659 0.1644
v  0.5939 -0.0659 0.1780
v  0.5829 -0.0538 0.1890
v  0.5895 -0.0735 0.1499
v  0.6014 -0.0761 0.1345
v  0.6206 -0.0761 0.1513
v  0.6068 -0.0735 0.1651
v  0.6133 -0.0735 0.1190
v  0.6244 -0.0659 0.1045
v  0.6473 -0.0659 0.1246
v  0.6344 -0.0735 0.1375
v  0.6339 -0.0538 0.0922
v  0.6412 -0.0381 0.0826
v  0.6668 -0.0381 0.1051
v  0.6583 -0.0538 0.1136
v  0.6457 -0.0197 0.0767
v  0.6721 -0.0197 0.0998
v  0.6973 0.0000 0.1246
v  0.6952 0.0197 0.1261
v  0.6893 0.0381 0.1307
v  0.7082 0.0381 0.1590
v  0.7147 0.0197 0.1553
v  0.7170 0.0000 0.1540
v  0.6797 0.0538 0.1380
v  0.6674 0.0659 0.1475
v  0.6843 0.0659 0.1728
v  0.6978 0.0538 0.1651
v  0.6529 0.0735 0.1586
v  0.6374 0.0761 0.1705
v  0.6516 0.0761 0.1917
v  0.6685 0.0735 0.1820
v  0.6219 0.0735 0.1824
v  0.6075 0.0659 0.1935
v  0.6189 0.0659 0.2106
v  0.6347 0.0735 0.2015
v  0.5951 0.0538 0.2029
v  0.5856 0.0381 0.2103
v  0.5950 0.0381 0.2244
v  0.6054 0.0538 0.2184
v  0.5796 0.0197 0.2148
v  0.5776 0.0000 0.2164
v  0.5863 0.0000 0.2294
v  0.5885 0.0197 0.2281
v  0.5796 -0.0197 0.2148
v  0.5856 -0.0381 0.2103
v  0.5950 -0.0381 0.2244
v  0.5885 -0.0197 0.2281
v  0.5951 -0.0538 0.2029
v  0.6075 -0.0659 0.1935
v  0.6189 -0.0659 0.2106
v  0.6054 -0.0538 0.2184
v  0.6219 -0.0735 0.1824
v  0.6374 -0.0761 0.1705
v  0.6516 -0.0761 0.1917
v  0.6347 -0.0735 0.2015
v  0.6529 -0.0735 0.1586
v  0.6674 -0.0659 0.1475
v  0.6843 -0.0659 0.1728
v  0.6685 -0.0735 0.1820
v  0.6797 -0.0538 0.1380
v  0.6893 -0.0381 0.1307
v  0.7082 -0.0381 0.1590
v  0.6978 -0.0538 0.1651
v  0.6952 -0.0197 0.1261
v  0.7147 -0.0197 0.1553
v  0.7326 0.0000 0.1857
v  0.7302 0.0197 0.1867
v  0.7233 0.0381 0.1896
v  0.7342 0.0381 0.2219
v  0.7415 0.0197 0.2199
v  0.7440 0.0000 0.2193
v  0.7122 0.0538 0.1942
v  0.6978 0.0659 0.2002
v  0.7076 0.0659 0.2290
v  0.7226 0.0538 0.2250
v  0.6809 0.0735 0.2071
v  0.6629 0.0761 0.2146
v  0.6711 0.0761 0.2388
v  0.6900 0.0735 0.2337
v  0.6449 0.0735 0.2221
v  0.6280 0.0659 0.2291
v  0.6347 0.0659 0.2485
v  0.6523 0.0735 0.2438
v  0.6136 0.0538 0.2350
v  0.6025 0.0381 0.2396
v  0.6080 0.0381 0.2557
v  0.6196 0.0538 0.2526
v  0.5956 0.0197 0.2425
v  0.5932 0.0000 0.2435
v  0.5982 0.0000 0.2583
v  0.6008 0.0197 0.2576
v  0.5956 -0.0197 0.2425
v  0.6025 -0.0381 0.2396
v  0.6080 -0.0381 0.2557
v  0.6008 -0.0197 0.2576
v  0.6136 -0.0538 0.2350
v  0.6280 -0.0659 0.2291
v  0.6347 -0.0659 0.2485
v  0.6196 -0.0538 0.2526
v  0.6449 -0.0735 0.2221
v  0.6629 -0.0761 0.2146
v  0.6711 -0.0761 0.2388
v  0.6523 -0.0735 0.2438
v  0.6809 -0.0735 0.2071
v  0.6978 -0.0659 0.2002
v  0.7076 -0.0659 0.2290
v  0.6900 -0.0735 0.2337
v  0.7122 -0.0538 0.1942
v  0.7233 -0.0381 0.1896
v  0.7342 -0.0381 0.2219
v  0.7226 -0.0538 0.2250
v  0.7302 -0.0197 0.1867
v  0.7415 -0.0197 0.2199
v  0.7509 0.0000 0.2540
v  0.7483 0.0197 0.2543
v  0.7409 0.0381 0.2553
v  0.7431 0.0381 0.2893
v  0.7506 0.0197 0.2893
v  0.7532 0.0000 0.2893
v  0.7289 0.0538 0.2569
v  0.7135 0.0659 0.2589
v  0.7155 0.0659 0.2893
v  0.7311 0.0538 0.2893
v  0.6954 0.0735 0.2613
v  0.6761 0.0761 0.2638
v  0.6778 0.0761 0.2893
v  0.6973 0.0735 0.2893
v  0.6567 0.0735 0.2664
v  0.6387 0.0659 0.2687
v  0.6400 0.0659 0.2893
v  0.6582 0.0735 0.2893
v  0.6232 0.0538 0.2708
v  0.6113 0.0381 0.2724
v  0.6124 0.0381 0.2893
v  0.6244 0.0538 0.2893
v  0.6039 0.0197 0.2733
v  0.6013 0.0000 0.2737
v  0.6023 0.0000 0.2893
v  0.6049 0.0197 0.2893
v  0.6039 -0.0197 0.2733
v  0.6113 -0.0381 0.2724
v  0.6124 -0.0381 0.2893
v  0.6049 -0.0197 0.2893
v  0.6232 -0.0538 0.2708
v  0.6387 -0.0659 0.2687
v  0.6400 -0.0659 0.2893
v  0.6244 -0.0538 0.2893
v  0.6567 -0.0735 0.2664
v  0.6761 -0.0761 0.2638
v  0.6778 -0.0761 0.2893
v  0.6582 -0.0735 0.2893
v  0.6954 -0.0735 0.2613
v  0.7135 -0.0659 0.2589
v  0.7155 -0.0659 0.2893
v  0.6973 -0.0735 0.2893
v  0.7289 -0.0538 0.2569
v  0.7409 -0.0381 0.2553
v  0.7431 -0.0381 0.2893
v  0.7311 -0.0538 0.2893
v  0.7483 -0.0197 0.2543
v  0.7506 -0.0197 0.2893
v  0.7509 0.0000 0.3246
v  0.7483 0.0197 0.3243
v  0.7409 0.0381 0.3233
v  0.7342 0.0381 0.3567
v  0.7415 0.0197 0.3587
v  0.7440 0.0000 0.3593
v  0.7289 0.0538 0.3217
v  0.7135 0.0659 0.3197
v  0.7076 0.0659 0.3496
v  0.7226 0.0538 0.3536
v  0.6954 0.0735 0.3173
v  0.6761 0.0761 0.3148
v  0.6711 0.0761 0.3398
v  0.6900 0.0735 0.3449
v  0.6567 0.0735 0.3122
v  0.6387 0.0659 0.3099
v  0.6347 0.0659 0.3301
v  0.6523 0.0735 0.3348
v  0.6232 0.0538 0.3078
v  0.6113 0.0381 0.3062
v  0.6080 0.0381 0.3229
v  0.6196 0.0538 0.3260
v  0.6039 0.0197 0.3053
v  0.6013 0.0000 0.3049
v  0.5982 0.0000 0.3203
v  0.6008 0.0197 0.3210
v  0.6039 -0.0197 0.3053
v  0.6113 -0.0381 0.3062
v  0.6080 -0.0381 0.3229
v  0.6008 -0.0197 0.3210
v  0.6232 -0.0538 0.3078
v  0.6387 -0.0659 0.3099
v  0.6347 -0.0659 0.3300
v  0.6196 -0.0538 0.3260
v  0.6567 -0.0735 0.3122
v  0.6761 -0.0761 0.3148
v  0.6711 -0.0761 0.3398
v  0.6523 -0.0735 0.3348
v  0.6954 -0.0735 0.3173
v  0.7135 -0.0659 0.3197
v  0.7076 -0.0659 0.3496
v  0.6900 -0.0735 0.3449
v  0.7289 -0.0538 0.3217
v  0.7409 -0.0381 0.3233
v  0.7342 -0.0381 0.3567
v  0.7226 -0.0538 0.3536
v  0.7483 -0.0197 0.3243
v  0.7415 -0.0197 0.3587
v  0.7326 0.0000 0.3929
v  0.7302 0.0197 0.3919
v  0.7233 0.0381 0.3890
v  0.7082 0.0381 0.4196
v  0.7147 0.0197 0.4233
v  0.7170 0.0000 0.4246
v  0.7122 0.0538 0.3844
v  0.6978 0.0659 0.3784
v  0.6843 0.0659 0.4058
v  0.6978 0.0538 0.4135
v  0.6809 0.0735 0.3715
v  0.6629 0.0761 0.3640
v  0.6516 0.0761 0.3869
v  0.6685 0.0735 0.3966
v  0.6449 0.0735 0.3565
v  0.6280 0.0659 0.3495
v  0.6189 0.0659 0.3680
v  0.6347 0.0735 0.3771
v  0.6136 0.0538 0.3436
v  0.6025 0.0381 0.3390
v  0.5950 0.0381 0.3542
v  0.6054 0.0538 0.3602
v  0.5956 0.0197 0.3361
v  0.5932 0.0000 0.3351
v  0.5863 0.0000 0.3492
v  0.5885 0.0197 0.3505
v  0.5956 -0.0197 0.3361
v  0.6025 -0.0381 0.3390
v  0.5950 -0.0381 0.3542
v  0.5885 -0.0197 0.3505
v  0.6136 -0.0538 0.3436
v  0.6280 -0.0659 0.3495
v  0.6189 -0.0659 0.3680
v  0.6054 -0.0538 0.3602
v  0.6449 -0.0735 0.3565
v  0.6629 -0.0761 0.3640
v  0.6516 -0.0761 0.3869
v  0.6347 -0.0735 0.3771
v  0.6809 -0.0735 0.3715
v  0.6978 -0.0659 0.3784
v  0.6843 -0.0659 0.4058
v  0.6685 -0.0735 0.3966
v  0.7122 -0.0538 0.3844
v  0.7233 -0.0381 0.3890
v  0.7082 -0.0381 0.4196
v  0.6978 -0.0538 0.4135
v  0.7302 -0.0197 0.3919
v  0.7147 -0.0197 0.4233
v  0.6973 0.0000 0.4540
v  0.6952 0.0197 0.4524
v  0.6893 0.0381 0.4479
v  0.6668 0.0381 0.4735
v  0.6721 0.0197 0.4788
v  0.6739 0.0000 0.4807
v  0.6797 0.0538 0.4406
v  0.6674 0.0659 0.4311
v  0.6473 0.0659 0.4540
v  0.6583 0.0538 0.4650
v  0.6529 0.0735 0.4200
v  0.6374 0.0761 0.4081
v  0.6206 0.0761 0.4273
v  0.6344 0.0735 0.4411
v  0.6219 0.0735 0.3962
v  0.6075 0.0659 0.3851
v  0.5939 0.0659 0.4006
v  0.6068 0.0735 0.4135
v  0.5951 0.0538 0.3757
v  0.5856 0.0381 0.3683
v  0.5744 0.0381 0.3811
v  0.5829 0.0538 0.3896
v  0.5796 0.0197 0.3638
v  0.5776 0.0000 0.3622
v  0.5672 0.0000 0.3740
v  0.5691 0.0197 0.3758
v  0.5796 -0.0197 0.3638
v  0.5856 -0.0381 0.3683
v  0.5744 -0.0381 0.3811
v  0.5691 -0.0197 0.3758
v  0.5951 -0.0538 0.3757
v  0.6075 -0.0659 0.3851
v  0.5939 -0.0659 0.4006
v  0.5829 -0.0538 0.3896
v  0.6219 -0.0735 0.3962
v  0.6374 -0.0761 0.4081
v  0.6206 -0.0761 0.4273
v  0.6068 -0.0735 0.4135
v  0.6529 -0.0735 0.4200
v  0.6674 -0.0659 0.4311
v  0.6473 -0.0659 0.4540
v  0.6344 -0.0735 0.4411
v  0.6797 -0.0538 0.4406
v  0.6893 -0.0381 0.4479
v  0.6668 -0.0381 0.4735
v  0.6583 -0.0538 0.4650
v  0.6952 -0.0197 0.4524
v  0.6721 -0.0197 0.4788
v  0.6473 0.0000 0.5040
v  0.6457 0.0197 0.5019
v  0.6412 0.0381 0.4960
v  0.6128 0.0381 0.5149
v  0.6166 0.0197 0.5214
v  0.6179 0.0000 0.5237
v  0.6339 0.0538 0.4864
v  0.6244 0.0659 0.4741
v  0.5990 0.0659 0.4910
v  0.6068 0.0538 0.5045
v  0.6133 0.0735 0.4596
v  0.6014 0.0761 0.4441
v  0.5802 0.0761 0.4583
v  0.5899 0.0735 0.4752
v  0.5895 0.0735 0.4287
v  0.5784 0.0659 0.4142
v  0.5613 0.0659 0.4257
v  0.5704 0.0735 0.4414
v  0.5689 0.0538 0.4018
v  0.5616 0.0381 0.3923
v  0.5475 0.0381 0.4017
v  0.5535 0.0538 0.4121
v  0.5571 0.0197 0.3864
v  0.5555 0.0000 0.3843
v  0.5424 0.0000 0.3930
v  0.5438 0.0197 0.3952
v  0.5571 -0.0197 0.3864
v  0.5616 -0.0381 0.3923
v  0.5475 -0.0381 0.4017
v  0.5438 -0.0197 0.3952
v  0.5689 -0.0538 0.4018
v  0.5784 -0.0659 0.4142
v  0.5613 -0.0659 0.4257
v  0.5535 -0.0538 0.4121
v  0.5895 -0.0735 0.4287
v  0.6014 -0.0761 0.4441
v  0.5802 -0.0761 0.4583
v  0.5704 -0.0735 0.4414
v  0.6133 -0.0735 0.4596
v  0.6244 -0.0659 0.4741
v  0.5990 -0.0659 0.4910
v  0.5899 -0.0735 0.4752
v  0.6339 -0.0538 0.4864
v  0.6412 -0.0381 0.4960
v  0.6128 -0.0381 0.5149
v  0.6068 -0.0538 0.5045
v  0.6457 -0.0197 0.5019
v  0.6166 -0.0197 0.5214
v  0.5861 0.0000 0.5393
v  0.5851 0.0197 0.5369
v  0.5823 0.0381 0.5300
v  0.5500 0.0381 0.5409
v  0.5520 0.0197 0.5482
v  0.5526 0.0000 0.5507
v  0.5777 0.0538 0.5189
v  0.5717 0.0659 0.5045
v  0.5429 0.0659 0.5143
v  0.5469 0.0538 0.5293
v  0.5647 0.0735 0.4876
v  0.5573 0.0761 0.4696
v  0.5331 0.0761 0.4778
v  0.5382 0.0735 0.4967
v  0.5498 0.0735 0.4516
v  0.5428 0.0659 0.4348
v  0.5233 0.0659 0.4414
v  0.5280 0.0735 0.4590
v  0.5369 0.0538 0.4203
v  0.5323 0.0381 0.4092
v  0.5162 0.0381 0.4147
v  0.5193 0.0538 0.4263
v  0.5294 0.0197 0.4023
v  0.5284 0.0000 0.3999
v  0.5136 0.0000 0.4049
v  0.5142 0.0197 0.4075
v  0.5294 -0.0197 0.4023
v  0.5323 -0.0381 0.4092
v  0.5162 -0.0381 0.4147
v  0.5142 -0.0197 0.4075
v  0.5369 -0.0538 0.4203
v  0.5428 -0.0659 0.4348
v  0.5233 -0.0659 0.4414
v  0.5193 -0.0538 0.4263
v  0.5498 -0.0735 0.4516
v  0.5573 -0.0761 0.4696
v  0.5331 -0.0761 0.4778
v  0.5280 -0.0735 0.4590
v  0.5647 -0.0735 0.4876
v  0.5717 -0.0659 0.5045
v  0.5429 -0.0659 0.5143
v  0.5382 -0.0735 0.4967
v  0.5777 -0.0538 0.5189
v  0.5823 -0.0381 0.5300
v  0.5500 -0.0381 0.5409
v  0.5469 -0.0538 0.5293
v  0.5851 -0.0197 0.5369
v  0.5520 -0.0197 0.5482
v  0.5179 0.0000 0.5576
v  0.5176 0.0197 0.5550
v  0.5166 0.0381 0.5476
v  0.5150 0.0538 0.5357
v  0.5130 0.0659 0.5202
v  0.5106 0.0735 0.5021
v  0.5081 0.0761 0.4828
v  0.5055 0.0735 0.4634
v  0.5031 0.0659 0.4454
v  0.5011 0.0538 0.4299
v  0.4995 0.0381 0.4180
v  0.4986 0.0197 0.4106
v  0.4982 0.0000 0.4080
v  0.4986 -0.0197 0.4106
v  0.4995 -0.0381 0.4180
v  0.5011 -0.0538 0.4299
v  0.5031 -0.0659 0.4454
v  0.5055 -0.0735 0.4634
v  0.5081 -0.0761 0.4828
v  0.5106 -0.0735 0.5021
v  0.5130 -0.0659 0.5202
v  0.5150 -0.0538 0.5357
v  0.5166 -0.0381 0.5476
v  0.5176 -0.0197 0.5550
# 5906 vertices

vn -0.5072 0.0003 -0.8618
vn -0.5860 -0.0000 -0.8103
vn -0.5856 0.0737 -0.8072
vn -0.5075 0.0749 -0.8584
vn -0.5859 0.1401 -0.7982
vn -0.5076 0.1497 -0.8485
vn -0.4662 0.0002 -0.8847
vn -0.4665 0.0762 -0.8813
vn -0.4664 0.1532 -0.8712
vn -0.5071 0.2246 -0.8321
vn -0.5864 0.2065 -0.7832
vn -0.5860 0.2759 -0.7619
vn -0.5070 0.2944 -0.8101
vn -0.4665 0.2303 -0.8540
vn -0.4661 0.3035 -0.8310
vn -0.4325 0.3106 -0.8464
vn -0.3862 0.3161 -0.8666
vn -0.3857 0.2393 -0.8911
vn -0.4324 0.2352 -0.8704
vn -0.3858 0.1592 -0.9088
vn -0.4324 0.1565 -0.8880
vn -0.4324 0.0783 -0.8983
vn -0.3855 0.0800 -0.9192
vn -0.3857 -0.0003 -0.9226
vn -0.4324 -0.0001 -0.9017
vn -0.5856 0.3458 -0.7332
vn -0.5071 0.3651 -0.7807
vn -0.5861 0.4050 -0.7018
vn -0.5073 0.4291 -0.7473
vn -0.4661 0.3737 -0.8019
vn -0.4659 0.4415 -0.7668
vn -0.5073 0.4927 -0.7071
vn -0.5868 0.4623 -0.6648
vn -0.5861 0.5232 -0.6187
vn -0.5076 0.5535 -0.6602
vn -0.4661 0.5055 -0.7261
vn -0.4660 0.5697 -0.6770
vn -0.4324 0.5801 -0.6903
vn -0.3860 0.5927 -0.7069
vn -0.3861 0.5277 -0.7566
vn -0.4324 0.5155 -0.7398
vn -0.3862 0.4605 -0.7992
vn -0.4325 0.4492 -0.7818
vn -0.4326 0.3815 -0.8169
vn -0.3863 0.3912 -0.8353
vn -0.5864 0.5729 -0.5727
vn -0.5075 0.6093 -0.6093
vn -0.5871 0.6181 -0.5228
vn -0.5071 0.6604 -0.5538
vn -0.4659 0.6257 -0.6256
vn -0.4662 0.6768 -0.5697
vn -0.5071 0.7071 -0.4928
vn -0.5867 0.6627 -0.4654
vn -0.5860 0.7022 -0.4045
vn -0.5067 0.7476 -0.4293
vn -0.4660 0.7262 -0.5054
vn -0.4661 0.7666 -0.4416
vn -0.4324 0.7818 -0.4493
vn -0.3866 0.7989 -0.4607
vn -0.3862 0.7559 -0.5287
vn -0.4324 0.7398 -0.5156
vn -0.3857 0.7071 -0.5927
vn -0.4324 0.6906 -0.5798
vn -0.4326 0.6373 -0.6377
vn -0.3857 0.6524 -0.6524
vn -0.5859 0.7344 -0.3426
vn -0.5070 0.7807 -0.3652
vn -0.5860 0.7619 -0.2759
vn -0.5069 0.8104 -0.2939
vn -0.4659 0.8021 -0.3736
vn -0.4661 0.8311 -0.3034
vn -0.5076 0.8317 -0.2250
vn -0.5855 0.7839 -0.2068
vn -0.5857 0.7983 -0.1401
vn -0.5078 0.8483 -0.1500
vn -0.4664 0.8539 -0.2307
vn -0.4662 0.8713 -0.1529
vn -0.4326 0.8879 -0.1566
vn -0.3856 0.9087 -0.1597
vn -0.3854 0.8913 -0.2388
vn -0.4327 0.8704 -0.2349
vn -0.3862 0.8665 -0.3164
vn -0.4329 0.8461 -0.3109
vn -0.4327 0.8170 -0.3813
vn -0.3866 0.8356 -0.3903
vn -0.5862 0.8068 -0.0737
vn -0.5073 0.8584 -0.0756
vn -0.5860 0.8103 0.0000
vn -0.5072 0.8618 0.0003
vn -0.4663 0.8813 -0.0766
vn -0.4662 0.8847 0.0002
vn -0.5075 0.8584 0.0752
vn -0.5857 0.8072 0.0737
vn -0.5860 0.7981 0.1401
vn -0.5076 0.8484 0.1501
vn -0.4664 0.8813 0.0762
vn -0.4664 0.8712 0.1532
vn -0.4324 0.8880 0.1565
vn -0.3858 0.9088 0.1592
vn -0.3855 0.9192 0.0800
vn -0.4324 0.8983 0.0783
vn -0.3857 0.9226 -0.0003
vn -0.4324 0.9017 -0.0001
vn -0.4325 0.8983 -0.0781
vn -0.3854 0.9193 -0.0795
vn -0.5864 0.7832 0.2065
vn -0.5071 0.8321 0.2246
vn -0.5860 0.7619 0.2759
vn -0.5070 0.8101 0.2944
vn -0.4665 0.8540 0.2303
vn -0.4661 0.8310 0.3035
vn -0.5068 0.7810 0.3650
vn -0.5860 0.7343 0.3426
vn -0.5862 0.7018 0.4049
vn -0.5070 0.7474 0.4294
vn -0.4661 0.8019 0.3737
vn -0.4659 0.7668 0.4415
vn -0.4327 0.7817 0.4491
vn -0.3864 0.7991 0.4605
vn -0.3864 0.8357 0.3903
vn -0.4326 0.8169 0.3815
vn -0.3862 0.8666 0.3161
vn -0.4325 0.8464 0.3106
vn -0.4324 0.8704 0.2352
vn -0.3857 0.8911 0.2393
vn -0.5866 0.6631 0.4650
vn -0.5073 0.7071 0.4927
vn -0.5861 0.6187 0.5232
vn -0.5076 0.6602 0.5535
vn -0.4661 0.7261 0.5055
vn -0.4660 0.6770 0.5697
vn -0.5075 0.6093 0.6093
vn -0.5864 0.5727 0.5729
vn -0.5871 0.5228 0.6181
vn -0.5071 0.5538 0.6604
vn -0.4659 0.6256 0.6257
vn -0.4662 0.5697 0.6768
vn -0.4324 0.5798 0.6906
vn -0.3857 0.5927 0.7071
vn -0.3857 0.6524 0.6524
vn -0.4326 0.6377 0.6373
vn -0.3860 0.7069 0.5927
vn -0.4324 0.6903 0.5801
vn -0.4325 0.7397 0.5156
vn -0.3861 0.7558 0.5288
vn -0.5864 0.4629 0.6648
vn -0.5073 0.4925 0.7071
vn -0.5859 0.4047 0.7021
vn -0.5071 0.4294 0.7473
vn -0.4660 0.5054 0.7262
vn -0.4661 0.4416 0.7666
vn -0.5070 0.3652 0.7807
vn -0.5862 0.3456 0.7328
vn -0.5860 0.2759 0.7619
vn -0.5069 0.2939 0.8104
vn -0.4659 0.3736 0.8021
vn -0.4661 0.3034 0.8311
vn -0.4329 0.3109 0.8461
vn -0.3862 0.3164 0.8665
vn -0.3866 0.3913 0.8351
vn -0.4325 0.3814 0.8170
vn -0.3863 0.4605 0.7992
vn -0.4322 0.4492 0.7819
vn -0.4324 0.5156 0.7398
vn -0.3860 0.5278 0.7566
vn -0.5855 0.2068 0.7839
vn -0.5076 0.2250 0.8317
vn -0.5857 0.1401 0.7983
vn -0.5077 0.1496 0.8484
vn -0.4664 0.2307 0.8539
vn -0.4663 0.1528 0.8713
vn -0.5073 0.0753 0.8585
vn -0.5862 0.0736 0.8068
vn -0.5860 0.0000 0.8103
vn -0.5072 -0.0003 0.8618
vn -0.4664 0.0766 0.8813
vn -0.4662 -0.0002 0.8847
vn -0.4324 0.0001 0.9017
vn -0.3857 0.0003 0.9226
vn -0.3854 0.0795 0.9193
vn -0.4325 0.0781 0.8983
vn -0.3856 0.1597 0.9087
vn -0.4326 0.1566 0.8879
vn -0.4327 0.2349 0.8704
vn -0.3854 0.2388 0.8913
vn -0.5856 -0.0737 0.8072
vn -0.5075 -0.0749 0.8584
vn -0.5859 -0.1401 0.7982
vn -0.5076 -0.1497 0.8485
vn -0.4665 -0.0762 0.8813
vn -0.4664 -0.1532 0.8712
vn -0.5071 -0.2246 0.8321
vn -0.5864 -0.2065 0.7832
vn -0.5860 -0.2759 0.7619
vn -0.5070 -0.2944 0.8101
vn -0.4665 -0.2303 0.8540
vn -0.4661 -0.3035 0.8310
vn -0.4325 -0.3106 0.8464
vn -0.3861 -0.3161 0.8666
vn -0.3857 -0.2393 0.8911
vn -0.4324 -0.2352 0.8704
vn -0.3858 -0.1592 0.9088
vn -0.4324 -0.1565 0.8880
vn -0.4324 -0.0783 0.8983
vn -0.3855 -0.0800 0.9192
vn -0.5856 -0.3458 0.7332
vn -0.5071 -0.3651 0.7807
vn -0.5861 -0.4050 0.7018
vn -0.5073 -0.4291 0.7473
vn -0.4661 -0.3737 0.8019
vn -0.4659 -0.4415 0.7668
vn -0.5073 -0.4927 0.7071
vn -0.5868 -0.4623 0.6648
vn -0.5861 -0.5232 0.6187
vn -0.5076 -0.5535 0.6602
vn -0.4661 -0.5055 0.7261
vn -0.4660 -0.5697 0.6770
vn -0.4324 -0.5801 0.6903
vn -0.3860 -0.5927 0.7069
vn -0.3861 -0.5277 0.7566
vn -0.4324 -0.5155 0.7398
vn -0.3862 -0.4605 0.7992
vn -0.4325 -0.4492 0.7818
vn -0.4326 -0.3815 0.8169
vn -0.3863 -0.3912 0.8353
vn -0.5864 -0.5729 0.5727
vn -0.5075 -0.6093 0.6093
vn -0.5871 -0.6181 0.5228
vn -0.5071 -0.6604 0.5538
vn -0.4659 -0.6257 0.6256
vn -0.4662 -0.6768 0.5697
vn -0.5071 -0.7071 0.4928
vn -0.5867 -0.6627 0.4654
vn -0.5860 -0.7022 0.4045
vn -0.5067 -0.7476 0.4293
vn -0.4660 -0.7262 0.5054
vn -0.4661 -0.7666 0.4416
vn -0.4324 -0.7818 0.4493
vn -0.3866 -0.7989 0.4607
vn -0.3862 -0.7559 0.5287
vn -0.4324 -0.7398 0.5156
vn -0.3857 -0.7071 0.5927
vn -0.4324 -0.6906 0.5798
vn -0.4326 -0.6373 0.6377
vn -0.3857 -0.6524 0.6524
vn -0.5859 -0.7344 0.3426
vn -0.5070 -0.7807 0.3652
vn -0.5860 -0.7619 0.2759
vn -0.5069 -0.8104 0.2939
vn -0.4659 -0.8021 0.3736
vn -0.4661 -0.8311 0.3034
vn -0.5076 -0.8317 0.2250
vn -0.5855 -0.7839 0.2068
vn -0.5857 -0.7983 0.1401
vn -0.5078 -0.8483 0.1500
vn -0.4664 -0.8539 0.2307
vn -0.4662 -0.8713 0.1529
vn -0.4326 -0.8879 0.1566
vn -0.3856 -0.9087 0.1597
vn -0.3854 -0.8913 0.2388
vn -0.4327 -0.8704 0.2349
vn -0.3862 -0.8665 0.3164
vn -0.4329 -0.8461 0.3109
vn -0.4327 -0.8170 0.3813
vn -0.3866 -0.8356 0.3903
vn -0.5862 -0.8068 0.0737
vn -0.5073 -0.8584 0.0756
vn -0.5860 -0.8103 -0.0000
vn -0.5072 -0.8618 -0.0003
vn -0.4663 -0.8813 0.0766
vn -0.4662 -0.8847 -0.0002
vn -0.5075 -0.8584 -0.0752
vn -0.5857 -0.8072 -0.0737
vn -0.5860 -0.7981 -0.1401
vn -0.5076 -0.8484 -0.1501
vn -0.4664 -0.8813 -0.0762
vn -0.4664 -0.8712 -0.1532
vn -0.4324 -0.8880 -0.1565
vn -0.3858 -0.9088 -0.1592
vn -0.3855 -0.9192 -0.0800
vn -0.4324 -0.8983 -0.0783
vn -0.3857 -0.9226 0.0003
vn -0.4324 -0.9017 0.0001
vn -0.4325 -0.8983 0.0781
vn -0.3854 -0.9193 0.0795
vn -0.5864 -0.7832 -0.2065
vn -0.5071 -0.8321 -0.2246
vn -0.5860 -0.7619 -0.2759
vn -0.5070 -0.8101 -0.2944
vn -0.4665 -0.8540 -0.2303
vn -0.4661 -0.8310 -0.3035
vn -0.5068 -0.7810 -0.3650
vn -0.5860 -0.7343 -0.3426
vn -0.5862 -0.7018 -0.4048
vn -0.5070 -0.7474 -0.4294
vn -0.4661 -0.8019 -0.3737
vn -0.4659 -0.7668 -0.4415
vn -0.4327 -0.7817 -0.4491
vn -0.3864 -0.7991 -0.4605
vn -0.3864 -0.8357 -0.3903
vn -0.4326 -0.8169 -0.3815
vn -0.3862 -0.8666 -0.3161
vn -0.4325 -0.8464 -0.3106
vn -0.4324 -0.8704 -0.2352
vn -0.3857 -0.8911 -0.2393
vn -0.5866 -0.6631 -0.4650
vn -0.5073 -0.7071 -0.4927
vn -0.5861 -0.6187 -0.5232
vn -0.5076 -0.6602 -0.5535
vn -0.4661 -0.7261 -0.5055
vn -0.4660 -0.6770 -0.5697
vn -0.5075 -0.6093 -0.6093
vn -0.5864 -0.5727 -0.5729
vn -0.5871 -0.5228 -0.6181
vn -0.5071 -0.5538 -0.6604
vn -0.4659 -0.6256 -0.6257
vn -0.4662 -0.5697 -0.6768
vn -0.4324 -0.5798 -0.6906
vn -0.3857 -0.5927 -0.7071
vn -0.3857 -0.6524 -0.6524
vn -0.4326 -0.6377 -0.6373
vn -0.3860 -0.7069 -0.5927
vn -0.4324 -0.6903 -0.5801
vn -0.4325 -0.7397 -0.5156
vn -0.3861 -0.7558 -0.5288
vn -0.5864 -0.4629 -0.6648
vn -0.5073 -0.4925 -0.7071
vn -0.5859 -0.4047 -0.7021
vn -0.5071 -0.4294 -0.7473
vn -0.4660 -0.5054 -0.7262
vn -0.4661 -0.4416 -0.7666
vn -0.5070 -0.3652 -0.7807
vn -0.5862 -0.3456 -0.7328
vn -0.5860 -0.2759 -0.7619
vn -0.5069 -0.2939 -0.8104
vn -0.4659 -0.3736 -0.8021
vn -0.4661 -0.3034 -0.8311
vn -0.4329 -0.3109 -0.8461
vn -0.3862 -0.3164 -0.8665
vn -0.3866 -0.3913 -0.8351
vn -0.4325 -0.3814 -0.8170
vn -0.3863 -0.4605 -0.7992
vn -0.4322 -0.4492 -0.7819
vn -0.4324 -0.5156 -0.7398
vn -0.3860 -0.5278 -0.7566
vn -0.5855 -0.2068 -0.7839
vn -0.5076 -0.2250 -0.8317
vn -0.5857 -0.1401 -0.7983
vn -0.5077 -0.1496 -0.8484
vn -0.4664 -0.2307 -0.8539
vn -0.4663 -0.1528 -0.8713
vn -0.5073 -0.0753 -0.8585
vn -0.5862 -0.0736 -0.8068
vn -0.4664 -0.0766 -0.8813
vn -0.3854 -0.0795 -0.9193
vn -0.4325 -0.0781 -0.8983
vn -0.3856 -0.1597 -0.9087
vn -0.4326 -0.1566 -0.8879
vn -0.4327 -0.2349 -0.8704
vn -0.3854 -0.2388 -0.8913
vn -0.3277 -0.0000 -0.9448
vn -0.3277 0.0817 -0.9412
vn -0.3265 0.1640 -0.9309
vn -0.2814 0.0003 -0.9596
vn -0.2813 0.0846 -0.9559
vn -0.2817 0.1662 -0.9450
vn -0.3274 0.2444 -0.9127
vn -0.3280 0.3229 -0.8878
vn -0.2828 0.2467 -0.9269
vn -0.2822 0.3291 -0.9011
vn -0.3244 0.3234 -0.8889
vn -0.5731 0.2804 -0.7700
vn -0.5722 0.2120 -0.7922
vn -0.3238 0.2436 -0.9143
vn -0.5760 0.1403 -0.8053
vn -0.3247 0.1625 -0.9318
vn -0.3229 0.0836 -0.9427
vn -0.5750 0.0716 -0.8150
vn -0.5746 0.0002 -0.8184
vn -0.3253 -0.0006 -0.9456
vn -0.3272 0.4005 -0.8559
vn -0.3271 0.4718 -0.8188
vn -0.2832 0.4066 -0.8686
vn -0.2824 0.4802 -0.8304
vn -0.3261 0.5417 -0.7747
vn -0.3263 0.6078 -0.7239
vn -0.2815 0.5500 -0.7863
vn -0.2832 0.6151 -0.7358
vn -0.3235 0.6082 -0.7249
vn -0.5734 0.5267 -0.6275
vn -0.5749 0.4686 -0.6707
vn -0.3272 0.5406 -0.7751
vn -0.5739 0.4092 -0.7093
vn -0.3238 0.4742 -0.8187
vn -0.3230 0.4013 -0.8571
vn -0.5715 0.3485 -0.7429
vn -0.3271 0.6682 -0.6683
vn -0.3271 0.7235 -0.6078
vn -0.2817 0.6787 -0.6782
vn -0.2823 0.7355 -0.6160
vn -0.3262 0.7744 -0.5421
vn -0.3262 0.8188 -0.4724
vn -0.2814 0.7867 -0.5495
vn -0.2820 0.8302 -0.4809
vn -0.3279 0.8172 -0.4740
vn -0.5734 0.7096 -0.4094
vn -0.5756 0.6693 -0.4698
vn -0.3269 0.7744 -0.5418
vn -0.5732 0.6282 -0.5261
vn -0.3239 0.7256 -0.6072
vn -0.3263 0.6681 -0.6688
vn -0.5748 0.5783 -0.5789
vn -0.3272 0.8563 -0.3996
vn -0.3275 0.8880 -0.3229
vn -0.2831 0.8684 -0.4071
vn -0.2830 0.9012 -0.3283
vn -0.3280 0.9124 -0.2449
vn -0.3279 0.9305 -0.1634
vn -0.2828 0.9263 -0.2489
vn -0.2808 0.9454 -0.1653
vn -0.3224 0.9324 -0.1630
vn -0.5754 0.8055 -0.1415
vn -0.5726 0.7919 -0.2120
vn -0.3225 0.9144 -0.2446
vn -0.5733 0.7696 -0.2812
vn -0.3198 0.8906 -0.3235
vn -0.3223 0.8579 -0.4002
vn -0.5708 0.7447 -0.3458
vn -0.3278 0.9412 -0.0817
vn -0.3277 0.9448 -0.0000
vn -0.2816 0.9559 -0.0834
vn -0.2814 0.9596 0.0003
vn -0.3277 0.9412 0.0817
vn -0.3278 0.9305 0.1634
vn -0.2819 0.9559 0.0827
vn -0.2807 0.9453 0.1664
vn -0.3224 0.9324 0.1633
vn -0.5760 0.8053 0.1403
vn -0.5756 0.8147 0.0703
vn -0.3217 0.9433 0.0821
vn -0.5742 0.8187 0.0003
vn -0.3214 0.9469 0.0002
vn -0.3222 0.9431 -0.0823
vn -0.5754 0.8148 -0.0703
vn -0.3280 0.9124 0.2449
vn -0.3280 0.8878 0.3229
vn -0.2822 0.9267 0.2483
vn -0.2824 0.9013 0.3284
vn -0.3278 0.8563 0.3992
vn -0.3267 0.8185 0.4725
vn -0.2824 0.8688 0.4068
vn -0.2815 0.8302 0.4812
vn -0.3271 0.8181 0.4730
vn -0.5743 0.7093 0.4088
vn -0.5724 0.7433 0.3462
vn -0.3215 0.8578 0.4011
vn -0.5727 0.7702 0.2808
vn -0.3205 0.8900 0.3243
vn -0.3238 0.9143 0.2436
vn -0.5719 0.7922 0.2132
vn -0.3258 0.7743 0.5426
vn -0.3263 0.7239 0.6078
vn -0.2815 0.7863 0.5500
vn -0.2832 0.7358 0.6151
vn -0.3271 0.6683 0.6682
vn -0.3271 0.6078 0.7235
vn -0.2817 0.6782 0.6787
vn -0.2823 0.6160 0.7355
vn -0.3239 0.6072 0.7256
vn -0.5732 0.5261 0.6282
vn -0.5748 0.5789 0.5783
vn -0.3263 0.6688 0.6681
vn -0.5734 0.6275 0.5267
vn -0.3235 0.7249 0.6082
vn -0.3277 0.7745 0.5410
vn -0.5744 0.6704 0.4697
vn -0.3262 0.5410 0.7752
vn -0.3269 0.4724 0.8185
vn -0.2816 0.5492 0.7868
vn -0.2825 0.4804 0.8303
vn -0.3269 0.4003 0.8561
vn -0.3273 0.3231 0.8880
vn -0.2835 0.4069 0.8684
vn -0.2832 0.3288 0.9009
vn -0.3234 0.3238 0.8891
vn -0.5738 0.2810 0.7693
vn -0.5717 0.3476 0.7432
vn -0.3228 0.4011 0.8573
vn -0.5731 0.4096 0.7098
vn -0.3249 0.4736 0.8186
vn -0.3269 0.5418 0.7744
vn -0.5752 0.4692 0.6701
vn -0.3280 0.2449 0.9124
vn -0.3266 0.1630 0.9310
vn -0.2823 0.2472 0.9270
vn -0.2818 0.1655 0.9451
vn -0.3273 0.0822 0.9413
vn -0.3277 0.0000 0.9448
vn -0.2822 0.0851 0.9556
vn -0.2814 -0.0003 0.9596
vn -0.3253 0.0006 0.9456
vn -0.5746 -0.0002 0.8184
vn -0.5758 0.0714 0.8145
vn -0.3222 0.0823 0.9431
vn -0.5754 0.1415 0.8055
vn -0.3247 0.1635 0.9316
vn -0.3237 0.2431 0.9144
vn -0.5721 0.2110 0.7926
vn -0.3277 -0.0817 0.9412
vn -0.3265 -0.1640 0.9309
vn -0.2813 -0.0846 0.9559
vn -0.2817 -0.1662 0.9450
vn -0.3274 -0.2444 0.9127
vn -0.3280 -0.3229 0.8878
vn -0.2828 -0.2467 0.9269
vn -0.2822 -0.3291 0.9011
vn -0.3244 -0.3234 0.8889
vn -0.5731 -0.2804 0.7700
vn -0.5722 -0.2120 0.7922
vn -0.3238 -0.2436 0.9143
vn -0.5760 -0.1403 0.8053
vn -0.3247 -0.1625 0.9318
vn -0.3229 -0.0836 0.9427
vn -0.5750 -0.0716 0.8150
vn -0.3272 -0.4005 0.8559
vn -0.3271 -0.4718 0.8188
vn -0.2832 -0.4066 0.8686
vn -0.2824 -0.4802 0.8304
vn -0.3261 -0.5417 0.7747
vn -0.3263 -0.6078 0.7239
vn -0.2815 -0.5500 0.7863
vn -0.2832 -0.6151 0.7358
vn -0.3235 -0.6082 0.7249
vn -0.5734 -0.5267 0.6275
vn -0.5749 -0.4686 0.6707
vn -0.3272 -0.5406 0.7751
vn -0.5739 -0.4092 0.7093
vn -0.3238 -0.4742 0.8187
vn -0.3230 -0.4013 0.8571
vn -0.5715 -0.3485 0.7429
vn -0.3271 -0.6682 0.6683
vn -0.3271 -0.7235 0.6078
vn -0.2817 -0.6787 0.6782
vn -0.2823 -0.7355 0.6160
vn -0.3262 -0.7744 0.5421
vn -0.3262 -0.8188 0.4724
vn -0.2814 -0.7867 0.5495
vn -0.2820 -0.8302 0.4809
vn -0.3279 -0.8172 0.4740
vn -0.5734 -0.7096 0.4094
vn -0.5756 -0.6693 0.4698
vn -0.3269 -0.7744 0.5418
vn -0.5732 -0.6282 0.5261
vn -0.3239 -0.7256 0.6072
vn -0.3263 -0.6681 0.6688
vn -0.5748 -0.5783 0.5789
vn -0.3272 -0.8563 0.3996
vn -0.3275 -0.8880 0.3229
vn -0.2831 -0.8684 0.4071
vn -0.2830 -0.9012 0.3283
vn -0.3280 -0.9124 0.2449
vn -0.3279 -0.9305 0.1634
vn -0.2828 -0.9263 0.2489
vn -0.2808 -0.9454 0.1653
vn -0.3224 -0.9324 0.1630
vn -0.5754 -0.8055 0.1415
vn -0.5726 -0.7919 0.2120
vn -0.3225 -0.9144 0.2446
vn -0.5733 -0.7696 0.2812
vn -0.3198 -0.8906 0.3235
vn -0.3223 -0.8579 0.4002
vn -0.5708 -0.7447 0.3458
vn -0.3278 -0.9412 0.0817
vn -0.3277 -0.9448 0.0000
vn -0.2816 -0.9559 0.0834
vn -0.2814 -0.9596 -0.0003
vn -0.3277 -0.9412 -0.0817
vn -0.3278 -0.9305 -0.1634
vn -0.2819 -0.9559 -0.0827
vn -0.2807 -0.9453 -0.1664
vn -0.3224 -0.9324 -0.1633
vn -0.5760 -0.8053 -0.1403
vn -0.5756 -0.8147 -0.0703
vn -0.3217 -0.9433 -0.0821
vn -0.5742 -0.8187 -0.0003
vn -0.3214 -0.9469 -0.0002
vn -0.3222 -0.9431 0.0823
vn -0.5754 -0.8148 0.0703
vn -0.3280 -0.9124 -0.2449
vn -0.3280 -0.8878 -0.3229
vn -0.2822 -0.9267 -0.2483
vn -0.2824 -0.9013 -0.3284
vn -0.3278 -0.8563 -0.3992
vn -0.3267 -0.8185 -0.4725
vn -0.2824 -0.8688 -0.4068
vn -0.2815 -0.8302 -0.4812
vn -0.3271 -0.8181 -0.4730
vn -0.5743 -0.7093 -0.4088
vn -0.5724 -0.7433 -0.3462
vn -0.3215 -0.8578 -0.4011
vn -0.5727 -0.7702 -0.2808
vn -0.3205 -0.8900 -0.3243
vn -0.3238 -0.9143 -0.2436
vn -0.5719 -0.7922 -0.2132
vn -0.3258 -0.7743 -0.5426
vn -0.3263 -0.7239 -0.6078
vn -0.2815 -0.7863 -0.5500
vn -0.2832 -0.7358 -0.6151
vn -0.3271 -0.6683 -0.6682
vn -0.3271 -0.6078 -0.7235
vn -0.2817 -0.6782 -0.6787
vn -0.2823 -0.6160 -0.7355
vn -0.3239 -0.6072 -0.7256
vn -0.5732 -0.5261 -0.6282
vn -0.5748 -0.5789 -0.5783
vn -0.3263 -0.6688 -0.6681
vn -0.5734 -0.6275 -0.5267
vn -0.3235 -0.7249 -0.6082
vn -0.3277 -0.7745 -0.5410
vn -0.5744 -0.6704 -0.4697
vn -0.3262 -0.5410 -0.7752
vn -0.3269 -0.4724 -0.8185
vn -0.2816 -0.5492 -0.7868
vn -0.2825 -0.4804 -0.8303
vn -0.3269 -0.4003 -0.8561
vn -0.3273 -0.3231 -0.8880
vn -0.2835 -0.4069 -0.8684
vn -0.2832 -0.3288 -0.9009
vn -0.3234 -0.3238 -0.8891
vn -0.5738 -0.2810 -0.7693
vn -0.5717 -0.3476 -0.7432
vn -0.3228 -0.4011 -0.8573
vn -0.5731 -0.4096 -0.7098
vn -0.3249 -0.4736 -0.8186
vn -0.3269 -0.5418 -0.7744
vn -0.5752 -0.4692 -0.6701
vn -0.3280 -0.2449 -0.9124
vn -0.3266 -0.1630 -0.9310
vn -0.2823 -0.2472 -0.9270
vn -0.2818 -0.1655 -0.9451
vn -0.3273 -0.0822 -0.9413
vn -0.2822 -0.0851 -0.9556
vn -0.5758 -0.0714 -0.8145
vn -0.3222 -0.0823 -0.9431
vn -0.5754 -0.1415 -0.8055
vn -0.3247 -0.1635 -0.9316
vn -0.3237 -0.2431 -0.9144
vn -0.5721 -0.2110 -0.7926
vn -0.8356 0.0009 -0.5494
vn -0.8385 0.0467 -0.5429
vn -0.8375 0.0952 -0.5381
vn -0.9438 -0.0001 -0.3304
vn -0.9437 0.0286 -0.3294
vn -0.9433 0.0582 -0.3267
vn -0.8357 0.1424 -0.5304
vn -0.8371 0.1871 -0.5141
vn -0.9438 0.0852 -0.3193
vn -0.9436 0.1133 -0.3110
vn -0.9577 0.0985 -0.2704
vn -0.8625 0.1736 -0.4754
vn -0.8601 0.1319 -0.4929
vn -0.9581 0.0738 -0.2767
vn -0.8617 0.0877 -0.4998
vn -0.9578 0.0502 -0.2829
vn -0.9582 0.0252 -0.2850
vn -0.8567 0.0465 -0.5138
vn -0.8599 -0.0006 -0.5105
vn -0.9584 -0.0001 -0.2854
vn -0.8371 0.2319 -0.4954
vn -0.8373 0.2729 -0.4737
vn -0.9438 0.1398 -0.2993
vn -0.9437 0.1655 -0.2863
vn -0.8358 0.3149 -0.4497
vn -0.8369 0.3514 -0.4196
vn -0.9437 0.1897 -0.2710
vn -0.9438 0.2123 -0.2534
vn -0.9581 0.1842 -0.2194
vn -0.8600 0.3276 -0.3912
vn -0.8589 0.2938 -0.4196
vn -0.9582 0.1639 -0.2346
vn -0.8590 0.2563 -0.4432
vn -0.9583 0.1430 -0.2475
vn -0.9583 0.1207 -0.2590
vn -0.8603 0.2152 -0.4621
vn -0.8358 0.3885 -0.3879
vn -0.8371 0.4189 -0.3519
vn -0.9435 0.2343 -0.2342
vn -0.9437 0.2532 -0.2128
vn -0.8366 0.4488 -0.3142
vn -0.8357 0.4760 -0.2739
vn -0.9441 0.2701 -0.1892
vn -0.9442 0.2852 -0.1646
vn -0.9579 0.2486 -0.1434
vn -0.8580 0.4449 -0.2568
vn -0.8590 0.4194 -0.2937
vn -0.9578 0.2355 -0.1648
vn -0.9582 0.2192 -0.1840
vn -0.8599 0.3914 -0.3276
vn -0.9586 0.2012 -0.2015
vn -0.8608 0.3596 -0.3600
vn -0.8374 0.4953 -0.2313
vn -0.8388 0.5114 -0.1869
vn -0.9439 0.2992 -0.1398
vn -0.9436 0.3111 -0.1131
vn -0.8359 0.5303 -0.1415
vn -0.8378 0.5375 -0.0955
vn -0.9438 0.3193 -0.0856
vn -0.9433 0.3268 -0.0578
vn -0.9578 0.2830 -0.0499
vn -0.8619 0.4992 -0.0889
vn -0.8597 0.4933 -0.1324
vn -0.9581 0.2767 -0.0742
vn -0.8591 0.4810 -0.1746
vn -0.9577 0.2705 -0.0980
vn -0.9583 0.2590 -0.1208
vn -0.8602 0.4622 -0.2157
vn -0.8385 0.5429 -0.0471
vn -0.8376 0.5463 0.0002
vn -0.9437 0.3296 -0.0286
vn -0.9438 0.3304 -0.0001
vn -0.8385 0.5429 0.0467
vn -0.8375 0.5381 0.0952
vn -0.9437 0.3294 0.0286
vn -0.9433 0.3267 0.0582
vn -0.9578 0.2829 0.0502
vn -0.8617 0.4998 0.0878
vn -0.8570 0.5132 0.0462
vn -0.9582 0.2850 0.0252
vn -0.8599 0.5105 -0.0005
vn -0.9584 0.2854 -0.0001
vn -0.9582 0.2848 -0.0252
vn -0.8571 0.5131 -0.0448
vn -0.8360 0.5299 0.1428
vn -0.8389 0.5116 0.1855
vn -0.9438 0.3193 0.0852
vn -0.9436 0.3110 0.1133
vn -0.8369 0.4959 0.2316
vn -0.8356 0.4758 0.2747
vn -0.9438 0.2993 0.1398
vn -0.9443 0.2853 0.1643
vn -0.9580 0.2485 0.1434
vn -0.8579 0.4446 0.2574
vn -0.8602 0.4625 0.2149
vn -0.9584 0.2590 0.1203
vn -0.8591 0.4809 0.1751
vn -0.9577 0.2704 0.0985
vn -0.9581 0.2767 0.0738
vn -0.8598 0.4931 0.1326
vn -0.8370 0.4485 0.3137
vn -0.8370 0.4193 0.3515
vn -0.9440 0.2702 0.1893
vn -0.9437 0.2533 0.2128
vn -0.8358 0.3879 0.3885
vn -0.8371 0.3519 0.4189
vn -0.9435 0.2342 0.2343
vn -0.9437 0.2126 0.2535
vn -0.9582 0.1838 0.2192
vn -0.8599 0.3276 0.3914
vn -0.8608 0.3600 0.3596
vn -0.9586 0.2015 0.2012
vn -0.8600 0.3912 0.3276
vn -0.9581 0.2194 0.1842
vn -0.9578 0.2354 0.1650
vn -0.8589 0.4196 0.2938
vn -0.8357 0.3143 0.4504
vn -0.8373 0.2734 0.4735
vn -0.9438 0.1896 0.2707
vn -0.9438 0.1653 0.2861
vn -0.8371 0.2319 0.4954
vn -0.8369 0.1874 0.5143
vn -0.9438 0.1400 0.2993
vn -0.9436 0.1131 0.3111
vn -0.9577 0.0980 0.2705
vn -0.8624 0.1734 0.4755
vn -0.8602 0.2157 0.4622
vn -0.9583 0.1210 0.2587
vn -0.8590 0.2561 0.4433
vn -0.9582 0.1431 0.2478
vn -0.9581 0.1640 0.2348
vn -0.8591 0.2934 0.4194
vn -0.8359 0.1415 0.5303
vn -0.8378 0.0955 0.5375
vn -0.9438 0.0856 0.3193
vn -0.9433 0.0578 0.3268
vn -0.8382 0.0477 0.5433
vn -0.8356 -0.0009 0.5494
vn -0.9437 0.0286 0.3296
vn -0.9438 0.0001 0.3304
vn -0.9584 0.0001 0.2854
vn -0.8599 0.0006 0.5105
vn -0.8568 0.0449 0.5136
vn -0.9582 0.0252 0.2848
vn -0.8619 0.0889 0.4992
vn -0.9578 0.0499 0.2830
vn -0.9581 0.0742 0.2767
vn -0.8600 0.1317 0.4931
vn -0.8385 -0.0467 0.5429
vn -0.8375 -0.0952 0.5381
vn -0.9437 -0.0286 0.3294
vn -0.9433 -0.0582 0.3267
vn -0.8357 -0.1424 0.5304
vn -0.8371 -0.1871 0.5141
vn -0.9438 -0.0852 0.3193
vn -0.9436 -0.1133 0.3110
vn -0.9577 -0.0985 0.2704
vn -0.8625 -0.1736 0.4754
vn -0.8601 -0.1319 0.4929
vn -0.9581 -0.0738 0.2767
vn -0.8617 -0.0877 0.4998
vn -0.9578 -0.0502 0.2829
vn -0.9582 -0.0252 0.2850
vn -0.8567 -0.0465 0.5138
vn -0.8371 -0.2319 0.4954
vn -0.8373 -0.2729 0.4737
vn -0.9438 -0.1398 0.2993
vn -0.9437 -0.1655 0.2863
vn -0.8358 -0.3149 0.4497
vn -0.8369 -0.3514 0.4196
vn -0.9437 -0.1897 0.2710
vn -0.9438 -0.2123 0.2534
vn -0.9581 -0.1842 0.2194
vn -0.8600 -0.3276 0.3912
vn -0.8589 -0.2938 0.4196
vn -0.9582 -0.1639 0.2346
vn -0.8590 -0.2563 0.4432
vn -0.9583 -0.1430 0.2475
vn -0.9583 -0.1207 0.2590
vn -0.8603 -0.2152 0.4621
vn -0.8358 -0.3885 0.3879
vn -0.8371 -0.4189 0.3519
vn -0.9435 -0.2343 0.2342
vn -0.9437 -0.2532 0.2128
vn -0.8366 -0.4488 0.3142
vn -0.8357 -0.4760 0.2739
vn -0.9441 -0.2701 0.1892
vn -0.9442 -0.2852 0.1646
vn -0.9579 -0.2486 0.1434
vn -0.8580 -0.4449 0.2568
vn -0.8590 -0.4194 0.2937
vn -0.9578 -0.2355 0.1648
vn -0.9582 -0.2192 0.1840
vn -0.8599 -0.3914 0.3276
vn -0.9586 -0.2012 0.2015
vn -0.8608 -0.3596 0.3600
vn -0.8374 -0.4953 0.2313
vn -0.8388 -0.5114 0.1869
vn -0.9439 -0.2992 0.1398
vn -0.9436 -0.3111 0.1131
vn -0.8359 -0.5303 0.1415
vn -0.8378 -0.5375 0.0955
vn -0.9438 -0.3193 0.0856
vn -0.9433 -0.3268 0.0578
vn -0.9578 -0.2830 0.0499
vn -0.8619 -0.4992 0.0889
vn -0.8597 -0.4933 0.1324
vn -0.9581 -0.2767 0.0742
vn -0.8591 -0.4810 0.1746
vn -0.9577 -0.2705 0.0980
vn -0.9583 -0.2590 0.1208
vn -0.8602 -0.4622 0.2157
vn -0.8385 -0.5429 0.0471
vn -0.8376 -0.5463 -0.0002
vn -0.9437 -0.3296 0.0286
vn -0.9438 -0.3304 0.0001
vn -0.8385 -0.5429 -0.0467
vn -0.8375 -0.5381 -0.0952
vn -0.9437 -0.3294 -0.0286
vn -0.9433 -0.3267 -0.0582
vn -0.9578 -0.2829 -0.0502
vn -0.8617 -0.4998 -0.0878
vn -0.8570 -0.5132 -0.0462
vn -0.9582 -0.2850 -0.0252
vn -0.8599 -0.5105 0.0005
vn -0.9584 -0.2854 0.0001
vn -0.9582 -0.2848 0.0252
vn -0.8571 -0.5131 0.0448
vn -0.8360 -0.5299 -0.1428
vn -0.8389 -0.5116 -0.1855
vn -0.9438 -0.3193 -0.0852
vn -0.9436 -0.3110 -0.1133
vn -0.8369 -0.4959 -0.2316
vn -0.8356 -0.4758 -0.2747
vn -0.9438 -0.2993 -0.1398
vn -0.9443 -0.2853 -0.1643
vn -0.9580 -0.2485 -0.1434
vn -0.8579 -0.4446 -0.2574
vn -0.8602 -0.4625 -0.2149
vn -0.9584 -0.2590 -0.1203
vn -0.8591 -0.4809 -0.1751
vn -0.9577 -0.2704 -0.0985
vn -0.9581 -0.2767 -0.0738
vn -0.8598 -0.4931 -0.1326
vn -0.8370 -0.4485 -0.3137
vn -0.8370 -0.4193 -0.3515
vn -0.9440 -0.2702 -0.1893
vn -0.9437 -0.2533 -0.2128
vn -0.8358 -0.3879 -0.3885
vn -0.8371 -0.3519 -0.4189
vn -0.9435 -0.2342 -0.2343
vn -0.9437 -0.2126 -0.2535
vn -0.9582 -0.1838 -0.2192
vn -0.8599 -0.3276 -0.3914
vn -0.8608 -0.3600 -0.3596
vn -0.9586 -0.2015 -0.2012
vn -0.8600 -0.3912 -0.3276
vn -0.9581 -0.2194 -0.1842
vn -0.9578 -0.2354 -0.1650
vn -0.8589 -0.4196 -0.2938
vn -0.8357 -0.3143 -0.4504
vn -0.8373 -0.2734 -0.4735
vn -0.9438 -0.1896 -0.2707
vn -0.9438 -0.1653 -0.2861
vn -0.8371 -0.2319 -0.4954
vn -0.8369 -0.1874 -0.5143
vn -0.9438 -0.1400 -0.2993
vn -0.9436 -0.1131 -0.3111
vn -0.9577 -0.0980 -0.2705
vn -0.8624 -0.1734 -0.4755
vn -0.8602 -0.2157 -0.4622
vn -0.9583 -0.1210 -0.2587
vn -0.8590 -0.2561 -0.4433
vn -0.9582 -0.1431 -0.2478
vn -0.9581 -0.1640 -0.2348
vn -0.8591 -0.2934 -0.4194
vn -0.8359 -0.1415 -0.5303
vn -0.8378 -0.0955 -0.5375
vn -0.9438 -0.0856 -0.3193
vn -0.9433 -0.0578 -0.3268
vn -0.8382 -0.0477 -0.5433
vn -0.9437 -0.0286 -0.3296
vn -0.8568 -0.0449 -0.5136
vn -0.9582 -0.0252 -0.2848
vn -0.8619 -0.0889 -0.4992
vn -0.9578 -0.0499 -0.2830
vn -0.9581 -0.0742 -0.2767
vn -0.8600 -0.1317 -0.4931
vn -0.4472 -0.0005 -0.8944
vn -0.4427 0.0791 -0.8932
vn -0.4514 0.1537 -0.8790
vn -0.0603 0.0001 -0.9982
vn -0.0606 0.0869 -0.9944
vn -0.0600 0.1732 -0.9831
vn -0.4523 0.3043 -0.8384
vn -0.4472 0.2310 -0.8641
vn -0.0593 0.2580 -0.9643
vn -0.0597 0.3408 -0.9382
vn -0.0068 0.3422 -0.9396
vn -0.0000 0.3421 -0.9397
vn -0.0000 0.2579 -0.9662
vn -0.0072 0.2576 -0.9662
vn -0.0000 0.1733 -0.9849
vn -0.0067 0.1737 -0.9848
vn -0.0071 0.0884 -0.9961
vn -0.0000 0.0888 -0.9961
vn -0.0000 0.0000 -1.0000
vn -0.0074 0.0000 -1.0000
vn -0.4469 0.3790 -0.8103
vn -0.4464 0.4479 -0.7747
vn -0.0590 0.4230 -0.9042
vn -0.0614 0.4987 -0.8646
vn -0.4476 0.5123 -0.7329
vn -0.4483 0.5735 -0.6857
vn -0.0605 0.5724 -0.8177
vn -0.0600 0.6408 -0.7654
vn -0.0071 0.6420 -0.7667
vn -0.0000 0.6420 -0.7667
vn -0.0000 0.5735 -0.8192
vn -0.0072 0.5735 -0.8192
vn -0.0000 0.4998 -0.8661
vn -0.0072 0.4998 -0.8661
vn -0.0072 0.4226 -0.9063
vn -0.0000 0.4226 -0.9063
vn -0.4473 0.6325 -0.6323
vn -0.4467 0.6864 -0.5738
vn -0.0594 0.7066 -0.7051
vn -0.0590 0.7657 -0.6405
vn -0.4468 0.7330 -0.5128
vn -0.4468 0.7743 -0.4482
vn -0.0611 0.8171 -0.5732
vn -0.0610 0.8642 -0.4994
vn -0.0072 0.8661 -0.4998
vn -0.0000 0.8661 -0.4998
vn -0.0000 0.8192 -0.5735
vn -0.0072 0.8192 -0.5735
vn -0.0000 0.7667 -0.6420
vn -0.0077 0.7665 -0.6422
vn -0.0073 0.7073 -0.7069
vn -0.0000 0.7071 -0.7071
vn -0.4468 0.8112 -0.3772
vn -0.4469 0.8409 -0.3053
vn -0.0590 0.9054 -0.4205
vn -0.0611 0.9375 -0.3426
vn -0.4493 0.8627 -0.2322
vn -0.4514 0.8788 -0.1549
vn -0.0616 0.9637 -0.2598
vn -0.0598 0.9834 -0.1714
vn -0.0067 0.9849 -0.1733
vn -0.0000 0.9848 -0.1736
vn -0.0000 0.9662 -0.2579
vn -0.0063 0.9662 -0.2579
vn -0.0000 0.9397 -0.3421
vn -0.0073 0.9395 -0.3425
vn -0.0074 0.9064 -0.4224
vn -0.0000 0.9063 -0.4226
vn -0.4429 0.8932 -0.0778
vn -0.4472 0.8944 -0.0005
vn -0.0600 0.9944 -0.0871
vn -0.0595 0.9982 0.0004
vn -0.4430 0.8930 0.0795
vn -0.4514 0.8790 0.1538
vn -0.0601 0.9944 0.0865
vn -0.0606 0.9833 0.1719
vn -0.0063 0.9848 0.1736
vn 0.0000 0.9848 0.1736
vn 0.0000 0.9962 0.0868
vn -0.0071 0.9962 0.0865
vn 0.0000 1.0000 0.0000
vn -0.0066 1.0000 0.0004
vn -0.0071 0.9962 -0.0872
vn -0.0000 0.9962 -0.0868
vn -0.4492 0.8629 0.2318
vn -0.4476 0.8404 0.3054
vn -0.0609 0.9638 0.2596
vn -0.0601 0.9377 0.3421
vn -0.4465 0.8111 0.3779
vn -0.4464 0.7747 0.4479
vn -0.0594 0.9049 0.4215
vn -0.0614 0.8646 0.4987
vn -0.0072 0.8661 0.4998
vn 0.0000 0.8661 0.4998
vn 0.0000 0.9063 0.4226
vn -0.0072 0.9063 0.4226
vn 0.0000 0.9397 0.3421
vn -0.0076 0.9397 0.3419
vn -0.0068 0.9660 0.2583
vn 0.0000 0.9662 0.2579
vn -0.4476 0.7329 0.5123
vn -0.4468 0.6859 0.5744
vn -0.0602 0.8172 0.5732
vn -0.0590 0.7654 0.6408
vn -0.4469 0.6328 0.6323
vn -0.4481 0.5737 0.6856
vn -0.0601 0.7066 0.7050
vn -0.0601 0.6407 0.7654
vn -0.0071 0.6420 0.7667
vn 0.0000 0.6420 0.7667
vn 0.0000 0.7071 0.7071
vn -0.0070 0.7071 0.7071
vn 0.0000 0.7667 0.6420
vn -0.0076 0.7668 0.6418
vn -0.0075 0.8190 0.5737
vn 0.0000 0.8192 0.5735
vn -0.4472 0.5124 0.7332
vn -0.4468 0.4482 0.7743
vn -0.0608 0.5723 0.8178
vn -0.0610 0.4994 0.8642
vn -0.4473 0.3782 0.8105
vn -0.4521 0.3049 0.8382
vn -0.0590 0.4222 0.9046
vn -0.0597 0.3410 0.9382
vn -0.0069 0.3418 0.9397
vn 0.0000 0.3421 0.9397
vn 0.0000 0.4226 0.9063
vn -0.0070 0.4227 0.9062
vn 0.0000 0.4998 0.8661
vn -0.0072 0.4998 0.8661
vn -0.0072 0.5735 0.8192
vn 0.0000 0.5735 0.8192
vn -0.4473 0.2300 0.8643
vn -0.4508 0.1555 0.8790
vn -0.0596 0.2580 0.9643
vn -0.0603 0.1730 0.9831
vn -0.4426 0.0775 0.8934
vn -0.4472 0.0005 0.8944
vn -0.0602 0.0872 0.9944
vn -0.0603 -0.0001 0.9982
vn -0.0074 0.0000 1.0000
vn 0.0000 0.0000 1.0000
vn 0.0000 0.0888 0.9961
vn -0.0074 0.0887 0.9960
vn 0.0000 0.1733 0.9849
vn -0.0067 0.1730 0.9849
vn -0.0071 0.2582 0.9661
vn 0.0000 0.2579 0.9662
vn -0.4427 -0.0791 0.8932
vn -0.4514 -0.1537 0.8790
vn -0.0606 -0.0869 0.9944
vn -0.0600 -0.1732 0.9831
vn -0.4523 -0.3043 0.8384
vn -0.4472 -0.2310 0.8641
vn -0.0593 -0.2580 0.9643
vn -0.0597 -0.3408 0.9382
vn -0.0068 -0.3422 0.9396
vn 0.0000 -0.3421 0.9397
vn 0.0000 -0.2579 0.9662
vn -0.0072 -0.2576 0.9662
vn 0.0000 -0.1733 0.9849
vn -0.0067 -0.1737 0.9848
vn -0.0071 -0.0884 0.9961
vn 0.0000 -0.0888 0.9961
vn -0.4469 -0.3790 0.8103
vn -0.4464 -0.4479 0.7747
vn -0.0590 -0.4230 0.9042
vn -0.0614 -0.4987 0.8646
vn -0.4476 -0.5123 0.7329
vn -0.4483 -0.5735 0.6857
vn -0.0605 -0.5724 0.8177
vn -0.0600 -0.6408 0.7654
vn -0.0071 -0.6420 0.7667
vn 0.0000 -0.6420 0.7667
vn 0.0000 -0.5735 0.8192
vn -0.0072 -0.5735 0.8192
vn 0.0000 -0.4998 0.8661
vn -0.0072 -0.4998 0.8661
vn -0.0072 -0.4226 0.9063
vn 0.0000 -0.4226 0.9063
vn -0.4473 -0.6325 0.6323
vn -0.4467 -0.6864 0.5738
vn -0.0594 -0.7066 0.7051
vn -0.0590 -0.7657 0.6405
vn -0.4468 -0.7330 0.5128
vn -0.4468 -0.7743 0.4482
vn -0.0611 -0.8171 0.5732
vn -0.0610 -0.8642 0.4994
vn -0.0072 -0.8661 0.4998
vn 0.0000 -0.8661 0.4998
vn 0.0000 -0.8192 0.5735
vn -0.0072 -0.8192 0.5735
vn 0.0000 -0.7667 0.6420
vn -0.0077 -0.7665 0.6422
vn -0.0073 -0.7073 0.7069
vn 0.0000 -0.7071 0.7071
vn -0.4468 -0.8112 0.3772
vn -0.4469 -0.8409 0.3053
vn -0.0590 -0.9054 0.4205
vn -0.0611 -0.9375 0.3426
vn -0.4493 -0.8627 0.2322
vn -0.4514 -0.8788 0.1549
vn -0.0616 -0.9637 0.2598
vn -0.0598 -0.9834 0.1714
vn -0.0067 -0.9849 0.1733
vn 0.0000 -0.9848 0.1736
vn 0.0000 -0.9662 0.2579
vn -0.0063 -0.9662 0.2579
vn 0.0000 -0.9397 0.3421
vn -0.0073 -0.9395 0.3425
vn -0.0074 -0.9064 0.4224
vn 0.0000 -0.9063 0.4226
vn -0.4429 -0.8932 0.0778
vn -0.4472 -0.8944 0.0005
vn -0.0600 -0.9944 0.0871
vn -0.0595 -0.9982 -0.0004
vn -0.4430 -0.8930 -0.0795
vn -0.4514 -0.8790 -0.1538
vn -0.0601 -0.9944 -0.0865
vn -0.0606 -0.9833 -0.1719
vn -0.0063 -0.9848 -0.1736
vn -0.0000 -0.9848 -0.1736
vn -0.0000 -0.9962 -0.0868
vn -0.0071 -0.9962 -0.0865
vn 0.0000 -1.0000 0.0000
vn -0.0066 -1.0000 -0.0004
vn -0.0071 -0.9962 0.0872
vn 0.0000 -0.9962 0.0868
vn -0.4492 -0.8629 -0.2318
vn -0.4476 -0.8404 -0.3054
vn -0.0609 -0.9638 -0.2596
vn -0.0601 -0.9377 -0.3421
vn -0.4465 -0.8111 -0.3779
vn -0.4464 -0.7747 -0.4478
vn -0.0594 -0.9049 -0.4215
vn -0.0614 -0.8646 -0.4987
vn -0.0072 -0.8661 -0.4998
vn -0.0000 -0.8661 -0.4998
vn -0.0000 -0.9063 -0.4226
vn -0.0072 -0.9063 -0.4226
vn -0.0000 -0.9397 -0.3421
vn -0.0076 -0.9397 -0.3419
vn -0.0068 -0.9660 -0.2583
vn -0.0000 -0.9662 -0.2579
vn -0.4476 -0.7329 -0.5123
vn -0.4468 -0.6859 -0.5744
vn -0.0602 -0.8172 -0.5732
vn -0.0590 -0.7654 -0.6408
vn -0.4469 -0.6328 -0.6323
vn -0.4481 -0.5737 -0.6856
vn -0.0601 -0.7066 -0.7050
vn -0.0601 -0.6407 -0.7654
vn -0.0071 -0.6420 -0.7667
vn -0.0000 -0.6420 -0.7667
vn -0.0000 -0.7071 -0.7071
vn -0.0070 -0.7071 -0.7071
vn -0.0000 -0.7667 -0.6420
vn -0.0076 -0.7668 -0.6418
vn -0.0075 -0.8190 -0.5737
vn -0.0000 -0.8192 -0.5735
vn -0.4472 -0.5124 -0.7332
vn -0.4468 -0.4482 -0.7743
vn -0.0608 -0.5723 -0.8178
vn -0.0610 -0.4994 -0.8642
vn -0.4473 -0.3782 -0.8105
vn -0.4521 -0.3049 -0.8382
vn -0.0590 -0.4222 -0.9046
vn -0.0597 -0.3410 -0.9382
vn -0.0069 -0.3418 -0.9397
vn -0.0000 -0.3421 -0.9397
vn -0.0000 -0.4226 -0.9063
vn -0.0070 -0.4227 -0.9062
vn -0.0000 -0.4998 -0.8661
vn -0.0072 -0.4998 -0.8661
vn -0.0072 -0.5735 -0.8192
vn -0.0000 -0.5735 -0.8192
vn -0.4473 -0.2300 -0.8643
vn -0.4508 -0.1555 -0.8790
vn -0.0596 -0.2580 -0.9643
vn -0.0603 -0.1730 -0.9831
vn -0.4426 -0.0775 -0.8934
vn -0.0602 -0.0872 -0.9944
vn -0.0000 -0.0888 -0.9961
vn -0.0074 -0.0887 -0.9960
vn -0.0000 -0.1733 -0.9849
vn -0.0067 -0.1730 -0.9849
vn -0.0071 -0.2582 -0.9661
vn -0.0000 -0.2579 -0.9662
vn -0.0000 -0.0000 -1.0000
vn -0.0000 1.0000 -0.0000
vn 0.0000 -0.0000 1.0000
vn -0.0000 -1.0000 -0.0000
vn -0.7239 0.2348 -0.6487
vn -0.7232 0.1801 -0.6667
vn -0.7225 0.1212 -0.6807
vn -0.8888 0.1589 -0.4299
vn -0.8886 0.1209 -0.4424
vn -0.8879 0.0802 -0.4530
vn -0.7233 0.0599 -0.6879
vn -0.7234 -0.0002 -0.6905
vn -0.8892 0.0375 -0.4560
vn -0.8891 0.0003 -0.4577
vn -1.0000 0.0000 0.0000
vn -0.9879 0.0100 -0.1548
vn -0.9885 0.0006 -0.1513
vn -0.9876 0.0270 -0.1546
vn -0.9885 0.0526 -0.1418
vn -0.9880 0.0430 -0.1480
vn -0.7247 0.4406 -0.5298
vn -0.7235 0.3975 -0.5644
vn -0.7226 0.3479 -0.5973
vn -0.8891 0.2965 -0.3487
vn -0.8880 0.2675 -0.3741
vn -0.8880 0.2280 -0.3994
vn -0.7239 0.2912 -0.6255
vn -0.8896 0.1908 -0.4150
vn -0.9879 0.0622 -0.1424
vn -0.9876 0.0782 -0.1363
vn -0.9885 0.0982 -0.1154
vn -0.9881 0.0914 -0.1237
vn -0.7247 0.5955 -0.3466
vn -0.7241 0.5641 -0.3968
vn -0.7226 0.5315 -0.4420
vn -0.8896 0.3967 -0.2265
vn -0.8879 0.3799 -0.2593
vn -0.8879 0.3511 -0.2972
vn -0.7231 0.4882 -0.4886
vn -0.8898 0.3187 -0.3267
vn -0.9880 0.1071 -0.1116
vn -0.9879 0.1186 -0.1003
vn -0.9885 0.1316 -0.0749
vn -0.9880 0.1283 -0.0862
vn -0.7234 0.6799 -0.1205
vn -0.7239 0.6661 -0.1797
vn -0.7235 0.6491 -0.2351
vn -0.8898 0.4496 -0.0787
vn -0.8884 0.4440 -0.1166
vn -0.8885 0.4303 -0.1594
vn -0.7240 0.6251 -0.2916
vn -0.8895 0.4127 -0.1962
vn -0.9879 0.1390 -0.0685
vn -0.9877 0.1471 -0.0540
vn -0.9885 0.1488 -0.0266
vn -0.9882 0.1487 -0.0365
vn -0.7231 0.6802 0.1205
vn -0.7238 0.6874 0.0603
vn -0.7234 0.6904 -0.0002
vn -0.8897 0.4497 0.0783
vn -0.8885 0.4569 0.0417
vn -0.8885 0.4589 -0.0003
vn -0.7233 0.6879 -0.0601
vn -0.8891 0.4559 -0.0414
vn -0.9878 0.1551 -0.0170
vn -0.9878 0.1560 -0.0002
vn -0.9886 0.1482 0.0274
vn -0.9879 0.1541 0.0164
vn -0.7239 0.5966 0.3465
vn -0.7244 0.6247 0.2915
vn -0.7239 0.6487 0.2348
vn -0.8899 0.3963 0.2257
vn -0.8889 0.4139 0.1963
vn -0.8883 0.4308 0.1591
vn -0.7231 0.6669 0.1803
vn -0.8890 0.4426 0.1174
vn -0.9881 0.1496 0.0370
vn -0.9876 0.1478 0.0532
vn -0.9885 0.1311 0.0755
vn -0.9880 0.1384 0.0680
vn -0.7234 0.4419 0.5304
vn -0.7237 0.4877 0.4882
vn -0.7238 0.5301 0.4416
vn -0.8896 0.2955 0.3483
vn -0.8892 0.3210 0.3261
vn -0.8875 0.3507 0.2990
vn -0.7232 0.5648 0.3975
vn -0.8888 0.3783 0.2589
vn -0.9879 0.1288 0.0863
vn -0.9878 0.1187 0.1005
vn -0.9885 0.0975 0.1158
vn -0.9880 0.1072 0.1108
vn -0.7236 0.2349 0.6490
vn -0.7237 0.2920 0.6252
vn -0.7234 0.3465 0.5971
vn -0.8890 0.1573 0.4301
vn -0.8890 0.1926 0.4153
vn -0.8877 0.2282 0.3999
vn -0.7236 0.3976 0.5642
vn -0.8886 0.2662 0.3736
vn -0.9880 0.0919 0.1245
vn -0.9875 0.0790 0.1362
vn -0.9885 0.0512 0.1422
vn -0.9880 0.0623 0.1410
vn -0.7234 0.0002 0.6905
vn -0.7232 0.0601 0.6880
vn -0.7226 0.1202 0.6807
vn -0.8891 -0.0003 0.4577
vn -0.8886 0.0378 0.4571
vn -0.8879 0.0803 0.4530
vn -0.7236 0.1804 0.6662
vn -0.8891 0.1210 0.4414
vn -0.9879 0.0438 0.1489
vn -0.9876 0.0275 0.1545
vn -0.9885 -0.0006 0.1513
vn -0.9881 0.0103 0.1537
vn -0.7239 -0.2348 0.6487
vn -0.7232 -0.1801 0.6667
vn -0.7225 -0.1212 0.6807
vn -0.8888 -0.1589 0.4299
vn -0.8886 -0.1209 0.4424
vn -0.8879 -0.0802 0.4530
vn -0.7233 -0.0599 0.6879
vn -0.8892 -0.0375 0.4560
vn -0.9879 -0.0100 0.1548
vn -0.9876 -0.0270 0.1546
vn -0.9885 -0.0526 0.1418
vn -0.9880 -0.0430 0.1480
vn -0.7247 -0.4406 0.5298
vn -0.7235 -0.3975 0.5644
vn -0.7226 -0.3479 0.5973
vn -0.8891 -0.2965 0.3487
vn -0.8880 -0.2675 0.3741
vn -0.8880 -0.2280 0.3994
vn -0.7239 -0.2912 0.6255
vn -0.8896 -0.1908 0.4150
vn -0.9879 -0.0622 0.1424
vn -0.9876 -0.0782 0.1363
vn -0.9885 -0.0982 0.1154
vn -0.9881 -0.0914 0.1237
vn -0.7247 -0.5955 0.3466
vn -0.7241 -0.5641 0.3968
vn -0.7226 -0.5315 0.4420
vn -0.8896 -0.3967 0.2265
vn -0.8879 -0.3799 0.2593
vn -0.8879 -0.3511 0.2972
vn -0.7231 -0.4882 0.4886
vn -0.8898 -0.3187 0.3267
vn -0.9880 -0.1071 0.1116
vn -0.9879 -0.1186 0.1003
vn -0.9885 -0.1316 0.0749
vn -0.9880 -0.1283 0.0862
vn -0.7234 -0.6799 0.1205
vn -0.7239 -0.6661 0.1797
vn -0.7235 -0.6491 0.2351
vn -0.8898 -0.4496 0.0787
vn -0.8884 -0.4440 0.1166
vn -0.8885 -0.4303 0.1594
vn -0.7240 -0.6251 0.2916
vn -0.8895 -0.4127 0.1962
vn -0.9879 -0.1390 0.0685
vn -0.9877 -0.1471 0.0540
vn -0.9885 -0.1488 0.0266
vn -0.9882 -0.1487 0.0365
vn -0.7231 -0.6801 -0.1206
vn -0.7238 -0.6874 -0.0603
vn -0.7234 -0.6904 0.0002
vn -0.8897 -0.4498 -0.0790
vn -0.8885 -0.4569 -0.0417
vn -0.8885 -0.4589 0.0003
vn -0.7233 -0.6879 0.0601
vn -0.8891 -0.4559 0.0414
vn -0.9878 -0.1551 0.0170
vn -0.9878 -0.1560 0.0002
vn -0.9886 -0.1483 -0.0275
vn -0.9879 -0.1541 -0.0164
vn -0.7239 -0.5966 -0.3465
vn -0.7244 -0.6247 -0.2915
vn -0.7239 -0.6487 -0.2348
vn -0.8899 -0.3963 -0.2257
vn -0.8889 -0.4139 -0.1963
vn -0.8882 -0.4312 -0.1584
vn -0.7232 -0.6667 -0.1801
vn -0.8892 -0.4423 -0.1168
vn -0.9880 -0.1498 -0.0370
vn -0.9876 -0.1478 -0.0532
vn -0.9885 -0.1311 -0.0755
vn -0.9880 -0.1384 -0.0680
vn -0.7234 -0.4419 -0.5304
vn -0.7237 -0.4877 -0.4882
vn -0.7238 -0.5301 -0.4416
vn -0.8896 -0.2955 -0.3483
vn -0.8892 -0.3210 -0.3261
vn -0.8875 -0.3507 -0.2990
vn -0.7232 -0.5648 -0.3975
vn -0.8888 -0.3783 -0.2589
vn -0.9879 -0.1288 -0.0863
vn -0.9878 -0.1187 -0.1005
vn -0.9885 -0.0975 -0.1158
vn -0.9880 -0.1072 -0.1108
vn -0.7236 -0.2349 -0.6490
vn -0.7237 -0.2920 -0.6252
vn -0.7234 -0.3465 -0.5971
vn -0.8890 -0.1573 -0.4301
vn -0.8890 -0.1926 -0.4153
vn -0.8877 -0.2282 -0.3999
vn -0.7236 -0.3976 -0.5642
vn -0.8886 -0.2662 -0.3736
vn -0.9880 -0.0919 -0.1245
vn -0.9875 -0.0790 -0.1362
vn -0.9885 -0.0512 -0.1422
vn -0.9880 -0.0623 -0.1410
vn -0.7232 -0.0601 -0.6880
vn -0.7226 -0.1202 -0.6807
vn -0.8886 -0.0378 -0.4571
vn -0.8879 -0.0803 -0.4530
vn -0.7236 -0.1804 -0.6662
vn -0.8891 -0.1210 -0.4414
vn -0.9879 -0.0438 -0.1489
vn -0.9876 -0.0275 -0.1545
vn -0.9881 -0.0103 -0.1537
vn 0.9996 0.0000 -0.0290
vn 0.9967 0.0001 -0.0810
vn 0.9967 0.0072 -0.0805
vn 0.9996 0.0026 -0.0289
vn 0.9967 0.0140 -0.0794
vn 0.9996 0.0051 -0.0286
vn 0.9999 0.0000 -0.0108
vn 0.9999 0.0009 -0.0108
vn 0.9999 0.0019 -0.0107
vn 0.9996 0.0075 -0.0280
vn 0.9967 0.0208 -0.0780
vn 0.9967 0.0278 -0.0762
vn 0.9996 0.0099 -0.0272
vn 0.9999 0.0028 -0.0104
vn 0.9999 0.0037 -0.0102
vn 1.0000 0.0011 -0.0031
vn 1.0000 0.0000 -0.0000
vn 1.0000 0.0009 -0.0033
vn 1.0000 0.0006 -0.0034
vn 1.0000 0.0000 -0.0033
vn 1.0000 0.0002 -0.0034
vn 0.9967 0.0342 -0.0733
vn 0.9996 0.0122 -0.0263
vn 0.9967 0.0405 -0.0702
vn 0.9996 0.0145 -0.0251
vn 0.9999 0.0045 -0.0098
vn 0.9999 0.0054 -0.0094
vn 0.9996 0.0166 -0.0237
vn 0.9967 0.0464 -0.0663
vn 0.9967 0.0517 -0.0618
vn 0.9996 0.0186 -0.0223
vn 0.9999 0.0062 -0.0088
vn 0.9999 0.0069 -0.0083
vn 1.0000 0.0021 -0.0026
vn 1.0000 0.0020 -0.0027
vn 1.0000 0.0017 -0.0030
vn 1.0000 0.0014 -0.0031
vn 0.9967 0.0572 -0.0571
vn 0.9996 0.0205 -0.0205
vn 0.9967 0.0617 -0.0518
vn 0.9996 0.0223 -0.0187
vn 0.9999 0.0076 -0.0077
vn 0.9999 0.0083 -0.0070
vn 0.9996 0.0237 -0.0166
vn 0.9967 0.0663 -0.0463
vn 0.9967 0.0699 -0.0404
vn 0.9996 0.0251 -0.0146
vn 0.9999 0.0089 -0.0062
vn 0.9999 0.0093 -0.0054
vn 1.0000 0.0029 -0.0017
vn 1.0000 0.0028 -0.0019
vn 1.0000 0.0027 -0.0022
vn 1.0000 0.0024 -0.0025
vn 0.9967 0.0733 -0.0342
vn 0.9996 0.0263 -0.0122
vn 0.9967 0.0763 -0.0277
vn 0.9996 0.0272 -0.0098
vn 0.9999 0.0098 -0.0046
vn 0.9999 0.0102 -0.0037
vn 0.9996 0.0285 -0.0051
vn 0.9996 0.0280 -0.0076
vn 0.9967 0.0780 -0.0210
vn 0.9967 0.0798 -0.0141
vn 0.9999 0.0105 -0.0028
vn 0.9999 0.0106 -0.0019
vn 1.0000 0.0033 -0.0006
vn 1.0000 0.0033 -0.0008
vn 1.0000 0.0033 -0.0012
vn 1.0000 0.0030 -0.0015
vn 0.9967 0.0805 -0.0069
vn 0.9996 0.0289 -0.0025
vn 0.9968 0.0805 -0.0000
vn 0.9996 0.0290 -0.0000
vn 0.9999 0.0108 -0.0010
vn 0.9999 0.0109 -0.0000
vn 0.9996 0.0289 0.0025
vn 0.9967 0.0804 0.0069
vn 0.9967 0.0798 0.0142
vn 0.9996 0.0285 0.0051
vn 0.9999 0.0108 0.0010
vn 0.9999 0.0106 0.0019
vn 1.0000 0.0033 0.0006
vn 1.0000 0.0034 0.0004
vn 1.0000 0.0035 -0.0000
vn 1.0000 0.0034 -0.0004
vn 0.9967 0.0780 0.0208
vn 0.9996 0.0280 0.0075
vn 0.9967 0.0762 0.0278
vn 0.9996 0.0272 0.0099
vn 0.9999 0.0105 0.0028
vn 0.9999 0.0102 0.0037
vn 0.9996 0.0263 0.0122
vn 0.9967 0.0733 0.0342
vn 0.9967 0.0700 0.0403
vn 0.9996 0.0251 0.0145
vn 0.9999 0.0098 0.0046
vn 0.9999 0.0093 0.0054
vn 1.0000 0.0029 0.0017
vn 1.0000 0.0030 0.0015
vn 1.0000 0.0033 0.0012
vn 1.0000 0.0033 0.0008
vn 0.9967 0.0662 0.0464
vn 0.9996 0.0237 0.0166
vn 0.9967 0.0618 0.0517
vn 0.9996 0.0223 0.0186
vn 0.9999 0.0089 0.0062
vn 0.9999 0.0083 0.0070
vn 0.9996 0.0205 0.0205
vn 0.9967 0.0571 0.0572
vn 0.9967 0.0518 0.0617
vn 0.9996 0.0186 0.0222
vn 0.9999 0.0076 0.0077
vn 0.9999 0.0069 0.0083
vn 1.0000 0.0021 0.0026
vn 1.0000 0.0024 0.0025
vn 1.0000 0.0027 0.0022
vn 1.0000 0.0028 0.0019
vn 0.9967 0.0463 0.0663
vn 0.9996 0.0166 0.0237
vn 0.9967 0.0405 0.0702
vn 0.9996 0.0146 0.0251
vn 0.9999 0.0063 0.0088
vn 0.9999 0.0054 0.0094
vn 0.9996 0.0122 0.0263
vn 0.9967 0.0343 0.0733
vn 0.9967 0.0277 0.0763
vn 0.9996 0.0098 0.0272
vn 0.9999 0.0045 0.0098
vn 0.9999 0.0037 0.0102
vn 1.0000 0.0011 0.0031
vn 1.0000 0.0014 0.0031
vn 1.0000 0.0017 0.0030
vn 1.0000 0.0020 0.0027
vn 0.9967 0.0208 0.0781
vn 0.9996 0.0075 0.0280
vn 0.9967 0.0141 0.0793
vn 0.9996 0.0051 0.0286
vn 0.9999 0.0028 0.0105
vn 0.9999 0.0019 0.0107
vn 0.9996 0.0025 0.0289
vn 0.9967 0.0072 0.0804
vn 0.9967 -0.0001 0.0810
vn 0.9996 -0.0000 0.0290
vn 0.9999 0.0009 0.0108
vn 0.9999 -0.0000 0.0108
vn 1.0000 0.0000 0.0033
vn 1.0000 0.0002 0.0034
vn 1.0000 0.0006 0.0034
vn 1.0000 0.0009 0.0033
vn 0.9967 -0.0072 0.0805
vn 0.9996 -0.0026 0.0289
vn 0.9967 -0.0140 0.0794
vn 0.9996 -0.0051 0.0286
vn 0.9999 -0.0009 0.0108
vn 0.9999 -0.0019 0.0107
vn 0.9996 -0.0075 0.0280
vn 0.9967 -0.0208 0.0780
vn 0.9967 -0.0278 0.0762
vn 0.9996 -0.0099 0.0272
vn 0.9999 -0.0028 0.0104
vn 0.9999 -0.0037 0.0102
vn 1.0000 -0.0011 0.0031
vn 1.0000 -0.0009 0.0033
vn 1.0000 -0.0006 0.0034
vn 1.0000 -0.0002 0.0034
vn 0.9967 -0.0342 0.0733
vn 0.9996 -0.0122 0.0263
vn 0.9967 -0.0405 0.0702
vn 0.9996 -0.0145 0.0251
vn 0.9999 -0.0045 0.0098
vn 0.9999 -0.0054 0.0094
vn 0.9996 -0.0166 0.0237
vn 0.9967 -0.0464 0.0663
vn 0.9967 -0.0517 0.0618
vn 0.9996 -0.0186 0.0223
vn 0.9999 -0.0062 0.0088
vn 0.9999 -0.0069 0.0083
vn 1.0000 -0.0021 0.0026
vn 1.0000 -0.0020 0.0027
vn 1.0000 -0.0017 0.0030
vn 1.0000 -0.0014 0.0031
vn 0.9967 -0.0572 0.0571
vn 0.9996 -0.0205 0.0205
vn 0.9967 -0.0617 0.0518
vn 0.9996 -0.0223 0.0187
vn 0.9999 -0.0076 0.0077
vn 0.9999 -0.0083 0.0070
vn 0.9996 -0.0237 0.0166
vn 0.9967 -0.0663 0.0463
vn 0.9967 -0.0699 0.0404
vn 0.9996 -0.0251 0.0146
vn 0.9999 -0.0089 0.0062
vn 0.9999 -0.0093 0.0054
vn 1.0000 -0.0029 0.0017
vn 1.0000 -0.0028 0.0019
vn 1.0000 -0.0027 0.0022
vn 1.0000 -0.0024 0.0025
vn 0.9967 -0.0733 0.0342
vn 0.9996 -0.0263 0.0122
vn 0.9967 -0.0763 0.0277
vn 0.9996 -0.0272 0.0098
vn 0.9999 -0.0098 0.0046
vn 0.9999 -0.0102 0.0037
vn 0.9996 -0.0285 0.0051
vn 0.9996 -0.0280 0.0076
vn 0.9967 -0.0780 0.0210
vn 0.9967 -0.0798 0.0141
vn 0.9999 -0.0105 0.0028
vn 0.9999 -0.0106 0.0019
vn 1.0000 -0.0033 0.0006
vn 1.0000 -0.0033 0.0008
vn 1.0000 -0.0033 0.0012
vn 1.0000 -0.0030 0.0015
vn 0.9967 -0.0805 0.0069
vn 0.9996 -0.0289 0.0025
vn 0.9968 -0.0805 0.0000
vn 0.9996 -0.0290 0.0000
vn 0.9999 -0.0108 0.0010
vn 0.9999 -0.0109 0.0000
vn 0.9996 -0.0289 -0.0025
vn 0.9967 -0.0804 -0.0069
vn 0.9967 -0.0798 -0.0142
vn 0.9996 -0.0285 -0.0051
vn 0.9999 -0.0108 -0.0010
vn 0.9999 -0.0106 -0.0019
vn 1.0000 -0.0033 -0.0006
vn 1.0000 -0.0034 -0.0004
vn 1.0000 -0.0035 -0.0000
vn 1.0000 -0.0034 0.0004
vn 0.9967 -0.0780 -0.0208
vn 0.9996 -0.0280 -0.0075
vn 0.9967 -0.0762 -0.0278
vn 0.9996 -0.0272 -0.0099
vn 0.9999 -0.0105 -0.0028
vn 0.9999 -0.0102 -0.0037
vn 0.9996 -0.0263 -0.0122
vn 0.9967 -0.0733 -0.0342
vn 0.9967 -0.0700 -0.0403
vn 0.9996 -0.0251 -0.0145
vn 0.9999 -0.0098 -0.0046
vn 0.9999 -0.0093 -0.0054
vn 1.0000 -0.0029 -0.0017
vn 1.0000 -0.0030 -0.0015
vn 1.0000 -0.0033 -0.0012
vn 1.0000 -0.0033 -0.0008
vn 0.9967 -0.0662 -0.0464
vn 0.9996 -0.0237 -0.0166
vn 0.9967 -0.0618 -0.0517
vn 0.9996 -0.0223 -0.0186
vn 0.9999 -0.0089 -0.0062
vn 0.9999 -0.0083 -0.0070
vn 0.9996 -0.0205 -0.0205
vn 0.9967 -0.0571 -0.0572
vn 0.9967 -0.0518 -0.0617
vn 0.9996 -0.0186 -0.0222
vn 0.9999 -0.0076 -0.0077
vn 0.9999 -0.0069 -0.0083
vn 1.0000 -0.0021 -0.0026
vn 1.0000 -0.0024 -0.0025
vn 1.0000 -0.0027 -0.0022
vn 1.0000 -0.0028 -0.0019
vn 0.9967 -0.0463 -0.0663
vn 0.9996 -0.0166 -0.0237
vn 0.9967 -0.0405 -0.0702
vn 0.9996 -0.0146 -0.0251
vn 0.9999 -0.0063 -0.0088
vn 0.9999 -0.0054 -0.0094
vn 0.9996 -0.0122 -0.0263
vn 0.9967 -0.0343 -0.0733
vn 0.9967 -0.0277 -0.0763
vn 0.9996 -0.0098 -0.0272
vn 0.9999 -0.0045 -0.0098
vn 0.9999 -0.0037 -0.0102
vn 1.0000 -0.0011 -0.0031
vn 1.0000 -0.0014 -0.0031
vn 1.0000 -0.0017 -0.0030
vn 1.0000 -0.0020 -0.0027
vn 0.9967 -0.0208 -0.0781
vn 0.9996 -0.0075 -0.0280
vn 0.9967 -0.0141 -0.0793
vn 0.9996 -0.0051 -0.0286
vn 0.9999 -0.0028 -0.0105
vn 0.9999 -0.0019 -0.0107
vn 0.9996 -0.0025 -0.0289
vn 0.9967 -0.0072 -0.0804
vn 0.9999 -0.0009 -0.0108
vn 1.0000 -0.0002 -0.0034
vn 1.0000 -0.0006 -0.0034
vn 1.0000 -0.0009 -0.0033
vn 0.8794 0.1229 -0.4600
vn 0.8763 0.1652 -0.4526
vn 0.9723 0.0795 -0.2197
vn 0.9720 0.0606 -0.2268
vn 0.9851 0.0587 -0.1614
vn 0.9852 0.0442 -0.1657
vn 0.8801 0.0819 -0.4676
vn 0.9721 0.0406 -0.2310
vn 0.9851 0.0300 -0.1693
vn 0.9723 0.0607 -0.2258
vn 0.9728 0.0793 -0.2178
vn 0.8756 0.1653 -0.4539
vn 0.8759 0.1256 -0.4658
vn 0.9724 0.0407 -0.2297
vn 0.8771 0.0832 -0.4731
vn 0.8764 0.0415 -0.4798
vn 0.8757 -0.0000 -0.4828
vn 0.9727 -0.0000 -0.2320
vn 0.9727 0.0202 -0.2311
vn 0.9852 -0.0001 -0.1713
vn 0.9851 0.0152 -0.1711
vn 0.9718 0.0211 -0.2349
vn 0.9721 -0.0002 -0.2345
vn 0.8783 -0.0001 -0.4781
vn 0.8783 0.0425 -0.4762
vn 0.8776 0.2748 -0.3929
vn 0.8770 0.3095 -0.3677
vn 0.9722 0.1505 -0.1792
vn 0.9720 0.1347 -0.1923
vn 0.9851 0.1106 -0.1314
vn 0.9853 0.0979 -0.1402
vn 0.8782 0.2391 -0.4142
vn 0.9721 0.1171 -0.2032
vn 0.9851 0.0862 -0.1488
vn 0.9725 0.1336 -0.1906
vn 0.9728 0.1489 -0.1774
vn 0.8768 0.3089 -0.3686
vn 0.8774 0.2755 -0.3929
vn 0.9727 0.1158 -0.2010
vn 0.8753 0.2420 -0.4187
vn 0.8731 0.2055 -0.4421
vn 0.9727 0.0979 -0.2104
vn 0.9853 0.0722 -0.1550
vn 0.9718 0.0999 -0.2136
vn 0.8801 0.2003 -0.4306
vn 0.8775 0.3931 -0.2748
vn 0.8780 0.4146 -0.2391
vn 0.9721 0.2032 -0.1173
vn 0.9721 0.1923 -0.1346
vn 0.9851 0.1487 -0.0858
vn 0.9853 0.1400 -0.0981
vn 0.8772 0.3678 -0.3087
vn 0.9722 0.1791 -0.1507
vn 0.9851 0.1317 -0.1105
vn 0.9725 0.1908 -0.1335
vn 0.9727 0.2011 -0.1159
vn 0.8754 0.4185 -0.2419
vn 0.8773 0.3933 -0.2751
vn 0.9728 0.1771 -0.1491
vn 0.8765 0.3689 -0.3094
vn 0.8732 0.3444 -0.3448
vn 0.9724 0.1650 -0.1647
vn 0.9853 0.1208 -0.1210
vn 0.9719 0.1666 -0.1664
vn 0.8804 0.3349 -0.3357
vn 0.8791 0.4603 -0.1237
vn 0.8800 0.4677 -0.0826
vn 0.9719 0.2317 -0.0409
vn 0.9720 0.2269 -0.0609
vn 0.9850 0.1697 -0.0299
vn 0.9852 0.1656 -0.0446
vn 0.8787 0.4486 -0.1630
vn 0.9719 0.2213 -0.0803
vn 0.9852 0.1614 -0.0585
vn 0.9723 0.2257 -0.0605
vn 0.9728 0.2283 -0.0405
vn 0.8770 0.4733 -0.0831
vn 0.8758 0.4662 -0.1249
vn 0.9727 0.2181 -0.0796
vn 0.8754 0.4542 -0.1656
vn 0.8731 0.4419 -0.2060
vn 0.9727 0.2105 -0.0980
vn 0.9853 0.1548 -0.0723
vn 0.9718 0.2139 -0.0995
vn 0.8801 0.4304 -0.2006
vn 0.8781 0.4767 0.0419
vn 0.8801 0.4676 0.0819
vn 0.9719 0.2320 0.0409
vn 0.9718 0.2350 0.0209
vn 0.9851 0.1694 0.0300
vn 0.9852 0.1710 0.0149
vn 0.8751 0.4840 0.0006
vn 0.9721 0.2345 -0.0002
vn 0.9852 0.1713 -0.0001
vn 0.9727 0.2311 0.0202
vn 0.9726 0.2287 0.0404
vn 0.8771 0.4731 0.0832
vn 0.8764 0.4798 0.0415
vn 0.9727 0.2320 -0.0000
vn 0.8757 0.4828 -0.0000
vn 0.8765 0.4796 -0.0419
vn 0.9727 0.2311 -0.0201
vn 0.9851 0.1711 -0.0150
vn 0.9718 0.2349 -0.0207
vn 0.8784 0.4761 -0.0419
vn 0.8801 0.4306 0.1999
vn 0.8782 0.4142 0.2391
vn 0.9721 0.2032 0.1171
vn 0.9718 0.2139 0.0997
vn 0.9851 0.1488 0.0862
vn 0.9853 0.1550 0.0721
vn 0.8786 0.4488 0.1635
vn 0.9719 0.2211 0.0802
vn 0.9852 0.1613 0.0586
vn 0.9727 0.2104 0.0979
vn 0.9727 0.2010 0.1158
vn 0.8753 0.4187 0.2420
vn 0.8731 0.4421 0.2055
vn 0.9727 0.2181 0.0795
vn 0.8756 0.4539 0.1653
vn 0.8759 0.4658 0.1256
vn 0.9723 0.2256 0.0608
vn 0.9852 0.1657 0.0445
vn 0.9720 0.2268 0.0607
vn 0.8792 0.4602 0.1237
vn 0.8804 0.3357 0.3349
vn 0.8772 0.3087 0.3678
vn 0.9722 0.1507 0.1791
vn 0.9719 0.1664 0.1666
vn 0.9851 0.1105 0.1317
vn 0.9853 0.1210 0.1208
vn 0.8770 0.3677 0.3095
vn 0.9722 0.1792 0.1505
vn 0.9851 0.1314 0.1106
vn 0.9724 0.1647 0.1650
vn 0.9728 0.1491 0.1771
vn 0.8765 0.3094 0.3689
vn 0.8732 0.3448 0.3444
vn 0.9728 0.1774 0.1489
vn 0.8768 0.3686 0.3089
vn 0.8774 0.3929 0.2755
vn 0.9725 0.1906 0.1336
vn 0.9853 0.1402 0.0979
vn 0.9720 0.1923 0.1347
vn 0.8776 0.3929 0.2748
vn 0.8803 0.2011 0.4297
vn 0.8764 0.1639 0.4527
vn 0.9723 0.0799 0.2197
vn 0.9718 0.0996 0.2140
vn 0.9851 0.0586 0.1614
vn 0.9853 0.0724 0.1547
vn 0.8780 0.2391 0.4146
vn 0.9721 0.1173 0.2032
vn 0.9851 0.0858 0.1487
vn 0.9727 0.0980 0.2105
vn 0.9727 0.0795 0.2178
vn 0.8754 0.1656 0.4542
vn 0.8731 0.2060 0.4419
vn 0.9727 0.1159 0.2011
vn 0.8754 0.2419 0.4185
vn 0.8773 0.2751 0.3933
vn 0.9725 0.1335 0.1908
vn 0.9853 0.0981 0.1400
vn 0.9721 0.1346 0.1923
vn 0.8775 0.2748 0.3931
vn 0.8784 0.0419 0.4761
vn 0.8783 0.0001 0.4781
vn 0.9721 0.0002 0.2345
vn 0.9718 0.0207 0.2349
vn 0.9852 0.0001 0.1713
vn 0.9852 0.0152 0.1710
vn 0.8800 0.0826 0.4677
vn 0.9722 0.0408 0.2307
vn 0.9851 0.0299 0.1696
vn 0.9727 0.0203 0.2312
vn 0.9727 0.0000 0.2320
vn 0.8757 0.0000 0.4828
vn 0.8765 0.0419 0.4796
vn 0.9725 0.0405 0.2293
vn 0.8770 0.0831 0.4733
vn 0.8758 0.1249 0.4662
vn 0.9723 0.0604 0.2257
vn 0.9852 0.0443 0.1659
vn 0.9721 0.0604 0.2267
vn 0.8790 0.1234 0.4605
vn 0.8794 -0.1229 0.4600
vn 0.8763 -0.1652 0.4526
vn 0.9723 -0.0795 0.2197
vn 0.9720 -0.0606 0.2268
vn 0.9851 -0.0587 0.1614
vn 0.9852 -0.0442 0.1657
vn 0.8801 -0.0819 0.4676
vn 0.9721 -0.0406 0.2310
vn 0.9851 -0.0300 0.1693
vn 0.9723 -0.0607 0.2258
vn 0.9728 -0.0793 0.2178
vn 0.8756 -0.1653 0.4539
vn 0.8759 -0.1256 0.4658
vn 0.9724 -0.0407 0.2297
vn 0.8771 -0.0832 0.4731
vn 0.8764 -0.0415 0.4798
vn 0.9727 -0.0202 0.2311
vn 0.9851 -0.0152 0.1711
vn 0.9718 -0.0211 0.2349
vn 0.8783 -0.0425 0.4762
vn 0.8776 -0.2748 0.3929
vn 0.8770 -0.3095 0.3677
vn 0.9722 -0.1505 0.1792
vn 0.9720 -0.1347 0.1923
vn 0.9851 -0.1106 0.1314
vn 0.9853 -0.0979 0.1402
vn 0.8782 -0.2391 0.4142
vn 0.9721 -0.1171 0.2032
vn 0.9851 -0.0862 0.1488
vn 0.9725 -0.1336 0.1906
vn 0.9728 -0.1489 0.1774
vn 0.8768 -0.3089 0.3686
vn 0.8774 -0.2755 0.3929
vn 0.9727 -0.1158 0.2010
vn 0.8753 -0.2420 0.4187
vn 0.8731 -0.2055 0.4421
vn 0.9727 -0.0979 0.2104
vn 0.9853 -0.0722 0.1550
vn 0.9718 -0.0999 0.2136
vn 0.8801 -0.2003 0.4306
vn 0.8775 -0.3931 0.2748
vn 0.8780 -0.4146 0.2391
vn 0.9721 -0.2032 0.1173
vn 0.9721 -0.1923 0.1346
vn 0.9851 -0.1487 0.0858
vn 0.9853 -0.1400 0.0981
vn 0.8772 -0.3678 0.3087
vn 0.9722 -0.1791 0.1507
vn 0.9851 -0.1317 0.1105
vn 0.9725 -0.1908 0.1335
vn 0.9727 -0.2011 0.1159
vn 0.8754 -0.4185 0.2419
vn 0.8773 -0.3933 0.2751
vn 0.9728 -0.1771 0.1491
vn 0.8765 -0.3689 0.3094
vn 0.8732 -0.3444 0.3448
vn 0.9724 -0.1650 0.1647
vn 0.9853 -0.1208 0.1210
vn 0.9719 -0.1666 0.1664
vn 0.8804 -0.3349 0.3357
vn 0.8791 -0.4603 0.1237
vn 0.8800 -0.4677 0.0826
vn 0.9719 -0.2317 0.0409
vn 0.9720 -0.2269 0.0609
vn 0.9850 -0.1697 0.0299
vn 0.9852 -0.1656 0.0446
vn 0.8787 -0.4486 0.1630
vn 0.9719 -0.2213 0.0803
vn 0.9852 -0.1614 0.0585
vn 0.9723 -0.2257 0.0605
vn 0.9728 -0.2283 0.0405
vn 0.8770 -0.4733 0.0831
vn 0.8758 -0.4662 0.1249
vn 0.9727 -0.2181 0.0796
vn 0.8754 -0.4542 0.1656
vn 0.8731 -0.4419 0.2060
vn 0.9727 -0.2105 0.0980
vn 0.9853 -0.1548 0.0723
vn 0.9718 -0.2139 0.0995
vn 0.8801 -0.4304 0.2006
vn 0.8781 -0.4767 -0.0419
vn 0.8801 -0.4676 -0.0819
vn 0.9719 -0.2320 -0.0409
vn 0.9718 -0.2350 -0.0209
vn 0.9851 -0.1694 -0.0300
vn 0.9852 -0.1710 -0.0149
vn 0.8751 -0.4840 -0.0006
vn 0.9721 -0.2345 0.0002
vn 0.9852 -0.1713 0.0001
vn 0.9727 -0.2311 -0.0202
vn 0.9726 -0.2287 -0.0404
vn 0.8771 -0.4731 -0.0832
vn 0.8764 -0.4798 -0.0415
vn 0.9727 -0.2320 0.0000
vn 0.8757 -0.4828 0.0000
vn 0.8765 -0.4796 0.0419
vn 0.9727 -0.2311 0.0201
vn 0.9851 -0.1711 0.0150
vn 0.9718 -0.2349 0.0207
vn 0.8784 -0.4761 0.0419
vn 0.8801 -0.4306 -0.1999
vn 0.8782 -0.4142 -0.2391
vn 0.9721 -0.2032 -0.1171
vn 0.9718 -0.2139 -0.0997
vn 0.9851 -0.1488 -0.0862
vn 0.9853 -0.1550 -0.0721
vn 0.8786 -0.4488 -0.1635
vn 0.9719 -0.2211 -0.0802
vn 0.9852 -0.1613 -0.0586
vn 0.9727 -0.2104 -0.0979
vn 0.9727 -0.2010 -0.1158
vn 0.8753 -0.4187 -0.2420
vn 0.8731 -0.4421 -0.2055
vn 0.9727 -0.2181 -0.0795
vn 0.8756 -0.4539 -0.1653
vn 0.8759 -0.4658 -0.1256
vn 0.9723 -0.2256 -0.0608
vn 0.9852 -0.1657 -0.0445
vn 0.9720 -0.2268 -0.0607
vn 0.8792 -0.4602 -0.1237
vn 0.8804 -0.3357 -0.3349
vn 0.8772 -0.3087 -0.3678
vn 0.9722 -0.1507 -0.1791
vn 0.9719 -0.1664 -0.1666
vn 0.9851 -0.1105 -0.1317
vn 0.9853 -0.1210 -0.1208
vn 0.8770 -0.3677 -0.3095
vn 0.9722 -0.1792 -0.1505
vn 0.9851 -0.1314 -0.1106
vn 0.9724 -0.1647 -0.1650
vn 0.9728 -0.1491 -0.1771
vn 0.8765 -0.3094 -0.3689
vn 0.8732 -0.3448 -0.3444
vn 0.9728 -0.1774 -0.1489
vn 0.8768 -0.3686 -0.3089
vn 0.8774 -0.3929 -0.2755
vn 0.9725 -0.1906 -0.1336
vn 0.9853 -0.1402 -0.0979
vn 0.9720 -0.1923 -0.1347
vn 0.8776 -0.3929 -0.2748
vn 0.8803 -0.2011 -0.4297
vn 0.8764 -0.1639 -0.4527
vn 0.9723 -0.0799 -0.2197
vn 0.9718 -0.0996 -0.2140
vn 0.9851 -0.0586 -0.1614
vn 0.9853 -0.0724 -0.1547
vn 0.8780 -0.2391 -0.4146
vn 0.9721 -0.1173 -0.2032
vn 0.9851 -0.0858 -0.1487
vn 0.9727 -0.0980 -0.2105
vn 0.9727 -0.0795 -0.2178
vn 0.8754 -0.1656 -0.4542
vn 0.8731 -0.2060 -0.4419
vn 0.9727 -0.1159 -0.2011
vn 0.8754 -0.2419 -0.4185
vn 0.8773 -0.2751 -0.3933
vn 0.9725 -0.1335 -0.1908
vn 0.9853 -0.0981 -0.1400
vn 0.9721 -0.1346 -0.1923
vn 0.8775 -0.2748 -0.3931
vn 0.8784 -0.0419 -0.4761
vn 0.9718 -0.0207 -0.2349
vn 0.9852 -0.0152 -0.1710
vn 0.8800 -0.0826 -0.4677
vn 0.9722 -0.0408 -0.2307
vn 0.9851 -0.0299 -0.1696
vn 0.9727 -0.0203 -0.2312
vn 0.8765 -0.0419 -0.4796
vn 0.9725 -0.0405 -0.2293
vn 0.8770 -0.0831 -0.4733
vn 0.8758 -0.1249 -0.4662
vn 0.9723 -0.0604 -0.2257
vn 0.9852 -0.0443 -0.1659
vn 0.9721 -0.0604 -0.2267
vn 0.8790 -0.1234 -0.4605
vn -0.8758 0.1249 -0.4662
vn -0.8754 0.1656 -0.4542
vn -0.9743 0.0772 -0.2115
vn -0.9739 0.0587 -0.2192
vn -0.9924 0.0420 -0.1159
vn -0.9924 0.0319 -0.1191
vn -0.8770 0.0831 -0.4733
vn -0.9741 0.0393 -0.2226
vn -0.9923 0.0215 -0.1222
vn -0.9913 0.0339 -0.1273
vn -0.9914 0.0449 -0.1233
vn -0.9592 0.0972 -0.2655
vn -0.9605 0.0718 -0.2688
vn -0.9913 0.0229 -0.1295
vn -0.9608 0.0479 -0.2729
vn -0.9602 0.0246 -0.2784
vn -0.9601 0.0002 -0.2796
vn -0.9913 0.0001 -0.1317
vn -0.9912 0.0116 -0.1320
vn -0.9924 0.0001 -0.1232
vn -0.9923 0.0109 -0.1232
vn -0.9743 0.0197 -0.2244
vn -0.9743 0.0000 -0.2252
vn -0.8757 0.0000 -0.4828
vn -0.8765 0.0419 -0.4796
vn -0.8773 0.2751 -0.3933
vn -0.8765 0.3094 -0.3689
vn -0.9744 0.1447 -0.1719
vn -0.9741 0.1296 -0.1853
vn -0.9923 0.0795 -0.0947
vn -0.9924 0.0707 -0.1008
vn -0.8754 0.2419 -0.4185
vn -0.9743 0.1125 -0.1952
vn -0.9923 0.0617 -0.1070
vn -0.9913 0.0756 -0.1080
vn -0.9913 0.0846 -0.1005
vn -0.9595 0.1815 -0.2153
vn -0.9598 0.1607 -0.2301
vn -0.9913 0.0659 -0.1141
vn -0.9601 0.1400 -0.2423
vn -0.9609 0.1165 -0.2511
vn -0.9912 0.0559 -0.1202
vn -0.9925 0.0519 -0.1110
vn -0.9742 0.0952 -0.2044
vn -0.8731 0.2060 -0.4419
vn -0.8774 0.3929 -0.2755
vn -0.8753 0.4187 -0.2420
vn -0.9743 0.1951 -0.1124
vn -0.9741 0.1851 -0.1297
vn -0.9923 0.1071 -0.0620
vn -0.9924 0.1009 -0.0705
vn -0.8768 0.3686 -0.3089
vn -0.9744 0.1722 -0.1445
vn -0.9923 0.0946 -0.0796
vn -0.9913 0.1080 -0.0756
vn -0.9913 0.1141 -0.0658
vn -0.9600 0.2427 -0.1398
vn -0.9598 0.2300 -0.1610
vn -0.9913 0.1006 -0.0845
vn -0.9596 0.2157 -0.1807
vn -0.9611 0.1950 -0.1958
vn -0.9912 0.0935 -0.0936
vn -0.9924 0.0871 -0.0870
vn -0.9740 0.1600 -0.1602
vn -0.8732 0.3448 -0.3444
vn -0.8759 0.4658 -0.1256
vn -0.8771 0.4731 -0.0832
vn -0.9742 0.2221 -0.0392
vn -0.9739 0.2191 -0.0591
vn -0.9923 0.1216 -0.0215
vn -0.9924 0.1190 -0.0319
vn -0.8756 0.4539 -0.1653
vn -0.9743 0.2118 -0.0771
vn -0.9924 0.1159 -0.0422
vn -0.9913 0.1273 -0.0341
vn -0.9912 0.1302 -0.0230
vn -0.9609 0.2728 -0.0481
vn -0.9604 0.2690 -0.0722
vn -0.9912 0.1242 -0.0451
vn -0.9603 0.2623 -0.0953
vn -0.9609 0.2509 -0.1171
vn -0.9912 0.1201 -0.0560
vn -0.9924 0.1112 -0.0517
vn -0.9743 0.2044 -0.0951
vn -0.8731 0.4421 -0.2055
vn -0.8765 0.4796 0.0419
vn -0.8770 0.4733 0.0831
vn -0.9743 0.2216 0.0393
vn -0.9743 0.2243 0.0195
vn -0.9923 0.1218 0.0215
vn -0.9923 0.1234 0.0107
vn -0.8757 0.4828 0.0000
vn -0.9743 0.2252 0.0000
vn -0.9924 0.1232 0.0001
vn -0.9912 0.1320 0.0116
vn -0.9912 0.1301 0.0229
vn -0.9608 0.2729 0.0479
vn -0.9601 0.2787 0.0242
vn -0.9913 0.1317 0.0001
vn -0.9587 0.2843 0.0006
vn -0.9602 0.2782 -0.0247
vn -0.9912 0.1320 -0.0118
vn -0.9923 0.1233 -0.0108
vn -0.9743 0.2243 -0.0196
vn -0.8764 0.4798 -0.0415
vn -0.8731 0.4419 0.2060
vn -0.8754 0.4185 0.2419
vn -0.9743 0.1952 0.1125
vn -0.9742 0.2044 0.0952
vn -0.9923 0.1070 0.0617
vn -0.9925 0.1111 0.0519
vn -0.8754 0.4542 0.1656
vn -0.9743 0.2118 0.0773
vn -0.9924 0.1160 0.0420
vn -0.9912 0.1202 0.0559
vn -0.9913 0.1141 0.0659
vn -0.9601 0.2423 0.1400
vn -0.9609 0.2511 0.1164
vn -0.9912 0.1243 0.0451
vn -0.9603 0.2623 0.0955
vn -0.9605 0.2688 0.0724
vn -0.9913 0.1274 0.0342
vn -0.9924 0.1189 0.0320
vn -0.9739 0.2192 0.0587
vn -0.8758 0.4662 0.1249
vn -0.8732 0.3444 0.3448
vn -0.8768 0.3089 0.3686
vn -0.9744 0.1445 0.1722
vn -0.9740 0.1602 0.1600
vn -0.9923 0.0796 0.0946
vn -0.9924 0.0870 0.0871
vn -0.8765 0.3689 0.3094
vn -0.9744 0.1719 0.1447
vn -0.9923 0.0947 0.0795
vn -0.9912 0.0936 0.0935
vn -0.9913 0.0845 0.1006
vn -0.9596 0.1807 0.2157
vn -0.9611 0.1958 0.1950
vn -0.9913 0.1005 0.0846
vn -0.9595 0.2153 0.1815
vn -0.9598 0.2301 0.1607
vn -0.9913 0.1080 0.0756
vn -0.9924 0.1008 0.0707
vn -0.9741 0.1853 0.1296
vn -0.8773 0.3933 0.2751
vn -0.8731 0.2055 0.4421
vn -0.8756 0.1653 0.4539
vn -0.9743 0.0770 0.2115
vn -0.9743 0.0951 0.2043
vn -0.9924 0.0422 0.1158
vn -0.9924 0.0518 0.1112
vn -0.8753 0.2420 0.4187
vn -0.9743 0.1124 0.1951
vn -0.9923 0.0620 0.1071
vn -0.9912 0.0561 0.1200
vn -0.9914 0.0446 0.1233
vn -0.9592 0.0960 0.2659
vn -0.9610 0.1175 0.2505
vn -0.9913 0.0658 0.1141
vn -0.9600 0.1398 0.2427
vn -0.9598 0.1610 0.2300
vn -0.9913 0.0756 0.1080
vn -0.9924 0.0705 0.1009
vn -0.9741 0.1297 0.1851
vn -0.8774 0.2755 0.3929
vn -0.8764 0.0415 0.4798
vn -0.8757 -0.0000 0.4828
vn -0.9743 -0.0000 0.2252
vn -0.9743 0.0196 0.2243
vn -0.9924 -0.0001 0.1232
vn -0.9923 0.0109 0.1233
vn -0.8771 0.0832 0.4731
vn -0.9740 0.0395 0.2230
vn -0.9923 0.0216 0.1220
vn -0.9912 0.0118 0.1319
vn -0.9913 -0.0001 0.1317
vn -0.9601 -0.0002 0.2796
vn -0.9602 0.0247 0.2782
vn -0.9913 0.0228 0.1297
vn -0.9609 0.0481 0.2728
vn -0.9604 0.0722 0.2690
vn -0.9913 0.0340 0.1274
vn -0.9924 0.0317 0.1189
vn -0.9739 0.0590 0.2193
vn -0.8759 0.1256 0.4658
vn -0.8758 -0.1249 0.4662
vn -0.8754 -0.1656 0.4542
vn -0.9743 -0.0772 0.2115
vn -0.9739 -0.0587 0.2192
vn -0.9924 -0.0420 0.1159
vn -0.9924 -0.0319 0.1191
vn -0.8770 -0.0831 0.4733
vn -0.9741 -0.0393 0.2226
vn -0.9923 -0.0215 0.1222
vn -0.9913 -0.0339 0.1273
vn -0.9914 -0.0449 0.1233
vn -0.9592 -0.0972 0.2655
vn -0.9605 -0.0718 0.2688
vn -0.9913 -0.0229 0.1295
vn -0.9608 -0.0479 0.2729
vn -0.9602 -0.0246 0.2784
vn -0.9912 -0.0116 0.1320
vn -0.9923 -0.0109 0.1232
vn -0.9743 -0.0197 0.2244
vn -0.8765 -0.0419 0.4796
vn -0.8773 -0.2751 0.3933
vn -0.8765 -0.3094 0.3689
vn -0.9744 -0.1447 0.1719
vn -0.9741 -0.1296 0.1853
vn -0.9923 -0.0795 0.0947
vn -0.9924 -0.0707 0.1008
vn -0.8754 -0.2419 0.4185
vn -0.9743 -0.1125 0.1952
vn -0.9923 -0.0617 0.1070
vn -0.9913 -0.0756 0.1080
vn -0.9913 -0.0846 0.1005
vn -0.9595 -0.1815 0.2153
vn -0.9598 -0.1607 0.2301
vn -0.9913 -0.0659 0.1141
vn -0.9601 -0.1400 0.2423
vn -0.9609 -0.1165 0.2511
vn -0.9912 -0.0559 0.1202
vn -0.9925 -0.0519 0.1110
vn -0.9742 -0.0952 0.2044
vn -0.8731 -0.2060 0.4419
vn -0.8774 -0.3929 0.2755
vn -0.8753 -0.4187 0.2420
vn -0.9743 -0.1951 0.1124
vn -0.9741 -0.1851 0.1297
vn -0.9923 -0.1071 0.0620
vn -0.9924 -0.1009 0.0705
vn -0.8768 -0.3686 0.3089
vn -0.9744 -0.1722 0.1445
vn -0.9923 -0.0946 0.0796
vn -0.9913 -0.1080 0.0756
vn -0.9913 -0.1141 0.0658
vn -0.9600 -0.2427 0.1398
vn -0.9598 -0.2300 0.1610
vn -0.9913 -0.1006 0.0845
vn -0.9596 -0.2157 0.1807
vn -0.9611 -0.1950 0.1958
vn -0.9912 -0.0935 0.0936
vn -0.9924 -0.0871 0.0870
vn -0.9740 -0.1600 0.1602
vn -0.8732 -0.3448 0.3444
vn -0.8759 -0.4658 0.1256
vn -0.8771 -0.4731 0.0832
vn -0.9742 -0.2221 0.0392
vn -0.9739 -0.2191 0.0591
vn -0.9923 -0.1216 0.0215
vn -0.9924 -0.1190 0.0319
vn -0.8756 -0.4539 0.1653
vn -0.9743 -0.2118 0.0771
vn -0.9924 -0.1159 0.0422
vn -0.9913 -0.1273 0.0341
vn -0.9912 -0.1302 0.0230
vn -0.9609 -0.2728 0.0481
vn -0.9604 -0.2690 0.0722
vn -0.9912 -0.1242 0.0451
vn -0.9603 -0.2623 0.0953
vn -0.9609 -0.2509 0.1171
vn -0.9912 -0.1201 0.0560
vn -0.9924 -0.1112 0.0517
vn -0.9743 -0.2044 0.0951
vn -0.8731 -0.4421 0.2055
vn -0.8765 -0.4796 -0.0419
vn -0.8770 -0.4733 -0.0831
vn -0.9743 -0.2216 -0.0393
vn -0.9743 -0.2243 -0.0195
vn -0.9923 -0.1218 -0.0215
vn -0.9923 -0.1234 -0.0107
vn -0.8757 -0.4828 -0.0000
vn -0.9743 -0.2252 -0.0000
vn -0.9924 -0.1232 -0.0001
vn -0.9912 -0.1320 -0.0116
vn -0.9912 -0.1301 -0.0229
vn -0.9608 -0.2729 -0.0479
vn -0.9601 -0.2787 -0.0242
vn -0.9913 -0.1317 -0.0001
vn -0.9587 -0.2843 -0.0006
vn -0.9602 -0.2782 0.0247
vn -0.9912 -0.1320 0.0118
vn -0.9923 -0.1233 0.0108
vn -0.9743 -0.2243 0.0196
vn -0.8764 -0.4798 0.0415
vn -0.8731 -0.4419 -0.2060
vn -0.8754 -0.4185 -0.2419
vn -0.9743 -0.1952 -0.1125
vn -0.9742 -0.2044 -0.0952
vn -0.9923 -0.1070 -0.0617
vn -0.9925 -0.1111 -0.0519
vn -0.8754 -0.4542 -0.1656
vn -0.9743 -0.2118 -0.0773
vn -0.9924 -0.1160 -0.0420
vn -0.9912 -0.1202 -0.0559
vn -0.9913 -0.1141 -0.0659
vn -0.9601 -0.2423 -0.1400
vn -0.9609 -0.2511 -0.1164
vn -0.9912 -0.1243 -0.0451
vn -0.9603 -0.2623 -0.0955
vn -0.9605 -0.2688 -0.0724
vn -0.9913 -0.1274 -0.0342
vn -0.9924 -0.1189 -0.0320
vn -0.9739 -0.2192 -0.0587
vn -0.8758 -0.4662 -0.1249
vn -0.8732 -0.3444 -0.3448
vn -0.8768 -0.3089 -0.3686
vn -0.9744 -0.1445 -0.1722
vn -0.9740 -0.1602 -0.1600
vn -0.9923 -0.0796 -0.0946
vn -0.9924 -0.0870 -0.0871
vn -0.8765 -0.3689 -0.3094
vn -0.9744 -0.1719 -0.1447
vn -0.9923 -0.0947 -0.0795
vn -0.9912 -0.0936 -0.0935
vn -0.9913 -0.0845 -0.1006
vn -0.9596 -0.1807 -0.2157
vn -0.9611 -0.1958 -0.1950
vn -0.9913 -0.1005 -0.0846
vn -0.9595 -0.2153 -0.1815
vn -0.9598 -0.2301 -0.1607
vn -0.9913 -0.1080 -0.0756
vn -0.9924 -0.1008 -0.0707
vn -0.9741 -0.1853 -0.1296
vn -0.8773 -0.3933 -0.2751
vn -0.8731 -0.2055 -0.4421
vn -0.8756 -0.1653 -0.4539
vn -0.9743 -0.0770 -0.2115
vn -0.9743 -0.0951 -0.2043
vn -0.9924 -0.0422 -0.1158
vn -0.9924 -0.0518 -0.1112
vn -0.8753 -0.2420 -0.4187
vn -0.9743 -0.1124 -0.1951
vn -0.9923 -0.0620 -0.1071
vn -0.9912 -0.0561 -0.1200
vn -0.9914 -0.0446 -0.1233
vn -0.9592 -0.0960 -0.2659
vn -0.9610 -0.1175 -0.2505
vn -0.9913 -0.0658 -0.1141
vn -0.9600 -0.1398 -0.2427
vn -0.9598 -0.1610 -0.2300
vn -0.9913 -0.0756 -0.1080
vn -0.9924 -0.0705 -0.1009
vn -0.9741 -0.1297 -0.1851
vn -0.8774 -0.2755 -0.3929
vn -0.8764 -0.0415 -0.4798
vn -0.9743 -0.0196 -0.2243
vn -0.9923 -0.0109 -0.1233
vn -0.8771 -0.0832 -0.4731
vn -0.9740 -0.0395 -0.2230
vn -0.9923 -0.0216 -0.1220
vn -0.9912 -0.0118 -0.1319
vn -0.9602 -0.0247 -0.2782
vn -0.9913 -0.0228 -0.1297
vn -0.9609 -0.0481 -0.2728
vn -0.9604 -0.0722 -0.2690
vn -0.9913 -0.0340 -0.1274
vn -0.9924 -0.0317 -0.1189
vn -0.9739 -0.0590 -0.2193
vn -0.8759 -0.1256 -0.4658
vn 0.5973 0.2745 -0.7536
vn 0.5952 0.2079 -0.7762
vn 0.2645 0.3303 -0.9061
vn 0.2675 0.2508 -0.9303
vn 0.5946 0.1387 -0.7920
vn 0.2630 0.1657 -0.9505
vn 0.0676 0.2589 -0.9635
vn 0.0583 0.3413 -0.9381
vn -0.0000 0.3419 -0.9397
vn -0.0000 0.2587 -0.9660
vn 0.0660 0.1719 -0.9829
vn -0.0000 0.1725 -0.9850
vn -0.0000 0.0861 -0.9963
vn 0.0650 -0.0000 -0.9979
vn 0.0656 0.0857 -0.9942
vn 0.2695 -0.0001 -0.9630
vn 0.2697 0.0838 -0.9593
vn 0.5977 -0.0001 -0.8017
vn 0.5986 0.0698 -0.7980
vn 0.5905 0.5176 -0.6191
vn 0.5946 0.4610 -0.6587
vn 0.2643 0.6196 -0.7391
vn 0.2594 0.5525 -0.7921
vn 0.5999 0.4011 -0.6923
vn 0.2700 0.4815 -0.8338
vn 0.0634 0.5718 -0.8180
vn 0.0686 0.6420 -0.7637
vn -0.0000 0.6429 -0.7660
vn -0.0000 0.5733 -0.8193
vn 0.0631 0.4985 -0.8646
vn -0.0000 0.4995 -0.8663
vn -0.0000 0.4235 -0.9059
vn 0.0586 0.4224 -0.9045
vn 0.2705 0.4070 -0.8725
vn 0.6001 0.3377 -0.7252
vn 0.5988 0.6935 -0.4006
vn 0.5940 0.6587 -0.4618
vn 0.2715 0.8341 -0.4803
vn 0.2608 0.7909 -0.5536
vn 0.5917 0.6178 -0.5180
vn 0.2634 0.7392 -0.6199
vn 0.0630 0.8176 -0.5723
vn 0.0627 0.8648 -0.4981
vn -0.0000 0.8663 -0.4995
vn -0.0000 0.8193 -0.5733
vn 0.0687 0.7646 -0.6409
vn -0.0000 0.7660 -0.6429
vn 0.0618 0.7052 -0.7063
vn 0.2693 0.6814 -0.6806
vn 0.5969 0.5678 -0.5669
vn 0.5942 0.7922 -0.1393
vn 0.5958 0.7757 -0.2080
vn 0.2635 0.9501 -0.1668
vn 0.2663 0.9309 -0.2501
vn 0.5985 0.7528 -0.2741
vn 0.2629 0.9061 -0.3316
vn 0.0681 0.9638 -0.2578
vn 0.0658 0.9829 -0.1721
vn -0.0000 0.9850 -0.1725
vn -0.0000 0.9660 -0.2587
vn 0.0590 0.9378 -0.3422
vn -0.0000 0.9397 -0.3419
vn -0.0000 0.9059 -0.4235
vn 0.0582 0.9043 -0.4228
vn 0.2706 0.8727 -0.4063
vn 0.6003 0.7251 -0.3373
vn 0.5946 0.7920 0.1387
vn 0.5986 0.7980 0.0698
vn 0.2630 0.9505 0.1657
vn 0.2697 0.9593 0.0838
vn 0.5977 0.8017 -0.0001
vn 0.2695 0.9630 -0.0001
vn 0.0656 0.9942 0.0857
vn 0.0660 0.9829 0.1719
vn 0.0000 0.9850 0.1725
vn 0.0000 0.9963 0.0861
vn 0.0650 0.9979 -0.0000
vn -0.0000 0.9963 -0.0861
vn 0.0656 0.9942 -0.0857
vn 0.2702 0.9592 -0.0830
vn 0.5980 0.7985 -0.0693
vn 0.5999 0.6923 0.4011
vn 0.6001 0.7252 0.3377
vn 0.2700 0.8338 0.4815
vn 0.2705 0.8725 0.4070
vn 0.5973 0.7536 0.2745
vn 0.2645 0.9061 0.3303
vn 0.0586 0.9045 0.4224
vn 0.0631 0.8646 0.4985
vn 0.0000 0.8663 0.4995
vn 0.0000 0.9059 0.4235
vn 0.0583 0.9381 0.3413
vn 0.0000 0.9397 0.3419
vn 0.0000 0.9660 0.2587
vn 0.0676 0.9635 0.2589
vn 0.2675 0.9303 0.2508
vn 0.5952 0.7762 0.2079
vn 0.5917 0.5180 0.6178
vn 0.5969 0.5669 0.5678
vn 0.2634 0.6199 0.7392
vn 0.2693 0.6806 0.6814
vn 0.5905 0.6191 0.5176
vn 0.2643 0.7391 0.6196
vn 0.0618 0.7063 0.7052
vn 0.0687 0.6409 0.7646
vn 0.0000 0.6429 0.7660
vn 0.0686 0.7637 0.6420
vn 0.0000 0.7660 0.6429
vn 0.0000 0.8193 0.5733
vn 0.0634 0.8180 0.5718
vn 0.2594 0.7921 0.5525
vn 0.5946 0.6587 0.4610
vn 0.5985 0.2741 0.7528
vn 0.6003 0.3373 0.7251
vn 0.2629 0.3316 0.9061
vn 0.2706 0.4063 0.8727
vn 0.5988 0.4006 0.6935
vn 0.2715 0.4803 0.8341
vn 0.0582 0.4228 0.9043
vn 0.0590 0.3422 0.9378
vn 0.0000 0.3419 0.9397
vn 0.0000 0.4235 0.9059
vn 0.0627 0.4981 0.8648
vn 0.0000 0.4995 0.8663
vn 0.0000 0.5733 0.8193
vn 0.0630 0.5723 0.8176
vn 0.2608 0.5536 0.7909
vn 0.5940 0.4618 0.6587
vn 0.5977 0.0001 0.8017
vn 0.5980 0.0693 0.7985
vn 0.2695 0.0001 0.9630
vn 0.2702 0.0830 0.9592
vn 0.5942 0.1393 0.7922
vn 0.2635 0.1668 0.9501
vn 0.0656 0.0857 0.9942
vn 0.0650 0.0000 0.9979
vn 0.0000 0.0861 0.9963
vn 0.0658 0.1721 0.9829
vn 0.0000 0.1725 0.9850
vn 0.0000 0.2587 0.9660
vn 0.0681 0.2578 0.9638
vn 0.2663 0.2501 0.9309
vn 0.5958 0.2080 0.7757
vn 0.5973 -0.2745 0.7536
vn 0.5952 -0.2079 0.7762
vn 0.2645 -0.3303 0.9061
vn 0.2675 -0.2508 0.9303
vn 0.5946 -0.1387 0.7920
vn 0.2630 -0.1657 0.9505
vn 0.0676 -0.2589 0.9635
vn 0.0583 -0.3413 0.9381
vn 0.0000 -0.3419 0.9397
vn 0.0000 -0.2587 0.9660
vn 0.0660 -0.1719 0.9829
vn 0.0000 -0.1725 0.9850
vn 0.0000 -0.0861 0.9963
vn 0.0656 -0.0857 0.9942
vn 0.2697 -0.0838 0.9593
vn 0.5986 -0.0698 0.7980
vn 0.5905 -0.5176 0.6191
vn 0.5946 -0.4610 0.6587
vn 0.2643 -0.6196 0.7391
vn 0.2594 -0.5525 0.7921
vn 0.5999 -0.4011 0.6923
vn 0.2700 -0.4815 0.8338
vn 0.0634 -0.5718 0.8180
vn 0.0686 -0.6420 0.7637
vn 0.0000 -0.6429 0.7660
vn 0.0000 -0.5733 0.8193
vn 0.0631 -0.4985 0.8646
vn 0.0000 -0.4995 0.8663
vn 0.0000 -0.4235 0.9059
vn 0.0586 -0.4224 0.9045
vn 0.2705 -0.4070 0.8725
vn 0.6001 -0.3377 0.7252
vn 0.5988 -0.6935 0.4006
vn 0.5940 -0.6587 0.4618
vn 0.2715 -0.8341 0.4803
vn 0.2608 -0.7909 0.5536
vn 0.5917 -0.6178 0.5180
vn 0.2634 -0.7392 0.6199
vn 0.0630 -0.8176 0.5723
vn 0.0627 -0.8648 0.4981
vn 0.0000 -0.8663 0.4995
vn 0.0000 -0.8193 0.5733
vn 0.0687 -0.7646 0.6409
vn 0.0000 -0.7660 0.6429
vn 0.0618 -0.7052 0.7063
vn 0.2693 -0.6814 0.6806
vn 0.5969 -0.5678 0.5669
vn 0.5942 -0.7922 0.1393
vn 0.5958 -0.7757 0.2080
vn 0.2635 -0.9501 0.1668
vn 0.2663 -0.9309 0.2501
vn 0.5985 -0.7528 0.2741
vn 0.2629 -0.9061 0.3316
vn 0.0681 -0.9638 0.2578
vn 0.0658 -0.9829 0.1721
vn 0.0000 -0.9850 0.1725
vn 0.0000 -0.9660 0.2587
vn 0.0590 -0.9378 0.3422
vn 0.0000 -0.9397 0.3419
vn 0.0000 -0.9059 0.4235
vn 0.0582 -0.9043 0.4228
vn 0.2706 -0.8727 0.4063
vn 0.6003 -0.7251 0.3373
vn 0.5946 -0.7920 -0.1387
vn 0.5986 -0.7980 -0.0698
vn 0.2630 -0.9505 -0.1657
vn 0.2697 -0.9593 -0.0838
vn 0.5977 -0.8017 0.0001
vn 0.2695 -0.9630 0.0001
vn 0.0656 -0.9942 -0.0857
vn 0.0660 -0.9829 -0.1719
vn -0.0000 -0.9850 -0.1725
vn -0.0000 -0.9963 -0.0861
vn 0.0650 -0.9979 0.0000
vn 0.0000 -0.9963 0.0861
vn 0.0656 -0.9942 0.0857
vn 0.2702 -0.9592 0.0830
vn 0.5980 -0.7985 0.0693
vn 0.5999 -0.6923 -0.4011
vn 0.6001 -0.7252 -0.3377
vn 0.2700 -0.8338 -0.4815
vn 0.2705 -0.8725 -0.4070
vn 0.5973 -0.7536 -0.2745
vn 0.2645 -0.9061 -0.3303
vn 0.0586 -0.9045 -0.4224
vn 0.0631 -0.8646 -0.4985
vn -0.0000 -0.8663 -0.4995
vn -0.0000 -0.9059 -0.4235
vn 0.0583 -0.9381 -0.3413
vn -0.0000 -0.9397 -0.3419
vn -0.0000 -0.9660 -0.2587
vn 0.0676 -0.9635 -0.2589
vn 0.2675 -0.9303 -0.2508
vn 0.5952 -0.7762 -0.2079
vn 0.5917 -0.5180 -0.6178
vn 0.5969 -0.5669 -0.5678
vn 0.2634 -0.6199 -0.7392
vn 0.2693 -0.6806 -0.6814
vn 0.5905 -0.6191 -0.5176
vn 0.2643 -0.7391 -0.6196
vn 0.0618 -0.7063 -0.7052
vn 0.0687 -0.6409 -0.7646
vn -0.0000 -0.6429 -0.7660
vn 0.0686 -0.7637 -0.6420
vn -0.0000 -0.7660 -0.6429
vn -0.0000 -0.8193 -0.5733
vn 0.0634 -0.8180 -0.5718
vn 0.2594 -0.7921 -0.5525
vn 0.5946 -0.6587 -0.4610
vn 0.5985 -0.2741 -0.7528
vn 0.6003 -0.3373 -0.7251
vn 0.2629 -0.3316 -0.9061
vn 0.2706 -0.4063 -0.8727
vn 0.5988 -0.4006 -0.6935
vn 0.2715 -0.4803 -0.8341
vn 0.0582 -0.4228 -0.9043
vn 0.0590 -0.3422 -0.9378
vn -0.0000 -0.3419 -0.9397
vn -0.0000 -0.4235 -0.9059
vn 0.0627 -0.4981 -0.8648
vn -0.0000 -0.4995 -0.8663
vn -0.0000 -0.5733 -0.8193
vn 0.0630 -0.5723 -0.8176
vn 0.2608 -0.5536 -0.7909
vn 0.5940 -0.4618 -0.6587
vn 0.5980 -0.0693 -0.7985
vn 0.2702 -0.0830 -0.9592
vn 0.5942 -0.1393 -0.7922
vn 0.2635 -0.1668 -0.9501
vn 0.0656 -0.0857 -0.9942
vn -0.0000 -0.0861 -0.9963
vn 0.0658 -0.1721 -0.9829
vn -0.0000 -0.1725 -0.9850
vn -0.0000 -0.2587 -0.9660
vn 0.0681 -0.2578 -0.9638
vn 0.2663 -0.2501 -0.9309
vn 0.5958 -0.2080 -0.7757
vn -0.0578 0.3422 -0.9378
vn -0.0667 0.2578 -0.9639
vn -0.2617 0.3317 -0.9064
vn -0.2650 0.2502 -0.9312
vn -0.0644 0.1721 -0.9830
vn -0.2622 0.1669 -0.9505
vn -0.5985 0.2741 -0.7528
vn -0.5958 0.2080 -0.7757
vn -0.5942 0.1393 -0.7922
vn -0.5977 0.0001 -0.8017
vn -0.5980 0.0693 -0.7985
vn -0.2681 0.0001 -0.9634
vn -0.2688 0.0830 -0.9596
vn -0.0642 0.0857 -0.9943
vn -0.0636 0.0000 -0.9980
vn -0.0673 0.6409 -0.7646
vn -0.0616 0.5723 -0.8177
vn -0.2620 0.6201 -0.7395
vn -0.2595 0.5538 -0.7912
vn -0.0614 0.4981 -0.8649
vn -0.2702 0.4804 -0.8344
vn -0.5917 0.5180 -0.6178
vn -0.5940 0.4618 -0.6587
vn -0.5988 0.4006 -0.6935
vn -0.6004 0.3373 -0.7251
vn -0.2694 0.4065 -0.8730
vn -0.0570 0.4229 -0.9044
vn -0.0618 0.8647 -0.4986
vn -0.0621 0.8180 -0.5718
vn -0.2688 0.8341 -0.4817
vn -0.2581 0.7924 -0.5527
vn -0.0672 0.7637 -0.6420
vn -0.2629 0.7394 -0.6199
vn -0.5946 0.6587 -0.4610
vn -0.5999 0.6923 -0.4011
vn -0.5905 0.6191 -0.5176
vn -0.5969 0.5669 -0.5678
vn -0.2680 0.6808 -0.6816
vn -0.0605 0.7064 -0.7053
vn -0.0646 0.9830 -0.1719
vn -0.0661 0.9636 -0.2590
vn -0.2617 0.9508 -0.1657
vn -0.2661 0.9307 -0.2509
vn -0.0571 0.9382 -0.3413
vn -0.2633 0.9064 -0.3304
vn -0.5946 0.7920 -0.1387
vn -0.5952 0.7762 -0.2079
vn -0.5973 0.7536 -0.2745
vn -0.6001 0.7252 -0.3377
vn -0.2693 0.8728 -0.4071
vn -0.0574 0.9046 -0.4224
vn -0.0644 0.9830 0.1721
vn -0.0642 0.9943 0.0857
vn -0.2622 0.9505 0.1669
vn -0.2688 0.9596 0.0830
vn -0.0636 0.9980 0.0000
vn -0.2681 0.9634 0.0001
vn -0.5942 0.7922 0.1393
vn -0.5980 0.7985 0.0693
vn -0.5977 0.8017 0.0001
vn -0.5986 0.7980 -0.0698
vn -0.2683 0.9597 -0.0839
vn -0.0642 0.9942 -0.0857
vn -0.0614 0.8649 0.4981
vn -0.0570 0.9044 0.4229
vn -0.2702 0.8344 0.4804
vn -0.2694 0.8730 0.4065
vn -0.0578 0.9378 0.3422
vn -0.2617 0.9064 0.3317
vn -0.5988 0.6935 0.4006
vn -0.6004 0.7251 0.3373
vn -0.5985 0.7528 0.2741
vn -0.5958 0.7757 0.2080
vn -0.2650 0.9312 0.2502
vn -0.0667 0.9639 0.2578
vn -0.0672 0.6420 0.7637
vn -0.0605 0.7053 0.7064
vn -0.2629 0.6199 0.7394
vn -0.2680 0.6816 0.6808
vn -0.0673 0.7646 0.6409
vn -0.2620 0.7395 0.6201
vn -0.5905 0.5176 0.6191
vn -0.5969 0.5678 0.5669
vn -0.5917 0.6178 0.5180
vn -0.5940 0.6587 0.4618
vn -0.2595 0.7912 0.5538
vn -0.0616 0.8177 0.5723
vn -0.0571 0.3413 0.9382
vn -0.0574 0.4224 0.9046
vn -0.2633 0.3304 0.9064
vn -0.2693 0.4071 0.8728
vn -0.0618 0.4986 0.8647
vn -0.2688 0.4817 0.8341
vn -0.5973 0.2745 0.7536
vn -0.6001 0.3377 0.7252
vn -0.5999 0.4011 0.6923
vn -0.5946 0.4610 0.6587
vn -0.2581 0.5527 0.7924
vn -0.0621 0.5718 0.8180
vn -0.0636 -0.0000 0.9980
vn -0.0642 0.0857 0.9942
vn -0.2681 -0.0001 0.9634
vn -0.2683 0.0839 0.9597
vn -0.0646 0.1719 0.9830
vn -0.2617 0.1657 0.9508
vn -0.5977 -0.0001 0.8017
vn -0.5986 0.0698 0.7980
vn -0.5946 0.1387 0.7920
vn -0.5952 0.2079 0.7762
vn -0.2661 0.2509 0.9307
vn -0.0661 0.2590 0.9636
vn -0.0578 -0.3422 0.9378
vn -0.0667 -0.2578 0.9639
vn -0.2617 -0.3317 0.9064
vn -0.2650 -0.2502 0.9312
vn -0.0644 -0.1721 0.9830
vn -0.2622 -0.1669 0.9505
vn -0.5985 -0.2741 0.7528
vn -0.5958 -0.2080 0.7757
vn -0.5942 -0.1393 0.7922
vn -0.5980 -0.0693 0.7985
vn -0.2688 -0.0830 0.9596
vn -0.0642 -0.0857 0.9943
vn -0.0673 -0.6409 0.7646
vn -0.0616 -0.5723 0.8177
vn -0.2620 -0.6201 0.7395
vn -0.2595 -0.5538 0.7912
vn -0.0614 -0.4981 0.8649
vn -0.2702 -0.4804 0.8344
vn -0.5917 -0.5180 0.6178
vn -0.5940 -0.4618 0.6587
vn -0.5988 -0.4006 0.6935
vn -0.6004 -0.3373 0.7251
vn -0.2694 -0.4065 0.8730
vn -0.0570 -0.4229 0.9044
vn -0.0618 -0.8647 0.4986
vn -0.0621 -0.8180 0.5718
vn -0.2688 -0.8341 0.4817
vn -0.2581 -0.7924 0.5527
vn -0.0672 -0.7637 0.6420
vn -0.2629 -0.7394 0.6199
vn -0.5946 -0.6587 0.4610
vn -0.5999 -0.6923 0.4011
vn -0.5905 -0.6191 0.5176
vn -0.5969 -0.5669 0.5678
vn -0.2680 -0.6808 0.6816
vn -0.0605 -0.7064 0.7053
vn -0.0646 -0.9830 0.1719
vn -0.0661 -0.9636 0.2590
vn -0.2617 -0.9508 0.1657
vn -0.2661 -0.9307 0.2509
vn -0.0571 -0.9382 0.3413
vn -0.2633 -0.9064 0.3304
vn -0.5946 -0.7920 0.1387
vn -0.5952 -0.7762 0.2079
vn -0.5973 -0.7536 0.2745
vn -0.6001 -0.7252 0.3377
vn -0.2693 -0.8728 0.4071
vn -0.0574 -0.9046 0.4224
vn -0.0644 -0.9830 -0.1721
vn -0.0642 -0.9943 -0.0857
vn -0.2622 -0.9505 -0.1669
vn -0.2688 -0.9596 -0.0830
vn -0.0636 -0.9980 -0.0000
vn -0.2681 -0.9634 -0.0001
vn -0.5942 -0.7922 -0.1393
vn -0.5980 -0.7985 -0.0693
vn -0.5977 -0.8017 -0.0001
vn -0.5986 -0.7980 0.0698
vn -0.2683 -0.9597 0.0839
vn -0.0642 -0.9942 0.0857
vn -0.0614 -0.8649 -0.4981
vn -0.0570 -0.9044 -0.4229
vn -0.2702 -0.8344 -0.4804
vn -0.2694 -0.8730 -0.4065
vn -0.0578 -0.9378 -0.3422
vn -0.2617 -0.9064 -0.3317
vn -0.5988 -0.6935 -0.4006
vn -0.6004 -0.7251 -0.3373
vn -0.5985 -0.7528 -0.2741
vn -0.5958 -0.7757 -0.2080
vn -0.2650 -0.9312 -0.2502
vn -0.0667 -0.9639 -0.2578
vn -0.0672 -0.6420 -0.7637
vn -0.0605 -0.7053 -0.7064
vn -0.2629 -0.6199 -0.7394
vn -0.2680 -0.6816 -0.6808
vn -0.0673 -0.7646 -0.6409
vn -0.2620 -0.7395 -0.6201
vn -0.5905 -0.5176 -0.6191
vn -0.5969 -0.5678 -0.5669
vn -0.5917 -0.6178 -0.5180
vn -0.5940 -0.6587 -0.4618
vn -0.2595 -0.7912 -0.5538
vn -0.0616 -0.8177 -0.5723
vn -0.0571 -0.3413 -0.9382
vn -0.0574 -0.4224 -0.9046
vn -0.2633 -0.3304 -0.9064
vn -0.2693 -0.4071 -0.8728
vn -0.0618 -0.4986 -0.8647
vn -0.2688 -0.4817 -0.8341
vn -0.5973 -0.2745 -0.7536
vn -0.6001 -0.3377 -0.7252
vn -0.5999 -0.4011 -0.6923
vn -0.5946 -0.4610 -0.6587
vn -0.2581 -0.5527 -0.7924
vn -0.0621 -0.5718 -0.8180
vn -0.0642 -0.0857 -0.9942
vn -0.2683 -0.0839 -0.9597
vn -0.0646 -0.1719 -0.9830
vn -0.2617 -0.1657 -0.9508
vn -0.5986 -0.0698 -0.7980
vn -0.5946 -0.1387 -0.7920
vn -0.5952 -0.2079 -0.7762
vn -0.2661 -0.2509 -0.9307
vn -0.0661 -0.2590 -0.9636
vn 0.1539 0.3378 -0.9285
vn 0.1505 0.2554 -0.9551
vn 0.6360 0.2642 -0.7250
vn 0.6340 0.1998 -0.7470
vn 0.1548 0.1707 -0.9731
vn 0.6354 0.1334 -0.7606
vn 0.9532 0.0778 -0.2921
vn 0.9529 0.1040 -0.2850
vn 0.9521 0.0535 -0.3012
vn 0.9520 0.0002 -0.3061
vn 0.9523 0.0265 -0.3040
vn 0.6381 -0.0008 -0.7700
vn 0.6339 0.0687 -0.7703
vn 0.1531 0.0879 -0.9843
vn 0.1589 -0.0008 -0.9873
vn -0.0453 -0.0000 -0.9990
vn -0.0451 0.0886 -0.9951
vn -0.2891 0.0001 -0.9573
vn -0.2898 0.0846 -0.9533
vn -0.0458 0.1733 -0.9838
vn -0.2818 0.1670 -0.9448
vn -0.7382 0.0001 -0.6745
vn -0.7401 0.0587 -0.6699
vn -0.7343 0.1179 -0.6686
vn -0.7362 0.2312 -0.6360
vn -0.7363 0.1750 -0.6536
vn -0.2912 0.3268 -0.8991
vn -0.2868 0.2479 -0.9254
vn -0.0457 0.2575 -0.9652
vn -0.0475 0.3419 -0.9385
vn 0.1554 0.6339 -0.7576
vn 0.1570 0.5664 -0.8091
vn 0.6369 0.4424 -0.6314
vn 0.6355 0.4957 -0.5920
vn 0.1537 0.4944 -0.8556
vn 0.6366 0.3857 -0.6678
vn 0.9524 0.1749 -0.2498
vn 0.9522 0.1962 -0.2343
vn 0.9535 0.1505 -0.2613
vn 0.9530 0.1283 -0.2746
vn 0.6358 0.3263 -0.6995
vn 0.1530 0.4177 -0.8956
vn -0.0441 0.4219 -0.9056
vn -0.2822 0.4049 -0.8697
vn -0.0440 0.4994 -0.8653
vn -0.2917 0.4778 -0.8286
vn -0.7361 0.2862 -0.6134
vn -0.7407 0.3359 -0.5819
vn -0.7356 0.4360 -0.5185
vn -0.7380 0.3874 -0.5524
vn -0.2898 0.6154 -0.7330
vn -0.2884 0.5496 -0.7841
vn -0.0439 0.5729 -0.8184
vn -0.0479 0.6417 -0.7655
vn 0.1533 0.8558 -0.4940
vn 0.1567 0.8089 -0.5668
vn 0.6351 0.6689 -0.3862
vn 0.6372 0.6309 -0.4426
vn 0.1555 0.7576 -0.6340
vn 0.6353 0.5922 -0.4957
vn 0.9523 0.2500 -0.1750
vn 0.9526 0.2635 -0.1521
vn 0.9522 0.2343 -0.1960
vn 0.9526 0.2149 -0.2151
vn 0.6355 0.5459 -0.5460
vn 0.1543 0.6987 -0.6986
vn -0.0528 0.7065 -0.7057
vn -0.2855 0.6786 -0.6768
vn -0.0487 0.7654 -0.6417
vn -0.2895 0.7327 -0.6159
vn -0.7326 0.4815 -0.4811
vn -0.7350 0.5190 -0.4363
vn -0.7410 0.5811 -0.3364
vn -0.7379 0.5525 -0.3875
vn -0.2913 0.8282 -0.4787
vn -0.2883 0.7839 -0.5500
vn -0.0443 0.8181 -0.5733
vn -0.0440 0.8653 -0.4994
vn 0.1541 0.9731 -0.1715
vn 0.1505 0.9553 -0.2545
vn 0.6347 0.7609 -0.1347
vn 0.6341 0.7472 -0.1991
vn 0.1537 0.9284 -0.3384
vn 0.6363 0.7246 -0.2646
vn 0.9532 0.2920 -0.0781
vn 0.9521 0.3010 -0.0533
vn 0.9528 0.2852 -0.1038
vn 0.9530 0.2746 -0.1280
vn 0.6356 0.6998 -0.3260
vn 0.1530 0.8957 -0.4175
vn -0.0438 0.9054 -0.4223
vn -0.2824 0.8700 -0.4042
vn -0.0473 0.9388 -0.3412
vn -0.2915 0.8991 -0.3267
vn -0.7363 0.6136 -0.2854
vn -0.7390 0.6332 -0.2303
vn -0.7341 0.6689 -0.1170
vn -0.7368 0.6530 -0.1752
vn -0.2821 0.9449 -0.1659
vn -0.2862 0.9254 -0.2483
vn -0.0459 0.9651 -0.2578
vn -0.0459 0.9838 -0.1734
vn 0.1538 0.9732 0.1710
vn 0.1535 0.9844 0.0859
vn 0.6349 0.7609 0.1340
vn 0.6340 0.7704 0.0674
vn 0.1528 0.9882 0.0001
vn 0.6332 0.7740 0.0002
vn 0.9523 0.3041 0.0265
vn 0.9521 0.3010 0.0534
vn 0.9521 0.3057 0.0001
vn 0.9523 0.3039 -0.0266
vn 0.6340 0.7704 -0.0674
vn 0.1533 0.9844 -0.0859
vn -0.0457 0.9952 -0.0868
vn -0.2907 0.9532 -0.0832
vn -0.0453 0.9990 -0.0000
vn -0.2893 0.9572 0.0000
vn -0.7393 0.6708 -0.0585
vn -0.7355 0.6775 0.0005
vn -0.7343 0.6686 0.1179
vn -0.7399 0.6703 0.0573
vn -0.2818 0.9448 0.1670
vn -0.2903 0.9534 0.0825
vn -0.0457 0.9952 0.0869
vn -0.0459 0.9838 0.1734
vn 0.1537 0.8556 0.4944
vn 0.1530 0.8956 0.4177
vn 0.6347 0.6690 0.3868
vn 0.6356 0.6998 0.3260
vn 0.1539 0.9285 0.3378
vn 0.6360 0.7250 0.2642
vn 0.9530 0.2746 0.1277
vn 0.9527 0.2633 0.1519
vn 0.9529 0.2850 0.1040
vn 0.9532 0.2920 0.0778
vn 0.6340 0.7470 0.2000
vn 0.1505 0.9551 0.2554
vn -0.0457 0.9652 0.2575
vn -0.2868 0.9254 0.2479
vn -0.0475 0.9385 0.3419
vn -0.2912 0.8991 0.3268
vn -0.7365 0.6534 0.1753
vn -0.7392 0.6331 0.2297
vn -0.7407 0.5819 0.3359
vn -0.7361 0.6134 0.2862
vn -0.2917 0.8286 0.4778
vn -0.2822 0.8697 0.4049
vn -0.0441 0.9056 0.4219
vn -0.0440 0.8653 0.4994
vn 0.1555 0.6340 0.7576
vn 0.1543 0.6986 0.6987
vn 0.6353 0.4957 0.5922
vn 0.6355 0.5460 0.5459
vn 0.1554 0.7576 0.6339
vn 0.6355 0.5920 0.4957
vn 0.9526 0.2151 0.2149
vn 0.9522 0.1960 0.2343
vn 0.9522 0.2343 0.1962
vn 0.9524 0.2498 0.1751
vn 0.6369 0.6314 0.4424
vn 0.1570 0.8091 0.5664
vn -0.0439 0.8184 0.5729
vn -0.2884 0.7841 0.5496
vn -0.0479 0.7655 0.6417
vn -0.2898 0.7330 0.6154
vn -0.7380 0.5524 0.3874
vn -0.7356 0.5185 0.4360
vn -0.7350 0.4363 0.5190
vn -0.7326 0.4811 0.4815
vn -0.2895 0.6159 0.7327
vn -0.2855 0.6768 0.6786
vn -0.0528 0.7057 0.7065
vn -0.0487 0.6417 0.7654
vn 0.1537 0.3384 0.9284
vn 0.1530 0.4175 0.8957
vn 0.6363 0.2646 0.7246
vn 0.6356 0.3260 0.6998
vn 0.1533 0.4940 0.8558
vn 0.6370 0.3857 0.6674
vn 0.9530 0.1281 0.2745
vn 0.9528 0.1038 0.2852
vn 0.9534 0.1512 0.2611
vn 0.9522 0.1747 0.2505
vn 0.6374 0.4422 0.6310
vn 0.1567 0.5668 0.8089
vn -0.0443 0.5733 0.8181
vn -0.2883 0.5500 0.7839
vn -0.0440 0.4994 0.8653
vn -0.2913 0.4787 0.8282
vn -0.7379 0.3875 0.5525
vn -0.7410 0.3364 0.5811
vn -0.7360 0.2311 0.6363
vn -0.7361 0.2858 0.6136
vn -0.2915 0.3267 0.8991
vn -0.2824 0.4042 0.8700
vn -0.0438 0.4223 0.9054
vn -0.0473 0.3412 0.9388
vn 0.1589 0.0008 0.9873
vn 0.1534 0.0868 0.9843
vn 0.6381 0.0008 0.7700
vn 0.6337 0.0677 0.7706
vn 0.1551 0.1716 0.9729
vn 0.6350 0.1338 0.7608
vn 0.9523 0.0268 0.3040
vn 0.9520 -0.0002 0.3061
vn 0.9522 0.0528 0.3010
vn 0.9533 0.0784 0.2916
vn 0.6338 0.1993 0.7474
vn 0.1506 0.2543 0.9553
vn -0.0459 0.2578 0.9651
vn -0.2862 0.2483 0.9254
vn -0.0459 0.1732 0.9838
vn -0.2820 0.1658 0.9450
vn -0.7368 0.1752 0.6530
vn -0.7341 0.1170 0.6689
vn -0.7382 -0.0001 0.6745
vn -0.7397 0.0595 0.6703
vn -0.2891 -0.0001 0.9573
vn -0.2902 0.0855 0.9531
vn -0.0452 0.0887 0.9950
vn -0.0453 0.0000 0.9990
vn 0.1539 -0.3378 0.9285
vn 0.1505 -0.2554 0.9551
vn 0.6360 -0.2642 0.7250
vn 0.6340 -0.1998 0.7470
vn 0.1548 -0.1707 0.9731
vn 0.6354 -0.1334 0.7606
vn 0.9532 -0.0778 0.2921
vn 0.9529 -0.1040 0.2850
vn 0.9521 -0.0535 0.3012
vn 0.9523 -0.0265 0.3040
vn 0.6339 -0.0687 0.7703
vn 0.1531 -0.0879 0.9843
vn -0.0451 -0.0886 0.9951
vn -0.2898 -0.0846 0.9533
vn -0.0458 -0.1733 0.9838
vn -0.2818 -0.1670 0.9448
vn -0.7401 -0.0587 0.6699
vn -0.7343 -0.1179 0.6686
vn -0.7362 -0.2312 0.6360
vn -0.7363 -0.1750 0.6536
vn -0.2912 -0.3268 0.8991
vn -0.2868 -0.2479 0.9254
vn -0.0457 -0.2575 0.9652
vn -0.0475 -0.3419 0.9385
vn 0.1554 -0.6339 0.7576
vn 0.1570 -0.5664 0.8091
vn 0.6369 -0.4424 0.6314
vn 0.6355 -0.4957 0.5920
vn 0.1537 -0.4944 0.8556
vn 0.6366 -0.3857 0.6678
vn 0.9524 -0.1749 0.2498
vn 0.9522 -0.1962 0.2343
vn 0.9535 -0.1505 0.2613
vn 0.9530 -0.1283 0.2746
vn 0.6358 -0.3263 0.6995
vn 0.1530 -0.4177 0.8956
vn -0.0441 -0.4219 0.9056
vn -0.2822 -0.4049 0.8697
vn -0.0440 -0.4994 0.8653
vn -0.2917 -0.4778 0.8286
vn -0.7361 -0.2862 0.6134
vn -0.7407 -0.3359 0.5819
vn -0.7356 -0.4360 0.5185
vn -0.7380 -0.3874 0.5524
vn -0.2898 -0.6154 0.7330
vn -0.2884 -0.5496 0.7841
vn -0.0439 -0.5729 0.8184
vn -0.0479 -0.6417 0.7655
vn 0.1533 -0.8558 0.4940
vn 0.1567 -0.8089 0.5668
vn 0.6351 -0.6689 0.3862
vn 0.6372 -0.6309 0.4426
vn 0.1555 -0.7576 0.6340
vn 0.6353 -0.5922 0.4957
vn 0.9523 -0.2500 0.1750
vn 0.9526 -0.2635 0.1521
vn 0.9522 -0.2343 0.1960
vn 0.9526 -0.2149 0.2151
vn 0.6355 -0.5459 0.5460
vn 0.1543 -0.6987 0.6986
vn -0.0528 -0.7065 0.7057
vn -0.2855 -0.6786 0.6768
vn -0.0487 -0.7654 0.6417
vn -0.2895 -0.7327 0.6159
vn -0.7326 -0.4815 0.4811
vn -0.7350 -0.5190 0.4363
vn -0.7410 -0.5811 0.3364
vn -0.7379 -0.5525 0.3875
vn -0.2913 -0.8282 0.4787
vn -0.2883 -0.7839 0.5500
vn -0.0443 -0.8181 0.5733
vn -0.0440 -0.8653 0.4994
vn 0.1541 -0.9731 0.1715
vn 0.1505 -0.9553 0.2545
vn 0.6347 -0.7609 0.1347
vn 0.6341 -0.7472 0.1991
vn 0.1537 -0.9284 0.3384
vn 0.6363 -0.7246 0.2646
vn 0.9532 -0.2920 0.0781
vn 0.9521 -0.3010 0.0533
vn 0.9528 -0.2852 0.1038
vn 0.9530 -0.2746 0.1280
vn 0.6356 -0.6998 0.3260
vn 0.1530 -0.8957 0.4175
vn -0.0438 -0.9054 0.4223
vn -0.2824 -0.8700 0.4042
vn -0.0473 -0.9388 0.3412
vn -0.2915 -0.8991 0.3267
vn -0.7363 -0.6136 0.2854
vn -0.7390 -0.6332 0.2303
vn -0.7341 -0.6689 0.1170
vn -0.7368 -0.6530 0.1752
vn -0.2821 -0.9449 0.1659
vn -0.2862 -0.9254 0.2483
vn -0.0459 -0.9651 0.2578
vn -0.0459 -0.9838 0.1734
vn 0.1538 -0.9732 -0.1710
vn 0.1535 -0.9844 -0.0859
vn 0.6349 -0.7609 -0.1340
vn 0.6340 -0.7704 -0.0674
vn 0.1528 -0.9882 -0.0001
vn 0.6332 -0.7740 -0.0002
vn 0.9523 -0.3041 -0.0265
vn 0.9521 -0.3010 -0.0534
vn 0.9521 -0.3057 -0.0001
vn 0.9523 -0.3039 0.0266
vn 0.6340 -0.7704 0.0674
vn 0.1533 -0.9844 0.0859
vn -0.0457 -0.9952 0.0868
vn -0.2907 -0.9532 0.0832
vn -0.0453 -0.9990 0.0000
vn -0.2893 -0.9572 -0.0000
vn -0.7393 -0.6708 0.0585
vn -0.7355 -0.6775 -0.0005
vn -0.7343 -0.6686 -0.1179
vn -0.7399 -0.6703 -0.0573
vn -0.2818 -0.9448 -0.1670
vn -0.2903 -0.9534 -0.0825
vn -0.0457 -0.9952 -0.0869
vn -0.0459 -0.9838 -0.1734
vn 0.1537 -0.8556 -0.4944
vn 0.1530 -0.8956 -0.4177
vn 0.6347 -0.6690 -0.3868
vn 0.6356 -0.6998 -0.3260
vn 0.1539 -0.9285 -0.3378
vn 0.6360 -0.7250 -0.2642
vn 0.9530 -0.2746 -0.1277
vn 0.9527 -0.2633 -0.1519
vn 0.9529 -0.2850 -0.1040
vn 0.9532 -0.2920 -0.0778
vn 0.6340 -0.7470 -0.2000
vn 0.1505 -0.9551 -0.2554
vn -0.0457 -0.9652 -0.2575
vn -0.2868 -0.9254 -0.2479
vn -0.0475 -0.9385 -0.3419
vn -0.2912 -0.8991 -0.3268
vn -0.7365 -0.6534 -0.1753
vn -0.7392 -0.6331 -0.2297
vn -0.7407 -0.5819 -0.3359
vn -0.7361 -0.6134 -0.2862
vn -0.2917 -0.8286 -0.4778
vn -0.2822 -0.8697 -0.4049
vn -0.0441 -0.9056 -0.4219
vn -0.0440 -0.8653 -0.4994
vn 0.1555 -0.6340 -0.7576
vn 0.1543 -0.6986 -0.6987
vn 0.6353 -0.4957 -0.5922
vn 0.6355 -0.5460 -0.5459
vn 0.1554 -0.7576 -0.6339
vn 0.6355 -0.5920 -0.4957
vn 0.9526 -0.2151 -0.2149
vn 0.9522 -0.1960 -0.2343
vn 0.9522 -0.2343 -0.1962
vn 0.9524 -0.2498 -0.1751
vn 0.6369 -0.6314 -0.4424
vn 0.1570 -0.8091 -0.5664
vn -0.0439 -0.8184 -0.5729
vn -0.2884 -0.7841 -0.5496
vn -0.0479 -0.7655 -0.6417
vn -0.2898 -0.7330 -0.6154
vn -0.7380 -0.5524 -0.3874
vn -0.7356 -0.5185 -0.4360
vn -0.7350 -0.4363 -0.5190
vn -0.7326 -0.4811 -0.4815
vn -0.2895 -0.6159 -0.7327
vn -0.2855 -0.6768 -0.6786
vn -0.0528 -0.7057 -0.7065
vn -0.0487 -0.6417 -0.7654
vn 0.1537 -0.3384 -0.9284
vn 0.1530 -0.4175 -0.8957
vn 0.6363 -0.2646 -0.7246
vn 0.6356 -0.3260 -0.6998
vn 0.1533 -0.4940 -0.8558
vn 0.6370 -0.3857 -0.6674
vn 0.9530 -0.1281 -0.2745
vn 0.9528 -0.1038 -0.2852
vn 0.9534 -0.1512 -0.2611
vn 0.9522 -0.1747 -0.2505
vn 0.6374 -0.4422 -0.6310
vn 0.1567 -0.5668 -0.8089
vn -0.0443 -0.5733 -0.8181
vn -0.2883 -0.5500 -0.7839
vn -0.0440 -0.4994 -0.8653
vn -0.2913 -0.4787 -0.8282
vn -0.7379 -0.3875 -0.5525
vn -0.7410 -0.3364 -0.5811
vn -0.7360 -0.2311 -0.6363
vn -0.7361 -0.2858 -0.6136
vn -0.2915 -0.3267 -0.8991
vn -0.2824 -0.4042 -0.8700
vn -0.0438 -0.4223 -0.9054
vn -0.0473 -0.3412 -0.9388
vn 0.1534 -0.0868 -0.9843
vn 0.6337 -0.0677 -0.7706
vn 0.1551 -0.1716 -0.9729
vn 0.6350 -0.1338 -0.7608
vn 0.9523 -0.0268 -0.3040
vn 0.9522 -0.0528 -0.3010
vn 0.9533 -0.0784 -0.2916
vn 0.6338 -0.1993 -0.7474
vn 0.1506 -0.2543 -0.9553
vn -0.0459 -0.2578 -0.9651
vn -0.2862 -0.2483 -0.9254
vn -0.0459 -0.1732 -0.9838
vn -0.2820 -0.1658 -0.9450
vn -0.7368 -0.1752 -0.6530
vn -0.7341 -0.1170 -0.6689
vn -0.7397 -0.0595 -0.6703
vn -0.2902 -0.0855 -0.9531
vn -0.0452 -0.0887 -0.9950
vn 0.0076 0.3419 -0.9397
vn 0.0077 0.2580 -0.9661
vn 0.0637 0.3404 -0.9381
vn 0.0631 0.2582 -0.9640
vn 0.0076 0.1733 -0.9848
vn 0.0617 0.1735 -0.9829
vn 0.4696 0.2285 -0.8528
vn 0.4657 0.3026 -0.8316
vn 0.4712 0.1527 -0.8687
vn 0.4700 0.0002 -0.8827
vn 0.4716 0.0772 -0.8784
vn 0.0637 0.0001 -0.9980
vn 0.0635 0.0883 -0.9941
vn 0.0075 0.0888 -0.9960
vn 0.0075 0.0000 -1.0000
vn 0.0082 0.6422 -0.7665
vn 0.0075 0.5737 -0.8190
vn 0.0628 0.6422 -0.7639
vn 0.0634 0.5733 -0.8169
vn 0.0072 0.4998 -0.8661
vn 0.0644 0.4986 -0.8644
vn 0.4691 0.5068 -0.7233
vn 0.4672 0.5689 -0.6768
vn 0.4699 0.4416 -0.7643
vn 0.4723 0.3722 -0.7990
vn 0.0625 0.4214 -0.9047
vn 0.0072 0.4226 -0.9063
vn 0.0072 0.8661 -0.4998
vn 0.0072 0.8192 -0.5735
vn 0.0640 0.8641 -0.4993
vn 0.0640 0.8170 -0.5731
vn 0.0077 0.7665 -0.6422
vn 0.0639 0.7636 -0.6425
vn 0.4690 0.7232 -0.5069
vn 0.4706 0.7638 -0.4418
vn 0.4663 0.6776 -0.5687
vn 0.4717 0.6234 -0.6237
vn 0.0620 0.7059 -0.7055
vn 0.0085 0.7069 -0.7073
vn 0.0076 0.9848 -0.1736
vn 0.0075 0.9662 -0.2579
vn 0.0620 0.9830 -0.1727
vn 0.0628 0.9640 -0.2582
vn 0.0077 0.9396 -0.3421
vn 0.0638 0.9378 -0.3412
vn 0.4705 0.8522 -0.2289
vn 0.4710 0.8689 -0.1522
vn 0.4706 0.8293 -0.3013
vn 0.4726 0.7989 -0.3720
vn 0.0621 0.9052 -0.4204
vn 0.0074 0.9064 -0.4224
vn 0.0076 0.9848 0.1736
vn 0.0075 0.9962 0.0868
vn 0.0618 0.9829 0.1736
vn 0.0636 0.9942 0.0862
vn 0.0075 1.0000 0.0000
vn 0.0638 0.9980 0.0001
vn 0.4714 0.8787 0.0753
vn 0.4712 0.8687 0.1527
vn 0.4648 0.8854 0.0008
vn 0.4705 0.8791 -0.0765
vn 0.0641 0.9942 -0.0868
vn 0.0075 0.9962 -0.0869
vn 0.0072 0.8661 0.4998
vn 0.0072 0.9063 0.4226
vn 0.0644 0.8644 0.4986
vn 0.0625 0.9047 0.4214
vn 0.0076 0.9397 0.3419
vn 0.0637 0.9381 0.3404
vn 0.4723 0.7990 0.3722
vn 0.4699 0.7643 0.4416
vn 0.4709 0.8292 0.3010
vn 0.4700 0.8524 0.2291
vn 0.0631 0.9640 0.2582
vn 0.0077 0.9661 0.2580
vn 0.0077 0.6422 0.7665
vn 0.0085 0.7073 0.7069
vn 0.0639 0.6425 0.7636
vn 0.0620 0.7055 0.7059
vn 0.0082 0.7665 0.6422
vn 0.0628 0.7639 0.6422
vn 0.4717 0.6237 0.6234
vn 0.4663 0.5687 0.6776
vn 0.4672 0.6768 0.5689
vn 0.4691 0.7233 0.5068
vn 0.0634 0.8169 0.5733
vn 0.0075 0.8190 0.5737
vn 0.0077 0.3421 0.9396
vn 0.0074 0.4224 0.9064
vn 0.0638 0.3412 0.9378
vn 0.0621 0.4204 0.9052
vn 0.0072 0.4998 0.8661
vn 0.0640 0.4993 0.8641
vn 0.4723 0.3726 0.7988
vn 0.4653 0.3017 0.8321
vn 0.4706 0.4418 0.7638
vn 0.4690 0.5069 0.7232
vn 0.0640 0.5731 0.8170
vn 0.0072 0.5735 0.8192
vn 0.0075 0.0000 1.0000
vn 0.0074 0.0887 0.9960
vn 0.0637 -0.0001 0.9980
vn 0.0640 0.0889 0.9940
vn 0.0075 0.1734 0.9848
vn 0.0620 0.1727 0.9830
vn 0.4711 0.0777 0.8787
vn 0.4700 -0.0002 0.8827
vn 0.4710 0.1522 0.8689
vn 0.4705 0.2289 0.8522
vn 0.0628 0.2582 0.9640
vn 0.0075 0.2579 0.9662
vn 0.0076 -0.3419 0.9397
vn 0.0077 -0.2580 0.9661
vn 0.0637 -0.3404 0.9381
vn 0.0631 -0.2582 0.9640
vn 0.0076 -0.1733 0.9848
vn 0.0617 -0.1735 0.9829
vn 0.4696 -0.2285 0.8528
vn 0.4657 -0.3026 0.8316
vn 0.4712 -0.1527 0.8687
vn 0.4716 -0.0772 0.8784
vn 0.0635 -0.0883 0.9941
vn 0.0075 -0.0888 0.9960
vn 0.0082 -0.6422 0.7665
vn 0.0075 -0.5737 0.8190
vn 0.0628 -0.6422 0.7639
vn 0.0634 -0.5733 0.8169
vn 0.0072 -0.4998 0.8661
vn 0.0644 -0.4986 0.8644
vn 0.4691 -0.5068 0.7233
vn 0.4672 -0.5689 0.6768
vn 0.4699 -0.4416 0.7643
vn 0.4723 -0.3722 0.7990
vn 0.0625 -0.4214 0.9047
vn 0.0072 -0.4226 0.9063
vn 0.0072 -0.8661 0.4998
vn 0.0072 -0.8192 0.5735
vn 0.0640 -0.8641 0.4993
vn 0.0640 -0.8170 0.5731
vn 0.0077 -0.7665 0.6422
vn 0.0639 -0.7636 0.6425
vn 0.4690 -0.7232 0.5069
vn 0.4706 -0.7638 0.4418
vn 0.4663 -0.6776 0.5687
vn 0.4717 -0.6234 0.6237
vn 0.0620 -0.7059 0.7055
vn 0.0085 -0.7069 0.7073
vn 0.0076 -0.9848 0.1736
vn 0.0075 -0.9662 0.2579
vn 0.0620 -0.9830 0.1727
vn 0.0628 -0.9640 0.2582
vn 0.0077 -0.9396 0.3421
vn 0.0638 -0.9378 0.3412
vn 0.4705 -0.8522 0.2289
vn 0.4710 -0.8689 0.1522
vn 0.4706 -0.8293 0.3013
vn 0.4726 -0.7989 0.3720
vn 0.0621 -0.9052 0.4204
vn 0.0074 -0.9064 0.4224
vn 0.0076 -0.9848 -0.1736
vn 0.0075 -0.9962 -0.0868
vn 0.0618 -0.9829 -0.1736
vn 0.0636 -0.9942 -0.0862
vn 0.0075 -1.0000 -0.0000
vn 0.0638 -0.9980 -0.0001
vn 0.4714 -0.8787 -0.0753
vn 0.4712 -0.8687 -0.1527
vn 0.4648 -0.8854 -0.0008
vn 0.4705 -0.8791 0.0765
vn 0.0641 -0.9942 0.0868
vn 0.0075 -0.9962 0.0869
vn 0.0072 -0.8661 -0.4998
vn 0.0072 -0.9063 -0.4226
vn 0.0644 -0.8644 -0.4986
vn 0.0625 -0.9047 -0.4214
vn 0.0076 -0.9397 -0.3419
vn 0.0637 -0.9381 -0.3404
vn 0.4723 -0.7990 -0.3722
vn 0.4699 -0.7643 -0.4416
vn 0.4709 -0.8292 -0.3010
vn 0.4700 -0.8524 -0.2291
vn 0.0631 -0.9640 -0.2582
vn 0.0077 -0.9661 -0.2580
vn 0.0077 -0.6422 -0.7665
vn 0.0085 -0.7073 -0.7069
vn 0.0639 -0.6425 -0.7636
vn 0.0620 -0.7055 -0.7059
vn 0.0082 -0.7665 -0.6422
vn 0.0628 -0.7639 -0.6422
vn 0.4717 -0.6237 -0.6234
vn 0.4663 -0.5687 -0.6776
vn 0.4672 -0.6768 -0.5689
vn 0.4691 -0.7233 -0.5068
vn 0.0634 -0.8169 -0.5733
vn 0.0075 -0.8190 -0.5737
vn 0.0077 -0.3421 -0.9396
vn 0.0074 -0.4224 -0.9064
vn 0.0638 -0.3412 -0.9378
vn 0.0621 -0.4204 -0.9052
vn 0.0072 -0.4998 -0.8661
vn 0.0640 -0.4993 -0.8641
vn 0.4723 -0.3726 -0.7988
vn 0.4653 -0.3017 -0.8321
vn 0.4706 -0.4418 -0.7638
vn 0.4690 -0.5069 -0.7232
vn 0.0640 -0.5731 -0.8170
vn 0.0072 -0.5735 -0.8192
vn 0.0074 -0.0887 -0.9960
vn 0.0640 -0.0889 -0.9940
vn 0.0075 -0.1734 -0.9848
vn 0.0620 -0.1727 -0.9830
vn 0.4711 -0.0777 -0.8787
vn 0.4710 -0.1522 -0.8689
vn 0.4705 -0.2289 -0.8522
vn 0.0628 -0.2582 -0.9640
vn 0.0075 -0.2579 -0.9662
vn -0.1299 0.0000 0.9915
vn -0.0001 0.2549 0.9670
vn -0.1258 0.2547 0.9588
vn -0.0002 0.4943 0.8693
vn -0.1134 0.4941 0.8620
vn -0.2251 0.4957 0.8388
vn -0.2504 0.2560 0.9337
vn -0.2589 0.0001 0.9659
vn 0.0001 0.7020 0.7122
vn -0.0933 0.7022 0.7058
vn 0.0002 0.8617 0.5074
vn -0.0663 0.8620 0.5026
vn -0.1310 0.8612 0.4911
vn -0.1842 0.7015 0.6885
vn 0.0001 0.9639 0.2662
vn -0.0346 0.9641 0.2632
vn -0.0001 1.0000 0.0057
vn -0.0006 1.0000 0.0057
vn -0.0015 1.0000 0.0050
vn -0.0687 0.9640 0.2569
vn 0.0002 0.9670 -0.2549
vn 0.0332 0.9666 -0.2541
vn -0.0002 0.8661 -0.4998
vn 0.0648 0.8663 -0.4953
vn 0.1288 0.8668 -0.4818
vn 0.0660 0.9667 -0.2471
vn -0.0002 0.7078 -0.7064
vn 0.0929 0.7079 -0.7002
vn 0.0006 0.5002 -0.8659
vn 0.1125 0.4987 -0.8595
vn 0.2249 0.4984 -0.8373
vn 0.1827 0.7080 -0.6821
vn 0.0001 0.2574 -0.9663
vn 0.1243 0.2572 -0.9583
vn 0.1303 0.0006 -0.9915
vn 0.2594 -0.0002 -0.9658
vn 0.2516 0.2585 -0.9327
vn -0.0001 -0.2574 -0.9663
vn 0.1246 -0.2582 -0.9580
vn -0.0009 -0.5002 -0.8659
vn 0.1132 -0.4987 -0.8593
vn 0.2253 -0.4984 -0.8372
vn 0.2510 -0.2581 -0.9329
vn 0.0001 -0.7078 -0.7065
vn 0.0929 -0.7072 -0.7009
vn 0.0000 -0.8661 -0.4998
vn 0.0648 -0.8666 -0.4948
vn 0.1286 -0.8668 -0.4818
vn 0.1829 -0.7080 -0.6821
vn -0.0002 -0.9670 -0.2549
vn 0.0335 -0.9666 -0.2542
vn 0.0001 -1.0000 0.0057
vn -0.0009 -1.0000 0.0057
vn -0.0012 -1.0000 0.0050
vn 0.0659 -0.9668 -0.2471
vn -0.0001 -0.9639 0.2662
vn -0.0345 -0.9641 0.2632
vn -0.0002 -0.8617 0.5074
vn -0.0657 -0.8621 0.5025
vn -0.1318 -0.8612 0.4909
vn -0.0688 -0.9640 0.2568
vn -0.0001 -0.7020 0.7122
vn -0.0929 -0.7021 0.7060
vn 0.0002 -0.4943 0.8693
vn -0.1140 -0.4939 0.8620
vn -0.2243 -0.4957 0.8391
vn -0.1847 -0.7014 0.6884
vn 0.0001 -0.2549 0.9670
vn -0.1261 -0.2549 0.9587
vn -0.2497 -0.2561 0.9338
vn -0.3829 -0.0002 0.9238
vn -0.3700 0.2551 0.8933
vn -0.3321 0.4942 0.8034
vn -0.4347 0.4941 0.7529
vn -0.4834 0.2555 0.8373
vn -0.4997 -0.0002 0.8662
vn -0.2723 0.7019 0.6581
vn -0.1943 0.8618 0.4685
vn -0.2538 0.8616 0.4395
vn -0.3563 0.7021 0.6166
vn -0.1018 0.9641 0.2451
vn -0.0020 1.0000 0.0051
vn -0.0027 1.0000 0.0048
vn -0.1328 0.9641 0.2301
vn 0.0982 0.9666 -0.2365
vn 0.1911 0.8668 -0.4606
vn 0.2495 0.8668 -0.4318
vn 0.1282 0.9666 -0.2221
vn 0.2708 0.7085 -0.6517
vn 0.3328 0.4988 -0.8003
vn 0.4328 0.4990 -0.7508
vn 0.3527 0.7081 -0.6118
vn 0.3711 0.2578 -0.8921
vn 0.3815 -0.0010 -0.9244
vn 0.4987 0.0003 -0.8668
vn 0.4815 0.2559 -0.8382
vn 0.3712 -0.2566 -0.8924
vn 0.3325 -0.4990 -0.8003
vn 0.4328 -0.4985 -0.7511
vn 0.4819 -0.2566 -0.8378
vn 0.2706 -0.7084 -0.6519
vn 0.1909 -0.8670 -0.4604
vn 0.2496 -0.8666 -0.4321
vn 0.3525 -0.7083 -0.6116
vn 0.0983 -0.9666 -0.2367
vn -0.0021 -1.0000 0.0051
vn -0.0028 -1.0000 0.0047
vn 0.1282 -0.9666 -0.2220
vn -0.1017 -0.9641 0.2452
vn -0.1939 -0.8618 0.4688
vn -0.2536 -0.8617 0.4394
vn -0.1329 -0.9641 0.2301
vn -0.2719 -0.7021 0.6581
vn -0.3323 -0.4946 0.8031
vn -0.4349 -0.4942 0.7527
vn -0.3566 -0.7018 0.6167
vn -0.3706 -0.2546 0.8932
vn -0.4833 -0.2553 0.8374
vn -0.6086 -0.0002 0.7935
vn -0.5886 0.2557 0.7669
vn -0.5293 0.4948 0.6891
vn -0.6145 0.4947 0.6146
vn -0.6839 0.2565 0.6830
vn -0.7075 0.0003 0.7067
vn -0.4339 0.7022 0.5645
vn -0.3092 0.8614 0.4029
vn -0.3588 0.8616 0.3591
vn -0.5034 0.7017 0.5042
vn -0.1617 0.9642 0.2104
vn -0.0032 1.0000 0.0041
vn -0.0039 1.0000 0.0040
vn -0.1877 0.9641 0.1878
vn 0.1557 0.9667 -0.2032
vn 0.3041 0.8668 -0.3953
vn 0.3536 0.8663 -0.3528
vn 0.1809 0.9668 -0.1807
vn 0.4298 0.7079 -0.5605
vn 0.5268 0.4985 -0.6885
vn 0.6129 0.4991 -0.6125
vn 0.4999 0.7072 -0.5001
vn 0.5880 0.2567 -0.7670
vn 0.6082 -0.0001 -0.7938
vn 0.7071 -0.0000 -0.7071
vn 0.6834 0.2562 -0.6836
vn 0.5879 -0.2565 -0.7672
vn 0.5271 -0.4986 -0.6882
vn 0.6125 -0.4991 -0.6129
vn 0.6836 -0.2562 -0.6834
vn 0.4293 -0.7082 -0.5604
vn 0.3045 -0.8664 -0.3958
vn 0.3539 -0.8661 -0.3530
vn 0.5001 -0.7073 -0.4996
vn 0.1557 -0.9667 -0.2029
vn -0.0031 -1.0000 0.0041
vn -0.0040 -1.0000 0.0039
vn 0.1807 -0.9668 -0.1807
vn -0.1616 -0.9641 0.2105
vn -0.3093 -0.8615 0.4028
vn -0.3591 -0.8615 0.3591
vn -0.1878 -0.9641 0.1877
vn -0.4338 -0.7021 0.5647
vn -0.5291 -0.4949 0.6893
vn -0.6145 -0.4945 0.6147
vn -0.5032 -0.7020 0.5039
vn -0.5888 -0.2555 0.7668
vn -0.6832 -0.2567 0.6836
vn -0.7936 0.0002 0.6084
vn -0.7668 0.2543 0.5893
vn -0.6896 0.4937 0.5298
vn -0.7527 0.4947 0.4344
vn -0.8374 0.2553 0.4833
vn -0.8660 -0.0000 0.5001
vn -0.5651 0.7018 0.4337
vn -0.4024 0.8619 0.3085
vn -0.4396 0.8616 0.2539
vn -0.6168 0.7023 0.3555
vn -0.2106 0.9641 0.1615
vn -0.0042 1.0000 0.0031
vn -0.0048 1.0000 0.0029
vn -0.2297 0.9642 0.1327
vn 0.2026 0.9669 -0.1553
vn 0.3961 0.8662 -0.3046
vn 0.4325 0.8662 -0.2504
vn 0.2218 0.9666 -0.1282
vn 0.5602 0.7073 -0.4310
vn 0.6877 0.4990 -0.5273
vn 0.7500 0.4983 -0.4350
vn 0.6112 0.7082 -0.3534
vn 0.7662 0.2559 -0.5895
vn 0.7934 0.0007 -0.6086
vn 0.8667 -0.0003 -0.4988
vn 0.8375 0.2574 -0.4821
vn 0.7657 -0.2572 -0.5895
vn 0.6884 -0.4980 -0.5273
vn 0.7498 -0.4993 -0.4343
vn 0.8383 -0.2561 -0.4813
vn 0.5602 -0.7076 -0.4307
vn 0.3958 -0.8664 -0.3046
vn 0.4326 -0.8662 -0.2501
vn 0.6108 -0.7081 -0.3542
vn 0.2027 -0.9668 -0.1556
vn -0.0041 -1.0000 0.0032
vn -0.0049 -1.0000 0.0028
vn 0.2221 -0.9666 -0.1281
vn -0.2106 -0.9641 0.1615
vn -0.4020 -0.8620 0.3088
vn -0.4397 -0.8615 0.2538
vn -0.2294 -0.9642 0.1329
vn -0.5653 -0.7017 0.4336
vn -0.6899 -0.4939 0.5293
vn -0.7524 -0.4948 0.4347
vn -0.6169 -0.7021 0.3557
vn -0.7673 -0.2545 0.5886
vn -0.8372 -0.2553 0.4837
vn -0.9239 0.0003 0.3826
vn -0.8933 0.2544 0.3705
vn -0.8028 0.4944 0.3332
vn -0.8393 0.4953 0.2243
vn -0.9343 0.2538 0.2505
vn -0.9660 -0.0000 0.2586
vn -0.6577 0.7022 0.2726
vn -0.4692 0.8615 0.1944
vn -0.4910 0.8611 0.1316
vn -0.6874 0.7026 0.1840
vn -0.2459 0.9639 0.1024
vn -0.0049 1.0000 0.0020
vn -0.0049 1.0000 0.0013
vn -0.2567 0.9640 0.0686
vn 0.2365 0.9667 -0.0982
vn 0.4617 0.8661 -0.1913
vn 0.4819 0.8667 -0.1289
vn 0.2471 0.9667 -0.0664
vn 0.6528 0.7077 -0.2701
vn 0.8002 0.5001 -0.3311
vn 0.8375 0.4989 -0.2230
vn 0.6827 0.7079 -0.1811
vn 0.8929 0.2586 -0.3685
vn 0.9237 -0.0003 -0.3831
vn 0.9658 0.0003 -0.2593
vn 0.9332 0.2563 -0.2517
vn 0.8924 -0.2580 -0.3703
vn 0.7993 -0.5008 -0.3322
vn 0.8381 -0.4982 -0.2223
vn 0.9333 -0.2574 -0.2505
vn 0.6536 -0.7072 -0.2694
vn 0.4618 -0.8662 -0.1910
vn 0.4816 -0.8668 -0.1291
vn 0.6829 -0.7076 -0.1815
vn 0.2362 -0.9667 -0.0982
vn -0.0048 -1.0000 0.0021
vn -0.0049 -1.0000 0.0013
vn 0.2470 -0.9667 -0.0663
vn -0.2458 -0.9639 0.1020
vn -0.4692 -0.8614 0.1945
vn -0.4912 -0.8611 0.1313
vn -0.2567 -0.9640 0.0688
vn -0.6579 -0.7020 0.2725
vn -0.8029 -0.4946 0.3328
vn -0.8391 -0.4953 0.2250
vn -0.6873 -0.7027 0.1843
vn -0.8932 -0.2547 0.3705
vn -0.9344 -0.2537 0.2501
vn -0.9915 -0.0001 0.1301
vn -0.9589 0.2545 0.1257
vn -0.8619 0.4942 0.1131
vn -0.8693 0.4943 -0.0002
vn -0.9670 0.2549 -0.0001
vn -0.7060 0.7021 0.0929
vn -0.5031 0.8617 0.0659
vn -0.5076 0.8616 0.0000
vn -0.7122 0.7020 0.0001
vn -0.2640 0.9639 0.0347
vn -0.0052 1.0000 0.0007
vn -0.0055 1.0000 0.0001
vn -0.2660 0.9640 -0.0001
vn 0.2534 0.9668 -0.0333
vn 0.4944 0.8668 -0.0654
vn 0.4990 0.8666 -0.0003
vn 0.2558 0.9667 -0.0001
vn 0.7004 0.7076 -0.0933
vn 0.8594 0.4988 -0.1128
vn 0.8659 0.5002 0.0008
vn 0.7056 0.7087 0.0002
vn 0.9583 0.2573 -0.1241
vn 0.9918 0.0001 -0.1278
vn 0.9663 0.2574 0.0001
vn 0.9584 -0.2571 -0.1243
vn 0.8596 -0.4985 -0.1121
vn 0.8659 -0.5002 -0.0008
vn 0.9663 -0.2574 -0.0001
vn 0.7000 -0.7081 -0.0930
vn 0.4944 -0.8668 -0.0658
vn 0.4990 -0.8666 0.0003
vn 0.7056 -0.7087 -0.0002
vn 0.2535 -0.9668 -0.0335
vn -0.0052 -1.0000 0.0007
vn -0.0055 -1.0000 -0.0001
vn 0.2558 -0.9667 0.0001
vn -0.2640 -0.9639 0.0345
vn -0.5033 -0.8616 0.0662
vn -0.5076 -0.8616 -0.0000
vn -0.2660 -0.9640 0.0001
vn -0.7056 -0.7025 0.0928
vn -0.8622 -0.4938 0.1126
vn -0.8693 -0.4943 0.0002
vn -0.7122 -0.7020 -0.0001
vn -0.9588 -0.2546 0.1258
vn -0.9670 -0.2549 0.0001
vn -0.9915 0.0001 -0.1301
vn -0.9588 0.2546 -0.1258
vn -0.8622 0.4938 -0.1126
vn -0.8391 0.4953 -0.2250
vn -0.9344 0.2537 -0.2501
vn -0.9660 0.0000 -0.2586
vn -0.7056 0.7025 -0.0928
vn -0.5033 0.8616 -0.0662
vn -0.4912 0.8611 -0.1313
vn -0.6873 0.7027 -0.1843
vn -0.2640 0.9639 -0.0345
vn -0.0052 1.0000 -0.0007
vn -0.0049 1.0000 -0.0013
vn -0.2567 0.9640 -0.0688
vn 0.2535 0.9668 0.0335
vn 0.4944 0.8668 0.0658
vn 0.4816 0.8668 0.1291
vn 0.2470 0.9667 0.0663
vn 0.7000 0.7081 0.0930
vn 0.8596 0.4985 0.1121
vn 0.8381 0.4982 0.2223
vn 0.6829 0.7076 0.1815
vn 0.9584 0.2571 0.1243
vn 0.9918 -0.0001 0.1278
vn 0.9658 -0.0003 0.2593
vn 0.9333 0.2574 0.2505
vn 0.9583 -0.2573 0.1241
vn 0.8594 -0.4988 0.1128
vn 0.8375 -0.4989 0.2230
vn 0.9332 -0.2563 0.2517
vn 0.7004 -0.7076 0.0933
vn 0.4944 -0.8668 0.0654
vn 0.4819 -0.8667 0.1289
vn 0.6827 -0.7079 0.1811
vn 0.2534 -0.9668 0.0333
vn -0.0052 -1.0000 -0.0007
vn -0.0049 -1.0000 -0.0013
vn 0.2471 -0.9667 0.0664
vn -0.2640 -0.9639 -0.0347
vn -0.5031 -0.8617 -0.0659
vn -0.4910 -0.8611 -0.1316
vn -0.2567 -0.9640 -0.0686
vn -0.7060 -0.7021 -0.0929
vn -0.8619 -0.4942 -0.1131
vn -0.8393 -0.4953 -0.2243
vn -0.6874 -0.7026 -0.1840
vn -0.9589 -0.2545 -0.1257
vn -0.9343 -0.2538 -0.2505
vn -0.9239 -0.0003 -0.3826
vn -0.8932 0.2547 -0.3705
vn -0.8029 0.4946 -0.3328
vn -0.7525 0.4948 -0.4347
vn -0.8372 0.2553 -0.4837
vn -0.8660 0.0000 -0.5001
vn -0.6579 0.7020 -0.2725
vn -0.4692 0.8614 -0.1945
vn -0.4397 0.8615 -0.2538
vn -0.6169 0.7021 -0.3557
vn -0.2458 0.9639 -0.1020
vn -0.0048 1.0000 -0.0021
vn -0.0049 1.0000 -0.0028
vn -0.2294 0.9642 -0.1329
vn 0.2362 0.9667 0.0982
vn 0.4618 0.8662 0.1910
vn 0.4326 0.8662 0.2501
vn 0.2221 0.9666 0.1281
vn 0.6536 0.7072 0.2694
vn 0.7993 0.5008 0.3322
vn 0.7498 0.4993 0.4343
vn 0.6108 0.7081 0.3542
vn 0.8924 0.2580 0.3703
vn 0.9237 0.0003 0.3831
vn 0.8667 0.0003 0.4988
vn 0.8383 0.2561 0.4813
vn 0.8929 -0.2586 0.3685
vn 0.8002 -0.5001 0.3311
vn 0.7500 -0.4983 0.4350
vn 0.8375 -0.2574 0.4821
vn 0.6528 -0.7077 0.2701
vn 0.4617 -0.8661 0.1913
vn 0.4325 -0.8662 0.2504
vn 0.6112 -0.7082 0.3534
vn 0.2365 -0.9667 0.0982
vn -0.0049 -1.0000 -0.0020
vn -0.0048 -1.0000 -0.0029
vn 0.2218 -0.9666 0.1282
vn -0.2459 -0.9639 -0.1024
vn -0.4692 -0.8615 -0.1944
vn -0.4396 -0.8616 -0.2539
vn -0.2297 -0.9642 -0.1327
vn -0.6577 -0.7022 -0.2726
vn -0.8028 -0.4944 -0.3332
vn -0.7527 -0.4947 -0.4344
vn -0.6168 -0.7023 -0.3555
vn -0.8933 -0.2544 -0.3705
vn -0.8374 -0.2553 -0.4833
vn -0.7936 -0.0002 -0.6084
vn -0.7673 0.2545 -0.5886
vn -0.6899 0.4939 -0.5293
vn -0.6144 0.4945 -0.6147
vn -0.6832 0.2567 -0.6836
vn -0.7075 -0.0003 -0.7067
vn -0.5653 0.7017 -0.4336
vn -0.4020 0.8620 -0.3088
vn -0.3591 0.8615 -0.3591
vn -0.5032 0.7020 -0.5039
vn -0.2106 0.9641 -0.1615
vn -0.0041 1.0000 -0.0032
vn -0.0040 1.0000 -0.0039
vn -0.1878 0.9641 -0.1877
vn 0.2027 0.9668 0.1556
vn 0.3958 0.8664 0.3046
vn 0.3539 0.8661 0.3530
vn 0.1807 0.9668 0.1807
vn 0.5602 0.7076 0.4307
vn 0.6884 0.4980 0.5273
vn 0.6125 0.4991 0.6129
vn 0.5001 0.7073 0.4996
vn 0.7657 0.2572 0.5895
vn 0.7934 -0.0007 0.6086
vn 0.7071 0.0000 0.7071
vn 0.6836 0.2562 0.6834
vn 0.7662 -0.2559 0.5895
vn 0.6877 -0.4990 0.5273
vn 0.6129 -0.4991 0.6125
vn 0.6834 -0.2562 0.6836
vn 0.5602 -0.7073 0.4310
vn 0.3961 -0.8662 0.3046
vn 0.3536 -0.8663 0.3528
vn 0.4999 -0.7072 0.5001
vn 0.2026 -0.9669 0.1553
vn -0.0042 -1.0000 -0.0031
vn -0.0039 -1.0000 -0.0040
vn 0.1809 -0.9668 0.1807
vn -0.2106 -0.9641 -0.1615
vn -0.4024 -0.8619 -0.3085
vn -0.3588 -0.8616 -0.3591
vn -0.1877 -0.9641 -0.1878
vn -0.5651 -0.7018 -0.4337
vn -0.6896 -0.4937 -0.5298
vn -0.6145 -0.4947 -0.6146
vn -0.5034 -0.7017 -0.5042
vn -0.7668 -0.2543 -0.5893
vn -0.6839 -0.2565 -0.6830
vn -0.6086 0.0002 -0.7935
vn -0.5888 0.2555 -0.7668
vn -0.5291 0.4949 -0.6893
vn -0.4349 0.4942 -0.7527
vn -0.4833 0.2553 -0.8374
vn -0.4997 0.0002 -0.8662
vn -0.4338 0.7021 -0.5647
vn -0.3093 0.8615 -0.4028
vn -0.2536 0.8617 -0.4394
vn -0.3566 0.7018 -0.6167
vn -0.1616 0.9641 -0.2105
vn -0.0031 1.0000 -0.0041
vn -0.0028 1.0000 -0.0047
vn -0.1329 0.9641 -0.2301
vn 0.1557 0.9667 0.2029
vn 0.3045 0.8664 0.3958
vn 0.2496 0.8666 0.4321
vn 0.1282 0.9666 0.2220
vn 0.4293 0.7082 0.5604
vn 0.5271 0.4986 0.6882
vn 0.4328 0.4985 0.7511
vn 0.3525 0.7083 0.6116
vn 0.5879 0.2565 0.7672
vn 0.6082 0.0001 0.7938
vn 0.4987 -0.0003 0.8668
vn 0.4819 0.2566 0.8378
vn 0.5880 -0.2567 0.7670
vn 0.5268 -0.4985 0.6885
vn 0.4328 -0.4990 0.7508
vn 0.4815 -0.2559 0.8382
vn 0.4298 -0.7079 0.5605
vn 0.3041 -0.8668 0.3953
vn 0.2495 -0.8668 0.4318
vn 0.3527 -0.7081 0.6118
vn 0.1557 -0.9667 0.2032
vn -0.0032 -1.0000 -0.0041
vn -0.0027 -1.0000 -0.0048
vn 0.1282 -0.9666 0.2221
vn -0.1617 -0.9642 -0.2104
vn -0.3092 -0.8614 -0.4029
vn -0.2538 -0.8616 -0.4395
vn -0.1328 -0.9641 -0.2301
vn -0.4339 -0.7022 -0.5645
vn -0.5293 -0.4948 -0.6891
vn -0.4347 -0.4941 -0.7529
vn -0.3563 -0.7021 -0.6166
vn -0.5886 -0.2557 -0.7669
vn -0.4834 -0.2555 -0.8373
vn -0.3829 0.0002 -0.9238
vn -0.3706 0.2546 -0.8932
vn -0.3323 0.4946 -0.8031
vn -0.2242 0.4957 -0.8391
vn -0.2497 0.2561 -0.9338
vn -0.2589 -0.0001 -0.9659
vn -0.2719 0.7021 -0.6581
vn -0.1939 0.8618 -0.4688
vn -0.1318 0.8612 -0.4909
vn -0.1847 0.7014 -0.6884
vn -0.1017 0.9641 -0.2452
vn -0.0021 1.0000 -0.0051
vn -0.0012 1.0000 -0.0050
vn -0.0688 0.9640 -0.2568
vn 0.0983 0.9666 0.2367
vn 0.1909 0.8670 0.4604
vn 0.1286 0.8668 0.4818
vn 0.0659 0.9668 0.2471
vn 0.2706 0.7084 0.6519
vn 0.3325 0.4990 0.8003
vn 0.2253 0.4984 0.8372
vn 0.1829 0.7080 0.6821
vn 0.3712 0.2566 0.8924
vn 0.3815 0.0010 0.9244
vn 0.2594 0.0002 0.9658
vn 0.2510 0.2581 0.9329
vn 0.3711 -0.2578 0.8921
vn 0.3328 -0.4988 0.8003
vn 0.2249 -0.4984 0.8373
vn 0.2516 -0.2585 0.9327
vn 0.2708 -0.7085 0.6517
vn 0.1911 -0.8668 0.4606
vn 0.1288 -0.8668 0.4818
vn 0.1827 -0.7080 0.6821
vn 0.0982 -0.9666 0.2365
vn -0.0020 -1.0000 -0.0051
vn -0.0015 -1.0000 -0.0050
vn 0.0660 -0.9667 0.2471
vn -0.1018 -0.9641 -0.2451
vn -0.1943 -0.8618 -0.4685
vn -0.1310 -0.8612 -0.4911
vn -0.0687 -0.9640 -0.2569
vn -0.2723 -0.7019 -0.6581
vn -0.3321 -0.4942 -0.8034
vn -0.2251 -0.4957 -0.8388
vn -0.1842 -0.7015 -0.6885
vn -0.3700 -0.2551 -0.8933
vn -0.2504 -0.2560 -0.9337
vn -0.1299 -0.0000 -0.9915
vn -0.1261 0.2549 -0.9587
vn -0.1140 0.4939 -0.8620
vn 0.0002 0.4943 -0.8693
vn 0.0001 0.2549 -0.9670
vn 0.0000 0.0000 -1.0000
vn -0.0929 0.7021 -0.7060
vn -0.0657 0.8621 -0.5025
vn -0.0002 0.8617 -0.5074
vn -0.0001 0.7020 -0.7122
vn -0.0345 0.9641 -0.2632
vn -0.0009 1.0000 -0.0057
vn 0.0001 1.0000 -0.0057
vn -0.0001 0.9639 -0.2662
vn 0.0335 0.9666 0.2542
vn 0.0648 0.8666 0.4948
vn -0.0002 0.9670 0.2549
vn 0.0929 0.7072 0.7009
vn 0.1132 0.4987 0.8593
vn -0.0009 0.5002 0.8659
vn 0.0001 0.7078 0.7065
vn 0.1246 0.2582 0.9580
vn 0.1303 -0.0006 0.9915
vn -0.0000 0.0000 1.0000
vn -0.0001 0.2574 0.9663
vn 0.1243 -0.2572 0.9583
vn 0.1125 -0.4987 0.8595
vn 0.0006 -0.5002 0.8659
vn 0.0001 -0.2574 0.9663
vn 0.0929 -0.7079 0.7002
vn 0.0648 -0.8663 0.4953
vn -0.0002 -0.8661 0.4998
vn -0.0002 -0.7078 0.7064
vn 0.0333 -0.9666 0.2541
vn -0.0006 -1.0000 -0.0057
vn -0.0001 -1.0000 -0.0057
vn 0.0002 -0.9670 0.2549
vn -0.0346 -0.9641 -0.2632
vn -0.0663 -0.8620 -0.5026
vn 0.0002 -0.8617 -0.5074
vn 0.0001 -0.9639 -0.2662
vn -0.0933 -0.7022 -0.7058
vn -0.1134 -0.4941 -0.8620
vn -0.0002 -0.4943 -0.8693
vn 0.0001 -0.7020 -0.7122
vn -0.1258 -0.2547 -0.9588
vn -0.0001 -0.2549 -0.9670
vn 0.1301 0.0001 -0.9915
vn 0.1258 0.2546 -0.9588
vn 0.1134 0.4941 -0.8620
vn 0.2252 0.4956 -0.8389
vn 0.2508 0.2555 -0.9337
vn 0.2590 0.0000 -0.9659
vn 0.0933 0.7022 -0.7058
vn 0.0663 0.8620 -0.5026
vn 0.1310 0.8612 -0.4911
vn 0.1842 0.7015 -0.6885
vn 0.0346 0.9641 -0.2632
vn 0.0006 1.0000 -0.0057
vn 0.0015 1.0000 -0.0050
vn 0.0688 0.9640 -0.2568
vn -0.0334 0.9667 0.2539
vn -0.0648 0.8662 0.4954
vn -0.1287 0.8666 0.4821
vn -0.0659 0.9667 0.2472
vn -0.0931 0.7079 0.7001
vn -0.1121 0.4985 0.8596
vn -0.2247 0.4987 0.8371
vn -0.1827 0.7078 0.6824
vn -0.1248 0.2572 0.9583
vn -0.1304 0.0005 0.9915
vn -0.2596 -0.0002 0.9657
vn -0.2511 0.2583 0.9329
vn -0.1252 -0.2578 0.9580
vn -0.1129 -0.4989 0.8593
vn -0.2247 -0.4988 0.8371
vn -0.2504 -0.2580 0.9331
vn -0.0930 -0.7072 0.7009
vn -0.0647 -0.8666 0.4948
vn -0.1287 -0.8666 0.4820
vn -0.1830 -0.7077 0.6824
vn -0.0336 -0.9666 0.2540
vn 0.0009 -1.0000 -0.0057
vn 0.0012 -1.0000 -0.0050
vn -0.0658 -0.9668 0.2470
vn 0.0345 -0.9641 -0.2632
vn 0.0657 -0.8621 -0.5025
vn 0.1318 -0.8612 -0.4908
vn 0.0689 -0.9640 -0.2568
vn 0.0929 -0.7021 -0.7060
vn 0.1140 -0.4939 -0.8620
vn 0.2242 -0.4957 -0.8391
vn 0.1847 -0.7014 -0.6884
vn 0.1261 -0.2549 -0.9587
vn 0.2503 -0.2554 -0.9339
vn 0.3824 -0.0003 -0.9240
vn 0.3697 0.2544 -0.8936
vn 0.3324 0.4937 -0.8036
vn 0.4348 0.4948 -0.7524
vn 0.4839 0.2563 -0.8368
vn 0.4998 -0.0002 -0.8661
vn 0.2727 0.7019 -0.6580
vn 0.1946 0.8620 -0.4682
vn 0.2536 0.8617 -0.4395
vn 0.3562 0.7021 -0.6166
vn 0.1019 0.9642 -0.2448
vn 0.0021 1.0000 -0.0052
vn 0.0028 1.0000 -0.0049
vn 0.1326 0.9640 -0.2303
vn -0.0980 0.9667 0.2362
vn -0.1907 0.8666 0.4611
vn -0.2495 0.8668 0.4317
vn -0.1281 0.9666 0.2221
vn -0.2708 0.7082 0.6521
vn -0.3326 0.4990 0.8002
vn -0.4331 0.4987 0.7508
vn -0.3536 0.7081 0.6112
vn -0.3704 0.2576 0.8924
vn -0.3823 -0.0005 0.9240
vn -0.4983 0.0002 0.8670
vn -0.4817 0.2568 0.8378
vn -0.3708 -0.2571 0.8924
vn -0.3325 -0.4990 0.8003
vn -0.4328 -0.4985 0.7511
vn -0.4815 -0.2574 0.8378
vn -0.2708 -0.7079 0.6523
vn -0.1904 -0.8669 0.4607
vn -0.2498 -0.8667 0.4317
vn -0.3532 -0.7081 0.6115
vn -0.0980 -0.9667 0.2364
vn 0.0022 -1.0000 -0.0052
vn 0.0029 -1.0000 -0.0049
vn -0.1282 -0.9666 0.2218
vn 0.1017 -0.9642 -0.2450
vn 0.1941 -0.8619 -0.4685
vn 0.2535 -0.8618 -0.4394
vn 0.1328 -0.9641 -0.2301
vn 0.2724 -0.7021 -0.6580
vn 0.3332 -0.4939 -0.8032
vn 0.4341 -0.4950 -0.7527
vn 0.3564 -0.7019 -0.6167
vn 0.3707 -0.2539 -0.8934
vn 0.4830 -0.2560 -0.8374
vn 0.6090 0.0001 -0.7932
vn 0.5885 0.2545 -0.7674
vn 0.5290 0.4938 -0.6902
vn 0.6145 0.4947 -0.6146
vn 0.6835 0.2548 -0.6840
vn 0.7067 0.0002 -0.7075
vn 0.4334 0.7022 -0.5649
vn 0.3089 0.8614 -0.4033
vn 0.3591 0.8615 -0.3591
vn 0.5036 0.7018 -0.5038
vn 0.1615 0.9641 -0.2106
vn 0.0032 1.0000 -0.0041
vn 0.0039 1.0000 -0.0040
vn 0.1877 0.9641 -0.1878
vn -0.1556 0.9668 0.2027
vn -0.3040 0.8669 0.3951
vn -0.3531 0.8663 0.3532
vn -0.1808 0.9669 0.1803
vn -0.4299 0.7071 0.5615
vn -0.5268 0.4977 0.6890
vn -0.6129 0.4991 0.6125
vn -0.4993 0.7070 0.5008
vn -0.5877 0.2571 0.7672
vn -0.6084 0.0000 0.7936
vn -0.7072 -0.0006 0.7070
vn -0.6847 0.2580 0.6816
vn -0.5881 -0.2570 0.7669
vn -0.5277 -0.4977 0.6883
vn -0.6125 -0.4993 0.6128
vn -0.6844 -0.2569 0.6823
vn -0.4298 -0.7075 0.5610
vn -0.3041 -0.8665 0.3958
vn -0.3533 -0.8663 0.3532
vn -0.4992 -0.7074 0.5004
vn -0.1553 -0.9669 0.2026
vn 0.0031 -1.0000 -0.0042
vn 0.0040 -1.0000 -0.0040
vn -0.1809 -0.9668 0.1805
vn 0.1614 -0.9641 -0.2107
vn 0.3089 -0.8614 -0.4031
vn 0.3591 -0.8615 -0.3591
vn 0.1878 -0.9641 -0.1877
vn 0.4334 -0.7021 -0.5651
vn 0.5293 -0.4940 -0.6898
vn 0.6144 -0.4945 -0.6148
vn 0.5038 -0.7018 -0.5036
vn 0.5891 -0.2544 -0.7670
vn 0.6831 -0.2553 -0.6842
vn 0.7932 -0.0001 -0.6089
vn 0.7668 0.2543 -0.5893
vn 0.6893 0.4949 -0.5291
vn 0.7524 0.4949 -0.4346
vn 0.8374 0.2553 -0.4833
vn 0.8660 -0.0000 -0.5001
vn 0.5648 0.7022 -0.4335
vn 0.4030 0.8614 -0.3092
vn 0.4396 0.8616 -0.2539
vn 0.6166 0.7021 -0.3562
vn 0.2106 0.9641 -0.1615
vn 0.0043 1.0000 -0.0033
vn 0.0049 1.0000 -0.0029
vn 0.2298 0.9642 -0.1325
vn -0.2031 0.9667 0.1558
vn -0.3967 0.8661 0.3042
vn -0.4325 0.8665 0.2492
vn -0.2213 0.9668 0.1280
vn -0.5611 0.7075 0.4298
vn -0.6879 0.4997 0.5263
vn -0.7506 0.4990 0.4331
vn -0.6126 0.7072 0.3529
vn -0.7667 0.2568 0.5884
vn -0.7927 -0.0004 0.6096
vn -0.8665 0.0003 0.4992
vn -0.8369 0.2561 0.4837
vn -0.7668 -0.2566 0.5883
vn -0.6877 -0.4996 0.5267
vn -0.7508 -0.4990 0.4328
vn -0.8371 -0.2565 0.4832
vn -0.5611 -0.7074 0.4299
vn -0.3968 -0.8661 0.3038
vn -0.4326 -0.8664 0.2495
vn -0.6126 -0.7072 0.3530
vn -0.2032 -0.9667 0.1557
vn 0.0043 -1.0000 -0.0033
vn 0.0049 -1.0000 -0.0028
vn -0.2210 -0.9668 0.1279
vn 0.2106 -0.9641 -0.1615
vn 0.4029 -0.8615 -0.3091
vn 0.4397 -0.8615 -0.2539
vn 0.2298 -0.9642 -0.1326
vn 0.5648 -0.7021 -0.4336
vn 0.6892 -0.4950 -0.5291
vn 0.7524 -0.4948 -0.4347
vn 0.6165 -0.7023 -0.3561
vn 0.7672 -0.2542 -0.5889
vn 0.8372 -0.2553 -0.4837
vn 0.9239 0.0003 -0.3826
vn 0.8933 0.2544 -0.3705
vn 0.8030 0.4947 -0.3324
vn 0.8391 0.4957 -0.2242
vn 0.9339 0.2555 -0.2500
vn 0.9660 -0.0000 -0.2586
vn 0.6581 0.7020 -0.2723
vn 0.4687 0.8618 -0.1940
vn 0.4912 0.8611 -0.1315
vn 0.6884 0.7016 -0.1840
vn 0.2452 0.9641 -0.1020
vn 0.0051 1.0000 -0.0021
vn 0.0050 1.0000 -0.0012
vn 0.2568 0.9640 -0.0688
vn -0.2357 0.9669 0.0979
vn -0.4610 0.8664 0.1919
vn -0.4817 0.8667 0.1298
vn -0.2467 0.9668 0.0661
vn -0.6528 0.7072 0.2715
vn -0.8003 0.4990 0.3325
vn -0.8372 0.4985 0.2249
vn -0.6821 0.7080 0.1829
vn -0.8924 0.2566 0.3712
vn -0.9244 0.0010 0.3815
vn -0.9658 0.0002 0.2594
vn -0.9330 0.2580 0.2509
vn -0.8921 -0.2578 0.3711
vn -0.8003 -0.4988 0.3328
vn -0.8374 -0.4983 0.2246
vn -0.9327 -0.2585 0.2516
vn -0.6530 -0.7071 0.2712
vn -0.4608 -0.8665 0.1919
vn -0.4810 -0.8670 0.1298
vn -0.6823 -0.7077 0.1832
vn -0.2356 -0.9669 0.0981
vn 0.0051 -1.0000 -0.0021
vn 0.0050 -1.0000 -0.0015
vn -0.2471 -0.9667 0.0660
vn 0.2451 -0.9641 -0.1019
vn 0.4686 -0.8618 -0.1944
vn 0.4911 -0.8612 -0.1310
vn 0.2569 -0.9640 -0.0687
vn 0.6579 -0.7020 -0.2725
vn 0.8034 -0.4942 -0.3321
vn 0.8388 -0.4960 -0.2247
vn 0.6889 -0.7012 -0.1834
vn 0.8933 -0.2551 -0.3700
vn 0.9338 -0.2555 -0.2504
vn 0.9915 -0.0001 -0.1301
vn 0.9587 0.2549 -0.1261
vn 0.8613 0.4953 -0.1135
vn 0.8691 0.4946 -0.0002
vn 0.9670 0.2549 0.0001
vn 0.7056 0.7025 -0.0927
vn 0.5036 0.8614 -0.0661
vn 0.5077 0.8616 0.0001
vn 0.7122 0.7020 -0.0003
vn 0.2632 0.9641 -0.0345
vn 0.0057 1.0000 -0.0009
vn 0.0059 1.0000 0.0000
vn 0.2662 0.9639 -0.0001
vn -0.2540 0.9666 0.0331
vn -0.4950 0.8665 0.0645
vn -0.4995 0.8663 -0.0000
vn -0.2557 0.9668 -0.0001
vn -0.7005 0.7077 0.0914
vn -0.8597 0.4983 0.1123
vn -0.8667 0.4989 -0.0002
vn -0.7068 0.7074 0.0002
vn -0.9581 0.2579 0.1248
vn -0.9915 -0.0006 0.1303
vn -0.9663 0.2574 -0.0001
vn -0.9584 -0.2571 0.1243
vn -0.8596 -0.4985 0.1121
vn -0.8667 -0.4989 0.0002
vn -0.9663 -0.2574 0.0001
vn -0.7004 -0.7078 0.0916
vn -0.4951 -0.8665 0.0643
vn -0.4995 -0.8663 0.0000
vn -0.7068 -0.7074 -0.0002
vn -0.2542 -0.9666 0.0329
vn 0.0058 -1.0000 -0.0007
vn 0.0059 -1.0000 -0.0000
vn -0.2557 -0.9668 0.0001
vn 0.2632 -0.9641 -0.0346
vn 0.5038 -0.8613 -0.0662
vn 0.5077 -0.8616 -0.0001
vn 0.2662 -0.9639 0.0001
vn 0.7054 -0.7027 -0.0934
vn 0.8612 -0.4955 -0.1136
vn 0.8691 -0.4946 0.0002
vn 0.7122 -0.7020 0.0003
vn 0.9588 -0.2546 -0.1258
vn 0.9670 -0.2549 -0.0001
vn 0.9915 0.0001 0.1301
vn 0.9588 0.2546 0.1258
vn 0.8612 0.4955 0.1136
vn 0.8388 0.4960 0.2247
vn 0.9338 0.2555 0.2504
vn 0.9660 0.0000 0.2586
vn 0.7054 0.7027 0.0934
vn 0.5038 0.8613 0.0662
vn 0.4911 0.8612 0.1310
vn 0.6889 0.7012 0.1834
vn 0.2632 0.9641 0.0346
vn 0.0058 1.0000 0.0007
vn 0.0050 1.0000 0.0015
vn 0.2569 0.9640 0.0687
vn -0.2542 0.9666 -0.0329
vn -0.4951 0.8665 -0.0643
vn -0.4810 0.8670 -0.1298
vn -0.2471 0.9667 -0.0660
vn -0.7004 0.7078 -0.0916
vn -0.8596 0.4985 -0.1121
vn -0.8374 0.4983 -0.2246
vn -0.6823 0.7077 -0.1832
vn -0.9584 0.2571 -0.1243
vn -0.9915 0.0006 -0.1303
vn -0.9658 -0.0002 -0.2594
vn -0.9327 0.2585 -0.2516
vn -0.9581 -0.2579 -0.1248
vn -0.8597 -0.4983 -0.1123
vn -0.8372 -0.4985 -0.2249
vn -0.9330 -0.2580 -0.2509
vn -0.7005 -0.7077 -0.0914
vn -0.4950 -0.8665 -0.0647
vn -0.4818 -0.8666 -0.1296
vn -0.6823 -0.7078 -0.1831
vn -0.2539 -0.9667 -0.0331
vn 0.0057 -1.0000 0.0009
vn 0.0050 -1.0000 0.0012
vn -0.2466 -0.9669 -0.0660
vn 0.2632 -0.9641 0.0345
vn 0.5036 -0.8614 0.0661
vn 0.4912 -0.8611 0.1315
vn 0.2568 -0.9640 0.0688
vn 0.7056 -0.7025 0.0927
vn 0.8613 -0.4953 0.1135
vn 0.8391 -0.4957 0.2242
vn 0.6884 -0.7016 0.1840
vn 0.9587 -0.2549 0.1261
vn 0.9339 -0.2555 0.2500
vn 0.9239 -0.0003 0.3826
vn 0.8933 0.2551 0.3700
vn 0.8034 0.4942 0.3321
vn 0.7524 0.4946 0.4350
vn 0.8369 0.2555 0.4841
vn 0.8658 -0.0002 0.5003
vn 0.6579 0.7020 0.2725
vn 0.4686 0.8618 0.1944
vn 0.4397 0.8615 0.2539
vn 0.6165 0.7023 0.3561
vn 0.2451 0.9641 0.1019
vn 0.0051 1.0000 0.0021
vn 0.0049 1.0000 0.0028
vn 0.2298 0.9642 0.1326
vn -0.2356 0.9669 -0.0981
vn -0.4608 0.8665 -0.1919
vn -0.4326 0.8664 -0.2495
vn -0.2210 0.9668 -0.1279
vn -0.6530 0.7071 -0.2712
vn -0.8003 0.4988 -0.3328
vn -0.7508 0.4990 -0.4328
vn -0.6126 0.7072 -0.3530
vn -0.8921 0.2578 -0.3711
vn -0.9244 -0.0010 -0.3815
vn -0.8665 -0.0003 -0.4992
vn -0.8371 0.2565 -0.4832
vn -0.8924 -0.2566 -0.3712
vn -0.8003 -0.4990 -0.3325
vn -0.7506 -0.4990 -0.4331
vn -0.8369 -0.2561 -0.4837
vn -0.6529 -0.7072 -0.2714
vn -0.4610 -0.8665 -0.1916
vn -0.4325 -0.8665 -0.2492
vn -0.6126 -0.7072 -0.3529
vn -0.2357 -0.9669 -0.0979
vn 0.0051 -1.0000 0.0021
vn 0.0049 -1.0000 0.0029
vn -0.2213 -0.9668 -0.1280
vn 0.2452 -0.9641 0.1020
vn 0.4687 -0.8618 0.1940
vn 0.4396 -0.8616 0.2539
vn 0.2298 -0.9642 0.1325
vn 0.6581 -0.7020 0.2723
vn 0.8030 -0.4947 0.3324
vn 0.7524 -0.4949 0.4346
vn 0.6166 -0.7021 0.3562
vn 0.8933 -0.2544 0.3705
vn 0.8372 -0.2551 0.4838
vn 0.7931 0.0001 0.6090
vn 0.7673 0.2542 0.5888
vn 0.6898 0.4940 0.5293
vn 0.6144 0.4945 0.6148
vn 0.6836 0.2550 0.6838
vn 0.7069 0.0000 0.7073
vn 0.5648 0.7021 0.4336
vn 0.4029 0.8615 0.3091
vn 0.3591 0.8615 0.3591
vn 0.5038 0.7018 0.5036
vn 0.2106 0.9641 0.1615
vn 0.0043 1.0000 0.0033
vn 0.0040 1.0000 0.0040
vn 0.1878 0.9641 0.1877
vn -0.2032 0.9667 -0.1557
vn -0.3968 0.8661 -0.3038
vn -0.3533 0.8663 -0.3532
vn -0.1809 0.9668 -0.1805
vn -0.5611 0.7074 -0.4299
vn -0.6877 0.4996 -0.5267
vn -0.6125 0.4993 -0.6128
vn -0.4992 0.7074 -0.5004
vn -0.7668 0.2566 -0.5883
vn -0.7927 0.0004 -0.6096
vn -0.7072 0.0006 -0.7070
vn -0.6844 0.2569 -0.6823
vn -0.7667 -0.2568 -0.5884
vn -0.6879 -0.4997 -0.5263
vn -0.6129 -0.4991 -0.6125
vn -0.6847 -0.2580 -0.6816
vn -0.5611 -0.7075 -0.4298
vn -0.3967 -0.8661 -0.3042
vn -0.3531 -0.8663 -0.3532
vn -0.4993 -0.7070 -0.5008
vn -0.2031 -0.9667 -0.1558
vn 0.0043 -1.0000 0.0033
vn 0.0039 -1.0000 0.0040
vn -0.1808 -0.9669 -0.1803
vn 0.2106 -0.9641 0.1615
vn 0.4030 -0.8614 0.3092
vn 0.3591 -0.8615 0.3591
vn 0.1877 -0.9641 0.1878
vn 0.5648 -0.7022 0.4335
vn 0.6896 -0.4938 0.5297
vn 0.6148 -0.4945 0.6144
vn 0.5036 -0.7018 0.5038
vn 0.7670 -0.2544 0.5891
vn 0.6839 -0.2550 0.6835
vn 0.6090 -0.0001 0.7932
vn 0.5891 0.2544 0.7670
vn 0.5293 0.4940 0.6898
vn 0.4341 0.4950 0.7527
vn 0.4830 0.2560 0.8374
vn 0.4998 0.0002 0.8661
vn 0.4334 0.7021 0.5651
vn 0.3089 0.8614 0.4031
vn 0.2535 0.8618 0.4394
vn 0.3564 0.7019 0.6167
vn 0.1614 0.9641 0.2107
vn 0.0031 1.0000 0.0042
vn 0.0029 1.0000 0.0049
vn 0.1328 0.9641 0.2301
vn -0.1553 0.9669 -0.2026
vn -0.3041 0.8665 -0.3958
vn -0.2498 0.8667 -0.4317
vn -0.1282 0.9666 -0.2218
vn -0.4298 0.7075 -0.5610
vn -0.5277 0.4977 -0.6883
vn -0.4328 0.4985 -0.7511
vn -0.3532 0.7081 -0.6115
vn -0.5881 0.2570 -0.7669
vn -0.6084 -0.0000 -0.7936
vn -0.4983 -0.0002 -0.8670
vn -0.4815 0.2574 -0.8378
vn -0.5877 -0.2571 -0.7672
vn -0.5268 -0.4977 -0.6890
vn -0.4331 -0.4987 -0.7508
vn -0.4817 -0.2568 -0.8378
vn -0.4299 -0.7071 -0.5615
vn -0.3040 -0.8669 -0.3951
vn -0.2495 -0.8668 -0.4317
vn -0.3536 -0.7081 -0.6112
vn -0.1556 -0.9668 -0.2027
vn 0.0032 -1.0000 0.0041
vn 0.0028 -1.0000 0.0049
vn -0.1281 -0.9666 -0.2221
vn 0.1615 -0.9641 0.2106
vn 0.3089 -0.8614 0.4033
vn 0.2536 -0.8617 0.4395
vn 0.1326 -0.9640 0.2303
vn 0.4334 -0.7022 0.5649
vn 0.5290 -0.4938 0.6902
vn 0.4348 -0.4948 0.7524
vn 0.3562 -0.7021 0.6166
vn 0.5885 -0.2545 0.7674
vn 0.4839 -0.2563 0.8368
vn 0.3824 0.0003 0.9240
vn 0.3707 0.2539 0.8934
vn 0.3332 0.4939 0.8032
vn 0.2243 0.4957 0.8391
vn 0.2503 0.2554 0.9339
vn 0.2590 -0.0000 0.9659
vn 0.2724 0.7021 0.6580
vn 0.1941 0.8619 0.4685
vn 0.1318 0.8612 0.4908
vn 0.1847 0.7014 0.6884
vn 0.1017 0.9642 0.2450
vn 0.0022 1.0000 0.0052
vn 0.0012 1.0000 0.0050
vn 0.0689 0.9640 0.2568
vn -0.0980 0.9667 -0.2364
vn -0.1904 0.8669 -0.4607
vn -0.1287 0.8666 -0.4820
vn -0.0658 0.9668 -0.2470
vn -0.2708 0.7079 -0.6523
vn -0.3325 0.4990 -0.8003
vn -0.2247 0.4988 -0.8371
vn -0.1830 0.7077 -0.6824
vn -0.3708 0.2571 -0.8924
vn -0.3823 0.0005 -0.9240
vn -0.2596 0.0002 -0.9657
vn -0.2504 0.2580 -0.9331
vn -0.3704 -0.2576 -0.8924
vn -0.3326 -0.4990 -0.8002
vn -0.2247 -0.4987 -0.8371
vn -0.2511 -0.2583 -0.9329
vn -0.2708 -0.7082 -0.6521
vn -0.1907 -0.8666 -0.4611
vn -0.1287 -0.8666 -0.4821
vn -0.1827 -0.7078 -0.6824
vn -0.0980 -0.9667 -0.2362
vn 0.0021 -1.0000 0.0052
vn 0.0015 -1.0000 0.0050
vn -0.0659 -0.9667 -0.2472
vn 0.1019 -0.9642 0.2448
vn 0.1946 -0.8620 0.4682
vn 0.1310 -0.8612 0.4911
vn 0.0688 -0.9640 0.2568
vn 0.2727 -0.7019 0.6580
vn 0.3324 -0.4937 0.8036
vn 0.2252 -0.4956 0.8389
vn 0.1842 -0.7015 0.6885
vn 0.3697 -0.2544 0.8936
vn 0.2508 -0.2555 0.9337
vn 0.1301 -0.0001 0.9915
vn 0.1261 0.2549 0.9587
vn 0.1140 0.4939 0.8620
vn 0.0929 0.7021 0.7060
vn 0.0657 0.8621 0.5025
vn 0.0345 0.9641 0.2632
vn 0.0009 1.0000 0.0057
vn -0.0336 0.9666 -0.2540
vn -0.0647 0.8666 -0.4948
vn -0.0930 0.7072 -0.7009
vn -0.1129 0.4989 -0.8593
vn -0.1252 0.2578 -0.9580
vn -0.1304 -0.0005 -0.9915
vn -0.1248 -0.2572 -0.9583
vn -0.1121 -0.4985 -0.8596
vn -0.0931 -0.7079 -0.7001
vn -0.0648 -0.8662 -0.4954
vn -0.0334 -0.9667 -0.2539
vn 0.0006 -1.0000 0.0057
vn 0.0346 -0.9641 0.2632
vn 0.0663 -0.8620 0.5026
vn 0.0933 -0.7022 0.7058
vn 0.1134 -0.4941 0.8620
vn 0.1258 -0.2546 0.9588
# 4743 vertex normals

vt 0.7005 0.3097 0.0000
vt 0.7192 0.3085 0.0000
vt 0.7196 0.3121 0.0000
vt 0.7009 0.3142 0.0000
vt 0.7201 0.3157 0.0000
vt 0.7015 0.3186 0.0000
vt 0.6784 0.3116 0.0000
vt 0.6790 0.3169 0.0000
vt 0.6798 0.3223 0.0000
vt 0.7024 0.3230 0.0000
vt 0.7208 0.3193 0.0000
vt 0.7216 0.3228 0.0000
vt 0.7034 0.3273 0.0000
vt 0.6808 0.3276 0.0000
vt 0.6821 0.3329 0.0000
vt 0.6605 0.3387 0.0000
vt 0.6414 0.3438 0.0000
vt 0.6397 0.3368 0.0000
vt 0.6589 0.3325 0.0000
vt 0.6382 0.3298 0.0000
vt 0.6577 0.3263 0.0000
vt 0.6567 0.3200 0.0000
vt 0.6372 0.3227 0.0000
vt 0.6363 0.3156 0.0000
vt 0.6560 0.3137 0.0000
vt 0.7227 0.3263 0.0000
vt 0.7047 0.3316 0.0000
vt 0.7239 0.3297 0.0000
vt 0.7062 0.3358 0.0000
vt 0.6836 0.3381 0.0000
vt 0.6854 0.3432 0.0000
vt 0.7078 0.3400 0.0000
vt 0.7252 0.3331 0.0000
vt 0.7267 0.3364 0.0000
vt 0.7096 0.3441 0.0000
vt 0.6874 0.3482 0.0000
vt 0.6896 0.3532 0.0000
vt 0.6694 0.3625 0.0000
vt 0.6516 0.3707 0.0000
vt 0.6486 0.3641 0.0000
vt 0.6668 0.3566 0.0000
vt 0.6459 0.3574 0.0000
vt 0.6644 0.3507 0.0000
vt 0.6623 0.3447 0.0000
vt 0.6435 0.3506 0.0000
vt 0.7283 0.3397 0.0000
vt 0.7117 0.3480 0.0000
vt 0.7301 0.3428 0.0000
vt 0.7139 0.3519 0.0000
vt 0.6921 0.3580 0.0000
vt 0.6948 0.3627 0.0000
vt 0.7163 0.3557 0.0000
vt 0.7321 0.3459 0.0000
vt 0.7342 0.3489 0.0000
vt 0.7188 0.3594 0.0000
vt 0.6977 0.3673 0.0000
vt 0.7008 0.3718 0.0000
vt 0.6826 0.3844 0.0000
vt 0.6665 0.3955 0.0000
vt 0.6624 0.3895 0.0000
vt 0.6789 0.3791 0.0000
vt 0.6585 0.3834 0.0000
vt 0.6755 0.3737 0.0000
vt 0.6723 0.3682 0.0000
vt 0.6549 0.3771 0.0000
vt 0.7364 0.3518 0.0000
vt 0.7216 0.3630 0.0000
vt 0.7388 0.3546 0.0000
vt 0.7244 0.3664 0.0000
vt 0.7041 0.3761 0.0000
vt 0.7077 0.3803 0.0000
vt 0.7275 0.3697 0.0000
vt 0.7413 0.3573 0.0000
vt 0.7439 0.3599 0.0000
vt 0.7307 0.3729 0.0000
vt 0.7114 0.3843 0.0000
vt 0.7153 0.3881 0.0000
vt 0.6996 0.4037 0.0000
vt 0.6859 0.4173 0.0000
vt 0.6807 0.4122 0.0000
vt 0.6951 0.3991 0.0000
vt 0.6757 0.4068 0.0000
vt 0.6907 0.3944 0.0000
vt 0.6865 0.3895 0.0000
vt 0.6710 0.4013 0.0000
vt 0.7466 0.3623 0.0000
vt 0.7340 0.3759 0.0000
vt 0.7494 0.3647 0.0000
vt 0.7375 0.3788 0.0000
vt 0.7194 0.3918 0.0000
vt 0.7236 0.3953 0.0000
vt 0.7412 0.3815 0.0000
vt 0.7524 0.3669 0.0000
vt 0.7554 0.3690 0.0000
vt 0.7449 0.3840 0.0000
vt 0.7280 0.3986 0.0000
vt 0.7326 0.4017 0.0000
vt 0.7200 0.4197 0.0000
vt 0.7090 0.4355 0.0000
vt 0.7029 0.4313 0.0000
vt 0.7146 0.4160 0.0000
vt 0.6970 0.4269 0.0000
vt 0.7095 0.4121 0.0000
vt 0.7044 0.4080 0.0000
vt 0.6914 0.4222 0.0000
vt 0.7586 0.3709 0.0000
vt 0.7488 0.3864 0.0000
vt 0.7618 0.3727 0.0000
vt 0.7527 0.3886 0.0000
vt 0.7372 0.4047 0.0000
vt 0.7420 0.4073 0.0000
vt 0.7568 0.3907 0.0000
vt 0.7651 0.3744 0.0000
vt 0.7685 0.3759 0.0000
vt 0.7609 0.3925 0.0000
vt 0.7470 0.4098 0.0000
vt 0.7520 0.4121 0.0000
vt 0.7430 0.4319 0.0000
vt 0.7351 0.4494 0.0000
vt 0.7283 0.4463 0.0000
vt 0.7371 0.4292 0.0000
vt 0.7217 0.4430 0.0000
vt 0.7313 0.4263 0.0000
vt 0.7256 0.4231 0.0000
vt 0.7153 0.4394 0.0000
vt 0.7719 0.3773 0.0000
vt 0.7651 0.3942 0.0000
vt 0.7754 0.3785 0.0000
vt 0.7695 0.3957 0.0000
vt 0.7572 0.4142 0.0000
vt 0.7624 0.4160 0.0000
vt 0.7738 0.3971 0.0000
vt 0.7790 0.3796 0.0000
vt 0.7826 0.3805 0.0000
vt 0.7783 0.3982 0.0000
vt 0.7678 0.4176 0.0000
vt 0.7731 0.4189 0.0000
vt 0.7680 0.4400 0.0000
vt 0.7634 0.4585 0.0000
vt 0.7562 0.4567 0.0000
vt 0.7616 0.4384 0.0000
vt 0.7490 0.4545 0.0000
vt 0.7553 0.4365 0.0000
vt 0.7491 0.4343 0.0000
vt 0.7420 0.4521 0.0000
vt 0.7863 0.3812 0.0000
vt 0.7828 0.3991 0.0000
vt 0.7899 0.3818 0.0000
vt 0.7873 0.3998 0.0000
vt 0.7786 0.4201 0.0000
vt 0.7841 0.4209 0.0000
vt 0.7918 0.4003 0.0000
vt 0.7936 0.3823 0.0000
vt 0.7974 0.3825 0.0000
vt 0.7964 0.4007 0.0000
vt 0.7896 0.4216 0.0000
vt 0.7952 0.4220 0.0000
vt 0.7940 0.4436 0.0000
vt 0.7929 0.4626 0.0000
vt 0.7854 0.4621 0.0000
vt 0.7874 0.4431 0.0000
vt 0.7780 0.4612 0.0000
vt 0.7809 0.4423 0.0000
vt 0.7744 0.4413 0.0000
vt 0.7707 0.4600 0.0000
vt 0.8011 0.3826 0.0000
vt 0.8010 0.4008 0.0000
vt 0.8048 0.3826 0.0000
vt 0.8056 0.4007 0.0000
vt 0.8008 0.4221 0.0000
vt 0.8063 0.4220 0.0000
vt 0.8102 0.4004 0.0000
vt 0.8086 0.3823 0.0000
vt 0.8123 0.3820 0.0000
vt 0.8147 0.4000 0.0000
vt 0.8119 0.4217 0.0000
vt 0.8175 0.4211 0.0000
vt 0.8202 0.4426 0.0000
vt 0.8226 0.4615 0.0000
vt 0.8152 0.4622 0.0000
vt 0.8137 0.4433 0.0000
vt 0.8078 0.4627 0.0000
vt 0.8071 0.4437 0.0000
vt 0.8005 0.4438 0.0000
vt 0.8003 0.4628 0.0000
vt 0.8160 0.3814 0.0000
vt 0.8192 0.3993 0.0000
vt 0.8197 0.3807 0.0000
vt 0.8237 0.3984 0.0000
vt 0.8230 0.4203 0.0000
vt 0.8285 0.4192 0.0000
vt 0.8282 0.3973 0.0000
vt 0.8233 0.3798 0.0000
vt 0.8269 0.3788 0.0000
vt 0.8326 0.3961 0.0000
vt 0.8339 0.4180 0.0000
vt 0.8392 0.4164 0.0000
vt 0.8459 0.4371 0.0000
vt 0.8517 0.4553 0.0000
vt 0.8445 0.4573 0.0000
vt 0.8396 0.4389 0.0000
vt 0.8373 0.4590 0.0000
vt 0.8332 0.4404 0.0000
vt 0.8267 0.4417 0.0000
vt 0.8300 0.4604 0.0000
vt 0.8304 0.3776 0.0000
vt 0.8370 0.3946 0.0000
vt 0.8339 0.3763 0.0000
vt 0.8412 0.3930 0.0000
vt 0.8445 0.4147 0.0000
vt 0.8497 0.4127 0.0000
vt 0.8454 0.3912 0.0000
vt 0.8373 0.3748 0.0000
vt 0.8407 0.3732 0.0000
vt 0.8496 0.3891 0.0000
vt 0.8548 0.4105 0.0000
vt 0.8598 0.4080 0.0000
vt 0.8701 0.4273 0.0000
vt 0.8791 0.4442 0.0000
vt 0.8724 0.4475 0.0000
vt 0.8642 0.4301 0.0000
vt 0.8656 0.4504 0.0000
vt 0.8582 0.4327 0.0000
vt 0.8521 0.4350 0.0000
vt 0.8587 0.4530 0.0000
vt 0.8439 0.3714 0.0000
vt 0.8536 0.3869 0.0000
vt 0.8471 0.3694 0.0000
vt 0.8575 0.3846 0.0000
vt 0.8647 0.4054 0.0000
vt 0.8694 0.4025 0.0000
vt 0.8613 0.3820 0.0000
vt 0.8502 0.3674 0.0000
vt 0.8532 0.3651 0.0000
vt 0.8650 0.3793 0.0000
vt 0.8741 0.3994 0.0000
vt 0.8785 0.3962 0.0000
vt 0.8921 0.4135 0.0000
vt 0.9040 0.4288 0.0000
vt 0.8980 0.4330 0.0000
vt 0.8868 0.4173 0.0000
vt 0.8919 0.4370 0.0000
vt 0.8814 0.4208 0.0000
vt 0.8758 0.4242 0.0000
vt 0.8856 0.4408 0.0000
vt 0.8561 0.3628 0.0000
vt 0.8685 0.3764 0.0000
vt 0.8589 0.3603 0.0000
vt 0.8719 0.3734 0.0000
vt 0.8829 0.3927 0.0000
vt 0.8870 0.3891 0.0000
vt 0.8752 0.3702 0.0000
vt 0.8615 0.3577 0.0000
vt 0.8640 0.3550 0.0000
vt 0.8784 0.3668 0.0000
vt 0.8910 0.3853 0.0000
vt 0.8949 0.3813 0.0000
vt 0.9113 0.3962 0.0000
vt 0.9257 0.4094 0.0000
vt 0.9206 0.4146 0.0000
vt 0.9068 0.4008 0.0000
vt 0.9153 0.4195 0.0000
vt 0.9021 0.4052 0.0000
vt 0.8972 0.4094 0.0000
vt 0.9097 0.4243 0.0000
vt 0.8664 0.3521 0.0000
vt 0.8813 0.3634 0.0000
vt 0.8687 0.3492 0.0000
vt 0.8842 0.3597 0.0000
vt 0.8985 0.3771 0.0000
vt 0.9020 0.3728 0.0000
vt 0.8868 0.3560 0.0000
vt 0.8707 0.3461 0.0000
vt 0.8727 0.3429 0.0000
vt 0.8893 0.3521 0.0000
vt 0.9053 0.3684 0.0000
vt 0.9084 0.3637 0.0000
vt 0.9273 0.3760 0.0000
vt 0.9438 0.3871 0.0000
vt 0.9396 0.3929 0.0000
vt 0.9237 0.3813 0.0000
vt 0.9352 0.3986 0.0000
vt 0.9198 0.3864 0.0000
vt 0.9157 0.3914 0.0000
vt 0.9306 0.4041 0.0000
vt 0.8745 0.3396 0.0000
vt 0.8915 0.3481 0.0000
vt 0.8761 0.3362 0.0000
vt 0.8936 0.3440 0.0000
vt 0.9112 0.3590 0.0000
vt 0.9139 0.3542 0.0000
vt 0.8956 0.3399 0.0000
vt 0.8775 0.3327 0.0000
vt 0.8787 0.3292 0.0000
vt 0.8973 0.3356 0.0000
vt 0.9164 0.3492 0.0000
vt 0.9187 0.3442 0.0000
vt 0.9398 0.3536 0.0000
vt 0.9581 0.3623 0.0000
vt 0.9549 0.3687 0.0000
vt 0.9370 0.3594 0.0000
vt 0.9514 0.3749 0.0000
vt 0.9340 0.3651 0.0000
vt 0.9308 0.3706 0.0000
vt 0.9477 0.3811 0.0000
vt 0.7119 0.2572 0.0000
vt 0.7293 0.2660 0.0000
vt 0.7275 0.2693 0.0000
vt 0.7098 0.2613 0.0000
vt 0.7258 0.2727 0.0000
vt 0.7079 0.2655 0.0000
vt 0.6909 0.2479 0.0000
vt 0.6885 0.2529 0.0000
vt 0.6864 0.2580 0.0000
vt 0.7062 0.2698 0.0000
vt 0.7243 0.2761 0.0000
vt 0.7230 0.2796 0.0000
vt 0.7047 0.2741 0.0000
vt 0.6846 0.2632 0.0000
vt 0.6829 0.2684 0.0000
vt 0.6607 0.2633 0.0000
vt 0.6411 0.2591 0.0000
vt 0.6430 0.2523 0.0000
vt 0.6625 0.2572 0.0000
vt 0.6452 0.2455 0.0000
vt 0.6645 0.2511 0.0000
vt 0.6668 0.2451 0.0000
vt 0.6476 0.2388 0.0000
vt 0.6502 0.2322 0.0000
vt 0.6693 0.2392 0.0000
vt 0.7219 0.2831 0.0000
vt 0.7034 0.2785 0.0000
vt 0.7210 0.2867 0.0000
vt 0.7024 0.2829 0.0000
vt 0.6815 0.2737 0.0000
vt 0.6803 0.2791 0.0000
vt 0.7015 0.2873 0.0000
vt 0.7202 0.2903 0.0000
vt 0.7196 0.2939 0.0000
vt 0.7009 0.2918 0.0000
vt 0.6794 0.2845 0.0000
vt 0.6787 0.2899 0.0000
vt 0.6562 0.2883 0.0000
vt 0.6363 0.2871 0.0000
vt 0.6371 0.2800 0.0000
vt 0.6569 0.2820 0.0000
vt 0.6382 0.2730 0.0000
vt 0.6579 0.2757 0.0000
vt 0.6592 0.2695 0.0000
vt 0.6395 0.2660 0.0000
vt 0.7193 0.2975 0.0000
vt 0.7005 0.2963 0.0000
vt 0.7191 0.3012 0.0000
vt 0.7002 0.3008 0.0000
vt 0.6783 0.2953 0.0000
vt 0.6781 0.3007 0.0000
vt 0.7003 0.3053 0.0000
vt 0.7191 0.3049 0.0000
vt 0.6781 0.3062 0.0000
vt 0.6359 0.3085 0.0000
vt 0.6556 0.3073 0.0000
vt 0.6357 0.3013 0.0000
vt 0.6555 0.3010 0.0000
vt 0.6557 0.2946 0.0000
vt 0.6359 0.2942 0.0000
vt 0.6224 0.3170 0.0000
vt 0.6232 0.3246 0.0000
vt 0.6244 0.3323 0.0000
vt 0.6129 0.3179 0.0000
vt 0.6138 0.3260 0.0000
vt 0.6151 0.3340 0.0000
vt 0.6260 0.3399 0.0000
vt 0.6279 0.3474 0.0000
vt 0.6168 0.3419 0.0000
vt 0.6188 0.3498 0.0000
vt 0.6128 0.3514 0.0000
vt 0.6091 0.3524 0.0000
vt 0.6070 0.3441 0.0000
vt 0.6108 0.3432 0.0000
vt 0.6052 0.3357 0.0000
vt 0.6091 0.3350 0.0000
vt 0.6078 0.3267 0.0000
vt 0.6039 0.3272 0.0000
vt 0.6029 0.3188 0.0000
vt 0.6068 0.3185 0.0000
vt 0.6301 0.3548 0.0000
vt 0.6327 0.3622 0.0000
vt 0.6211 0.3576 0.0000
vt 0.6238 0.3654 0.0000
vt 0.6357 0.3694 0.0000
vt 0.6389 0.3765 0.0000
vt 0.6269 0.3730 0.0000
vt 0.6304 0.3804 0.0000
vt 0.6248 0.3830 0.0000
vt 0.6213 0.3846 0.0000
vt 0.6177 0.3768 0.0000
vt 0.6213 0.3753 0.0000
vt 0.6145 0.3688 0.0000
vt 0.6181 0.3674 0.0000
vt 0.6153 0.3595 0.0000
vt 0.6116 0.3606 0.0000
vt 0.6425 0.3835 0.0000
vt 0.6464 0.3903 0.0000
vt 0.6341 0.3878 0.0000
vt 0.6383 0.3949 0.0000
vt 0.6506 0.3969 0.0000
vt 0.6551 0.4034 0.0000
vt 0.6427 0.4019 0.0000
vt 0.6475 0.4087 0.0000
vt 0.6425 0.4121 0.0000
vt 0.6393 0.4143 0.0000
vt 0.6343 0.4072 0.0000
vt 0.6375 0.4051 0.0000
vt 0.6296 0.3998 0.0000
vt 0.6330 0.3979 0.0000
vt 0.6287 0.3905 0.0000
vt 0.6253 0.3923 0.0000
vt 0.6600 0.4096 0.0000
vt 0.6651 0.4156 0.0000
vt 0.6525 0.4152 0.0000
vt 0.6579 0.4216 0.0000
vt 0.6705 0.4215 0.0000
vt 0.6761 0.4270 0.0000
vt 0.6636 0.4277 0.0000
vt 0.6695 0.4336 0.0000
vt 0.6652 0.4378 0.0000
vt 0.6626 0.4405 0.0000
vt 0.6563 0.4343 0.0000
vt 0.6591 0.4318 0.0000
vt 0.6503 0.4279 0.0000
vt 0.6533 0.4255 0.0000
vt 0.6477 0.4189 0.0000
vt 0.6446 0.4212 0.0000
vt 0.6820 0.4324 0.0000
vt 0.6882 0.4374 0.0000
vt 0.6757 0.4392 0.0000
vt 0.6822 0.4445 0.0000
vt 0.6946 0.4422 0.0000
vt 0.7012 0.4467 0.0000
vt 0.6889 0.4496 0.0000
vt 0.6959 0.4543 0.0000
vt 0.6925 0.4592 0.0000
vt 0.6903 0.4623 0.0000
vt 0.6830 0.4573 0.0000
vt 0.6853 0.4543 0.0000
vt 0.6759 0.4520 0.0000
vt 0.6784 0.4491 0.0000
vt 0.6717 0.4436 0.0000
vt 0.6691 0.4464 0.0000
vt 0.7080 0.4510 0.0000
vt 0.7150 0.4549 0.0000
vt 0.7030 0.4587 0.0000
vt 0.7104 0.4629 0.0000
vt 0.7221 0.4585 0.0000
vt 0.7295 0.4618 0.0000
vt 0.7180 0.4667 0.0000
vt 0.7257 0.4701 0.0000
vt 0.7232 0.4756 0.0000
vt 0.7216 0.4790 0.0000
vt 0.7135 0.4753 0.0000
vt 0.7152 0.4720 0.0000
vt 0.7056 0.4713 0.0000
vt 0.7074 0.4680 0.0000
vt 0.6998 0.4638 0.0000
vt 0.6978 0.4670 0.0000
vt 0.7369 0.4647 0.0000
vt 0.7445 0.4674 0.0000
vt 0.7335 0.4733 0.0000
vt 0.7415 0.4760 0.0000
vt 0.7523 0.4697 0.0000
vt 0.7601 0.4717 0.0000
vt 0.7497 0.4785 0.0000
vt 0.7579 0.4806 0.0000
vt 0.7565 0.4863 0.0000
vt 0.7556 0.4899 0.0000
vt 0.7469 0.4878 0.0000
vt 0.7480 0.4842 0.0000
vt 0.7384 0.4852 0.0000
vt 0.7396 0.4817 0.0000
vt 0.7313 0.4788 0.0000
vt 0.7299 0.4823 0.0000
vt 0.7680 0.4733 0.0000
vt 0.7760 0.4746 0.0000
vt 0.7663 0.4823 0.0000
vt 0.7746 0.4836 0.0000
vt 0.7840 0.4755 0.0000
vt 0.7921 0.4761 0.0000
vt 0.7831 0.4846 0.0000
vt 0.7916 0.4852 0.0000
vt 0.7913 0.4912 0.0000
vt 0.7910 0.4949 0.0000
vt 0.7821 0.4942 0.0000
vt 0.7825 0.4905 0.0000
vt 0.7732 0.4932 0.0000
vt 0.7738 0.4895 0.0000
vt 0.7651 0.4881 0.0000
vt 0.7643 0.4918 0.0000
vt 0.8002 0.4764 0.0000
vt 0.8083 0.4762 0.0000
vt 0.8001 0.4855 0.0000
vt 0.8086 0.4854 0.0000
vt 0.8163 0.4758 0.0000
vt 0.8244 0.4749 0.0000
vt 0.8171 0.4849 0.0000
vt 0.8255 0.4840 0.0000
vt 0.8263 0.4899 0.0000
vt 0.8268 0.4936 0.0000
vt 0.8179 0.4945 0.0000
vt 0.8176 0.4908 0.0000
vt 0.8090 0.4950 0.0000
vt 0.8088 0.4913 0.0000
vt 0.8000 0.4914 0.0000
vt 0.8000 0.4952 0.0000
vt 0.8323 0.4738 0.0000
vt 0.8402 0.4723 0.0000
vt 0.8339 0.4828 0.0000
vt 0.8423 0.4812 0.0000
vt 0.8481 0.4705 0.0000
vt 0.8558 0.4683 0.0000
vt 0.8505 0.4793 0.0000
vt 0.8586 0.4770 0.0000
vt 0.8605 0.4827 0.0000
vt 0.8616 0.4862 0.0000
vt 0.8531 0.4886 0.0000
vt 0.8520 0.4850 0.0000
vt 0.8444 0.4907 0.0000
vt 0.8436 0.4870 0.0000
vt 0.8350 0.4886 0.0000
vt 0.8356 0.4923 0.0000
vt 0.8634 0.4657 0.0000
vt 0.8709 0.4629 0.0000
vt 0.8666 0.4744 0.0000
vt 0.8745 0.4714 0.0000
vt 0.8783 0.4598 0.0000
vt 0.8855 0.4563 0.0000
vt 0.8823 0.4681 0.0000
vt 0.8898 0.4644 0.0000
vt 0.8926 0.4697 0.0000
vt 0.8944 0.4730 0.0000
vt 0.8865 0.4768 0.0000
vt 0.8848 0.4734 0.0000
vt 0.8784 0.4803 0.0000
vt 0.8769 0.4768 0.0000
vt 0.8687 0.4799 0.0000
vt 0.8701 0.4834 0.0000
vt 0.8925 0.4525 0.0000
vt 0.8994 0.4485 0.0000
vt 0.8972 0.4605 0.0000
vt 0.9044 0.4562 0.0000
vt 0.9060 0.4442 0.0000
vt 0.9124 0.4396 0.0000
vt 0.9114 0.4517 0.0000
vt 0.9181 0.4469 0.0000
vt 0.9218 0.4516 0.0000
vt 0.9242 0.4546 0.0000
vt 0.9171 0.4597 0.0000
vt 0.9149 0.4566 0.0000
vt 0.9097 0.4644 0.0000
vt 0.9077 0.4612 0.0000
vt 0.9003 0.4656 0.0000
vt 0.9022 0.4689 0.0000
vt 0.9186 0.4348 0.0000
vt 0.9246 0.4297 0.0000
vt 0.9246 0.4419 0.0000
vt 0.9310 0.4365 0.0000
vt 0.9304 0.4244 0.0000
vt 0.9359 0.4188 0.0000
vt 0.9370 0.4310 0.0000
vt 0.9428 0.4252 0.0000
vt 0.9472 0.4292 0.0000
vt 0.9501 0.4318 0.0000
vt 0.9440 0.4379 0.0000
vt 0.9413 0.4352 0.0000
vt 0.9376 0.4437 0.0000
vt 0.9351 0.4409 0.0000
vt 0.9286 0.4464 0.0000
vt 0.9310 0.4493 0.0000
vt 0.9412 0.4131 0.0000
vt 0.9461 0.4072 0.0000
vt 0.9483 0.4192 0.0000
vt 0.9535 0.4130 0.0000
vt 0.9509 0.4011 0.0000
vt 0.9554 0.3949 0.0000
vt 0.9585 0.4066 0.0000
vt 0.9632 0.4001 0.0000
vt 0.9683 0.4035 0.0000
vt 0.9715 0.4057 0.0000
vt 0.9666 0.4125 0.0000
vt 0.9634 0.4102 0.0000
vt 0.9613 0.4191 0.0000
vt 0.9583 0.4167 0.0000
vt 0.9529 0.4231 0.0000
vt 0.9559 0.4255 0.0000
vt 0.9597 0.3885 0.0000
vt 0.9637 0.3820 0.0000
vt 0.9677 0.3935 0.0000
vt 0.9718 0.3868 0.0000
vt 0.9674 0.3754 0.0000
vt 0.9709 0.3687 0.0000
vt 0.9758 0.3799 0.0000
vt 0.9794 0.3730 0.0000
vt 0.9849 0.3757 0.0000
vt 0.9884 0.3773 0.0000
vt 0.9846 0.3845 0.0000
vt 0.9812 0.3828 0.0000
vt 0.9805 0.3917 0.0000
vt 0.9771 0.3898 0.0000
vt 0.9729 0.3967 0.0000
vt 0.9762 0.3987 0.0000
vt 0.6367 0.2274 0.0000
vt 0.6340 0.2344 0.0000
vt 0.6315 0.2416 0.0000
vt 0.6278 0.2243 0.0000
vt 0.6250 0.2316 0.0000
vt 0.6224 0.2390 0.0000
vt 0.6293 0.2488 0.0000
vt 0.6273 0.2562 0.0000
vt 0.6200 0.2465 0.0000
vt 0.6180 0.2542 0.0000
vt 0.6120 0.2529 0.0000
vt 0.6082 0.2520 0.0000
vt 0.6103 0.2440 0.0000
vt 0.6141 0.2450 0.0000
vt 0.6127 0.2362 0.0000
vt 0.6165 0.2373 0.0000
vt 0.6191 0.2297 0.0000
vt 0.6154 0.2284 0.0000
vt 0.6183 0.2209 0.0000
vt 0.6220 0.2222 0.0000
vt 0.6256 0.2636 0.0000
vt 0.6242 0.2711 0.0000
vt 0.6162 0.2619 0.0000
vt 0.6147 0.2698 0.0000
vt 0.6230 0.2786 0.0000
vt 0.6222 0.2862 0.0000
vt 0.6136 0.2777 0.0000
vt 0.6128 0.2857 0.0000
vt 0.6066 0.2853 0.0000
vt 0.6027 0.2850 0.0000
vt 0.6036 0.2766 0.0000
vt 0.6075 0.2770 0.0000
vt 0.6048 0.2683 0.0000
vt 0.6087 0.2689 0.0000
vt 0.6102 0.2608 0.0000
vt 0.6063 0.2601 0.0000
vt 0.6218 0.2939 0.0000
vt 0.6216 0.3016 0.0000
vt 0.6123 0.2937 0.0000
vt 0.6121 0.3017 0.0000
vt 0.6218 0.3093 0.0000
vt 0.6123 0.3098 0.0000
vt 0.6024 0.3104 0.0000
vt 0.6062 0.3101 0.0000
vt 0.6021 0.3019 0.0000
vt 0.6060 0.3018 0.0000
vt 0.6061 0.2935 0.0000
vt 0.6022 0.2934 0.0000
vt 0.5998 0.3191 0.0000
vt 0.6008 0.3277 0.0000
vt 0.6021 0.3363 0.0000
vt 0.0733 0.4537 0.0000
vt 0.0709 0.4520 0.0000
vt 0.0760 0.4449 0.0000
vt 0.0785 0.4465 0.0000
vt 0.0812 0.4377 0.0000
vt 0.0836 0.4394 0.0000
vt 0.6039 0.3447 0.0000
vt 0.6060 0.3532 0.0000
vt 0.0887 0.4322 0.0000
vt 0.0862 0.4306 0.0000
vt 0.0913 0.4234 0.0000
vt 0.0938 0.4250 0.0000
vt 0.0961 0.4266 0.0000
vt 0.0980 0.4279 0.0000
vt 0.0929 0.4351 0.0000
vt 0.0910 0.4338 0.0000
vt 0.0878 0.4423 0.0000
vt 0.0859 0.4410 0.0000
vt 0.0808 0.4481 0.0000
vt 0.0827 0.4494 0.0000
vt 0.0775 0.4566 0.0000
vt 0.0756 0.4553 0.0000
vt 0.6086 0.3616 0.0000
vt 0.6115 0.3698 0.0000
vt 0.0964 0.4162 0.0000
vt 0.0988 0.4178 0.0000
vt 0.1014 0.4090 0.0000
vt 0.1039 0.4106 0.0000
vt 0.6148 0.3779 0.0000
vt 0.6185 0.3859 0.0000
vt 0.1089 0.4034 0.0000
vt 0.1064 0.4018 0.0000
vt 0.1114 0.3945 0.0000
vt 0.1139 0.3962 0.0000
vt 0.1163 0.3977 0.0000
vt 0.1182 0.3989 0.0000
vt 0.1132 0.4062 0.0000
vt 0.1112 0.4049 0.0000
vt 0.1081 0.4135 0.0000
vt 0.1062 0.4121 0.0000
vt 0.1011 0.4194 0.0000
vt 0.1031 0.4207 0.0000
vt 0.6225 0.3937 0.0000
vt 0.6269 0.4013 0.0000
vt 0.1164 0.3873 0.0000
vt 0.1189 0.3889 0.0000
vt 0.1214 0.3801 0.0000
vt 0.1239 0.3816 0.0000
vt 0.6316 0.4088 0.0000
vt 0.6367 0.4161 0.0000
vt 0.1289 0.3744 0.0000
vt 0.1264 0.3728 0.0000
vt 0.1313 0.3655 0.0000
vt 0.1338 0.3671 0.0000
vt 0.1362 0.3686 0.0000
vt 0.1381 0.3698 0.0000
vt 0.1332 0.3771 0.0000
vt 0.1312 0.3758 0.0000
vt 0.1262 0.3831 0.0000
vt 0.1282 0.3844 0.0000
vt 0.1212 0.3904 0.0000
vt 0.1232 0.3917 0.0000
vt 0.6422 0.4231 0.0000
vt 0.6479 0.4299 0.0000
vt 0.1362 0.3582 0.0000
vt 0.1387 0.3598 0.0000
vt 0.1411 0.3508 0.0000
vt 0.1437 0.3524 0.0000
vt 0.6540 0.4364 0.0000
vt 0.6603 0.4427 0.0000
vt 0.1486 0.3451 0.0000
vt 0.1461 0.3435 0.0000
vt 0.1510 0.3362 0.0000
vt 0.1535 0.3378 0.0000
vt 0.1558 0.3392 0.0000
vt 0.1578 0.3404 0.0000
vt 0.1529 0.3478 0.0000
vt 0.1509 0.3466 0.0000
vt 0.1480 0.3552 0.0000
vt 0.1460 0.3539 0.0000
vt 0.1411 0.3612 0.0000
vt 0.1431 0.3625 0.0000
vt 0.6670 0.4487 0.0000
vt 0.6739 0.4543 0.0000
vt 0.1558 0.3288 0.0000
vt 0.1584 0.3304 0.0000
vt 0.1608 0.3215 0.0000
vt 0.1633 0.3230 0.0000
vt 0.6811 0.4598 0.0000
vt 0.6885 0.4648 0.0000
vt 0.1682 0.3156 0.0000
vt 0.1656 0.3141 0.0000
vt 0.1705 0.3067 0.0000
vt 0.1730 0.3083 0.0000
vt 0.1754 0.3097 0.0000
vt 0.1773 0.3110 0.0000
vt 0.1725 0.3183 0.0000
vt 0.1705 0.3171 0.0000
vt 0.1676 0.3257 0.0000
vt 0.1656 0.3245 0.0000
vt 0.1607 0.3319 0.0000
vt 0.1627 0.3331 0.0000
vt 0.6962 0.4696 0.0000
vt 0.7040 0.4740 0.0000
vt 0.1753 0.2994 0.0000
vt 0.1779 0.3009 0.0000
vt 0.1802 0.2920 0.0000
vt 0.1827 0.2935 0.0000
vt 0.7121 0.4781 0.0000
vt 0.7204 0.4818 0.0000
vt 0.1875 0.2861 0.0000
vt 0.1850 0.2846 0.0000
vt 0.1898 0.2772 0.0000
vt 0.1924 0.2787 0.0000
vt 0.1947 0.2802 0.0000
vt 0.1967 0.2814 0.0000
vt 0.1919 0.2888 0.0000
vt 0.1899 0.2876 0.0000
vt 0.1871 0.2962 0.0000
vt 0.1851 0.2950 0.0000
vt 0.1802 0.3023 0.0000
vt 0.1822 0.3036 0.0000
vt 0.7288 0.4851 0.0000
vt 0.7374 0.4881 0.0000
vt 0.1946 0.2698 0.0000
vt 0.1972 0.2714 0.0000
vt 0.1994 0.2624 0.0000
vt 0.2019 0.2639 0.0000
vt 0.7461 0.4907 0.0000
vt 0.7548 0.4929 0.0000
vt 0.2067 0.2565 0.0000
vt 0.2042 0.2550 0.0000
vt 0.2089 0.2476 0.0000
vt 0.2114 0.2491 0.0000
vt 0.2139 0.2505 0.0000
vt 0.2159 0.2517 0.0000
vt 0.2111 0.2592 0.0000
vt 0.2091 0.2579 0.0000
vt 0.2063 0.2666 0.0000
vt 0.2043 0.2654 0.0000
vt 0.1995 0.2728 0.0000
vt 0.2015 0.2740 0.0000
vt 0.7638 0.4948 0.0000
vt 0.7727 0.4962 0.0000
vt 0.2136 0.2402 0.0000
vt 0.2162 0.2417 0.0000
vt 0.2183 0.2328 0.0000
vt 0.2209 0.2343 0.0000
vt 0.7818 0.4973 0.0000
vt 0.7909 0.4980 0.0000
vt 0.2256 0.2268 0.0000
vt 0.2230 0.2253 0.0000
vt 0.2277 0.2178 0.0000
vt 0.2303 0.2193 0.0000
vt 0.2327 0.2207 0.0000
vt 0.2347 0.2219 0.0000
vt 0.2300 0.2294 0.0000
vt 0.2280 0.2282 0.0000
vt 0.2253 0.2368 0.0000
vt 0.2233 0.2357 0.0000
vt 0.2186 0.2431 0.0000
vt 0.2206 0.2443 0.0000
vt 0.8000 0.4982 0.0000
vt 0.8091 0.4981 0.0000
vt 0.2324 0.2104 0.0000
vt 0.2350 0.2119 0.0000
vt 0.2370 0.2029 0.0000
vt 0.2396 0.2044 0.0000
vt 0.8181 0.4975 0.0000
vt 0.8272 0.4966 0.0000
vt 0.2442 0.1969 0.0000
vt 0.2416 0.1954 0.0000
vt 0.2463 0.1879 0.0000
vt 0.2489 0.1894 0.0000
vt 0.2513 0.1908 0.0000
vt 0.2533 0.1919 0.0000
vt 0.2487 0.1994 0.0000
vt 0.2467 0.1983 0.0000
vt 0.2440 0.2069 0.0000
vt 0.2420 0.2057 0.0000
vt 0.2373 0.2132 0.0000
vt 0.2394 0.2144 0.0000
vt 0.8362 0.4953 0.0000
vt 0.8451 0.4936 0.0000
vt 0.2509 0.1804 0.0000
vt 0.2535 0.1819 0.0000
vt 0.2556 0.1729 0.0000
vt 0.2581 0.1744 0.0000
vt 0.8539 0.4916 0.0000
vt 0.8626 0.4891 0.0000
vt 0.2627 0.1669 0.0000
vt 0.2601 0.1654 0.0000
vt 0.2647 0.1579 0.0000
vt 0.2673 0.1594 0.0000
vt 0.2697 0.1607 0.0000
vt 0.2718 0.1618 0.0000
vt 0.2672 0.1694 0.0000
vt 0.2651 0.1682 0.0000
vt 0.2626 0.1769 0.0000
vt 0.2605 0.1758 0.0000
vt 0.2559 0.1832 0.0000
vt 0.2580 0.1844 0.0000
vt 0.8712 0.4863 0.0000
vt 0.8796 0.4831 0.0000
vt 0.2693 0.1504 0.0000
vt 0.2719 0.1518 0.0000
vt 0.2738 0.1429 0.0000
vt 0.2764 0.1443 0.0000
vt 0.8878 0.4796 0.0000
vt 0.8959 0.4757 0.0000
vt 0.2809 0.1368 0.0000
vt 0.2783 0.1354 0.0000
vt 0.2828 0.1278 0.0000
vt 0.2854 0.1293 0.0000
vt 0.2878 0.1306 0.0000
vt 0.2899 0.1317 0.0000
vt 0.2854 0.1392 0.0000
vt 0.2833 0.1381 0.0000
vt 0.2809 0.1468 0.0000
vt 0.2788 0.1457 0.0000
vt 0.2743 0.1532 0.0000
vt 0.2763 0.1543 0.0000
vt 0.9038 0.4715 0.0000
vt 0.9114 0.4670 0.0000
vt 0.2872 0.1203 0.0000
vt 0.2898 0.1217 0.0000
vt 0.2916 0.1128 0.0000
vt 0.2943 0.1142 0.0000
vt 0.9189 0.4622 0.0000
vt 0.9261 0.4570 0.0000
vt 0.2987 0.1066 0.0000
vt 0.2960 0.1052 0.0000
vt 0.3004 0.0977 0.0000
vt 0.3030 0.0990 0.0000
vt 0.3055 0.1003 0.0000
vt 0.3076 0.1014 0.0000
vt 0.3032 0.1090 0.0000
vt 0.3011 0.1079 0.0000
vt 0.2967 0.1155 0.0000
vt 0.2988 0.1166 0.0000
vt 0.2923 0.1230 0.0000
vt 0.2944 0.1241 0.0000
vt 0.9330 0.4516 0.0000
vt 0.9398 0.4460 0.0000
vt 0.3047 0.0901 0.0000
vt 0.3074 0.0914 0.0000
vt 0.3090 0.0825 0.0000
vt 0.3117 0.0838 0.0000
vt 0.9462 0.4400 0.0000
vt 0.9524 0.4339 0.0000
vt 0.3160 0.0762 0.0000
vt 0.3133 0.0749 0.0000
vt 0.3175 0.0673 0.0000
vt 0.3202 0.0686 0.0000
vt 0.3227 0.0698 0.0000
vt 0.3248 0.0708 0.0000
vt 0.3205 0.0785 0.0000
vt 0.3184 0.0774 0.0000
vt 0.3162 0.0861 0.0000
vt 0.3142 0.0851 0.0000
vt 0.3098 0.0927 0.0000
vt 0.3119 0.0938 0.0000
vt 0.9582 0.4275 0.0000
vt 0.9638 0.4210 0.0000
vt 0.3216 0.0596 0.0000
vt 0.3243 0.0609 0.0000
vt 0.3258 0.0520 0.0000
vt 0.3284 0.0533 0.0000
vt 0.9691 0.4142 0.0000
vt 0.9741 0.4074 0.0000
vt 0.3325 0.0456 0.0000
vt 0.3298 0.0443 0.0000
vt 0.3337 0.0367 0.0000
vt 0.3364 0.0378 0.0000
vt 0.3389 0.0390 0.0000
vt 0.3411 0.0399 0.0000
vt 0.3372 0.0477 0.0000
vt 0.3350 0.0467 0.0000
vt 0.3331 0.0554 0.0000
vt 0.3310 0.0544 0.0000
vt 0.3268 0.0621 0.0000
vt 0.3290 0.0632 0.0000
vt 0.9788 0.4003 0.0000
vt 0.9833 0.3932 0.0000
vt 0.3375 0.0290 0.0000
vt 0.3402 0.0301 0.0000
vt 0.3411 0.0213 0.0000
vt 0.3439 0.0223 0.0000
vt 0.9874 0.3859 0.0000
vt 0.9912 0.3786 0.0000
vt 0.3472 0.0144 0.0000
vt 0.3444 0.0135 0.0000
vt 0.3472 0.0057 0.0000
vt 0.3501 0.0064 0.0000
vt 0.3529 0.0072 0.0000
vt 0.3552 0.0078 0.0000
vt 0.3521 0.0161 0.0000
vt 0.3499 0.0153 0.0000
vt 0.3487 0.0241 0.0000
vt 0.3465 0.0233 0.0000
vt 0.3428 0.0312 0.0000
vt 0.3450 0.0320 0.0000
vt 0.6155 0.2197 0.0000
vt 0.6124 0.2274 0.0000
vt 0.6097 0.2353 0.0000
vt 0.0079 0.5351 0.0000
vt 0.0059 0.5329 0.0000
vt 0.0119 0.5271 0.0000
vt 0.0141 0.5292 0.0000
vt 0.0177 0.5208 0.0000
vt 0.0199 0.5228 0.0000
vt 0.6073 0.2432 0.0000
vt 0.6051 0.2513 0.0000
vt 0.0256 0.5162 0.0000
vt 0.0233 0.5143 0.0000
vt 0.0288 0.5077 0.0000
vt 0.0311 0.5095 0.0000
vt 0.0333 0.5112 0.0000
vt 0.0351 0.5127 0.0000
vt 0.0295 0.5195 0.0000
vt 0.0277 0.5180 0.0000
vt 0.0238 0.5261 0.0000
vt 0.0220 0.5246 0.0000
vt 0.0161 0.5311 0.0000
vt 0.0178 0.5327 0.0000
vt 0.0114 0.5389 0.0000
vt 0.0098 0.5372 0.0000
vt 0.6033 0.2595 0.0000
vt 0.6017 0.2679 0.0000
vt 0.0342 0.5009 0.0000
vt 0.0366 0.5027 0.0000
vt 0.0396 0.4941 0.0000
vt 0.0419 0.4959 0.0000
vt 0.6005 0.2763 0.0000
vt 0.5996 0.2848 0.0000
vt 0.0472 0.4890 0.0000
vt 0.0448 0.4872 0.0000
vt 0.0501 0.4802 0.0000
vt 0.0525 0.4820 0.0000
vt 0.0548 0.4836 0.0000
vt 0.0566 0.4850 0.0000
vt 0.0514 0.4920 0.0000
vt 0.0495 0.4906 0.0000
vt 0.0460 0.4989 0.0000
vt 0.0441 0.4976 0.0000
vt 0.0388 0.5044 0.0000
vt 0.0406 0.5059 0.0000
vt 0.5991 0.2933 0.0000
vt 0.5989 0.3019 0.0000
vt 0.0554 0.4732 0.0000
vt 0.0578 0.4749 0.0000
vt 0.0606 0.4662 0.0000
vt 0.0630 0.4679 0.0000
vt 0.5992 0.3105 0.0000
vt 0.0681 0.4608 0.0000
vt 0.0657 0.4591 0.0000
vt 0.0724 0.4637 0.0000
vt 0.0704 0.4624 0.0000
vt 0.0671 0.4708 0.0000
vt 0.0652 0.4695 0.0000
vt 0.0600 0.4766 0.0000
vt 0.0619 0.4779 0.0000
vt 0.0790 0.4576 0.0000
vt 0.0841 0.4505 0.0000
vt 0.0893 0.4433 0.0000
vt 0.0842 0.4612 0.0000
vt 0.0893 0.4540 0.0000
vt 0.0945 0.4468 0.0000
vt 0.0995 0.4289 0.0000
vt 0.0944 0.4361 0.0000
vt 0.0996 0.4396 0.0000
vt 0.1047 0.4324 0.0000
vt 0.1178 0.4411 0.0000
vt 0.1426 0.4577 0.0000
vt 0.1374 0.4650 0.0000
vt 0.1127 0.4484 0.0000
vt 0.1321 0.4723 0.0000
vt 0.1075 0.4557 0.0000
vt 0.1023 0.4629 0.0000
vt 0.1269 0.4797 0.0000
vt 0.1216 0.4870 0.0000
vt 0.0971 0.4701 0.0000
vt 0.1046 0.4217 0.0000
vt 0.1096 0.4144 0.0000
vt 0.1098 0.4252 0.0000
vt 0.1149 0.4179 0.0000
vt 0.1147 0.4072 0.0000
vt 0.1197 0.3999 0.0000
vt 0.1200 0.4106 0.0000
vt 0.1250 0.4033 0.0000
vt 0.1382 0.4120 0.0000
vt 0.1631 0.4282 0.0000
vt 0.1580 0.4356 0.0000
vt 0.1331 0.4193 0.0000
vt 0.1529 0.4429 0.0000
vt 0.1280 0.4266 0.0000
vt 0.1229 0.4338 0.0000
vt 0.1478 0.4503 0.0000
vt 0.1247 0.3927 0.0000
vt 0.1297 0.3854 0.0000
vt 0.1300 0.3961 0.0000
vt 0.1350 0.3888 0.0000
vt 0.1347 0.3781 0.0000
vt 0.1396 0.3707 0.0000
vt 0.1400 0.3815 0.0000
vt 0.1450 0.3741 0.0000
vt 0.1583 0.3826 0.0000
vt 0.1834 0.3986 0.0000
vt 0.1784 0.4060 0.0000
vt 0.1533 0.3899 0.0000
vt 0.1733 0.4134 0.0000
vt 0.1483 0.3973 0.0000
vt 0.1432 0.4046 0.0000
vt 0.1682 0.4208 0.0000
vt 0.1446 0.3634 0.0000
vt 0.1495 0.3561 0.0000
vt 0.1499 0.3668 0.0000
vt 0.1549 0.3594 0.0000
vt 0.1545 0.3487 0.0000
vt 0.1594 0.3414 0.0000
vt 0.1598 0.3521 0.0000
vt 0.1647 0.3447 0.0000
vt 0.1781 0.3531 0.0000
vt 0.2034 0.3689 0.0000
vt 0.1984 0.3763 0.0000
vt 0.1732 0.3605 0.0000
vt 0.1934 0.3838 0.0000
vt 0.1682 0.3678 0.0000
vt 0.1632 0.3752 0.0000
vt 0.1884 0.3912 0.0000
vt 0.1642 0.3341 0.0000
vt 0.1691 0.3267 0.0000
vt 0.1696 0.3374 0.0000
vt 0.1745 0.3300 0.0000
vt 0.1740 0.3193 0.0000
vt 0.1789 0.3119 0.0000
vt 0.1794 0.3226 0.0000
vt 0.1843 0.3152 0.0000
vt 0.1977 0.3235 0.0000
vt 0.2232 0.3391 0.0000
vt 0.2183 0.3465 0.0000
vt 0.1928 0.3309 0.0000
vt 0.2133 0.3540 0.0000
vt 0.1879 0.3383 0.0000
vt 0.1830 0.3457 0.0000
vt 0.2084 0.3615 0.0000
vt 0.1838 0.3045 0.0000
vt 0.1886 0.2971 0.0000
vt 0.1891 0.3078 0.0000
vt 0.1940 0.3004 0.0000
vt 0.1935 0.2897 0.0000
vt 0.1983 0.2823 0.0000
vt 0.1988 0.2930 0.0000
vt 0.2037 0.2856 0.0000
vt 0.2172 0.2937 0.0000
vt 0.2428 0.3091 0.0000
vt 0.2379 0.3166 0.0000
vt 0.2123 0.3012 0.0000
vt 0.2330 0.3241 0.0000
vt 0.2075 0.3086 0.0000
vt 0.2026 0.3160 0.0000
vt 0.2281 0.3316 0.0000
vt 0.2031 0.2749 0.0000
vt 0.2079 0.2675 0.0000
vt 0.2085 0.2782 0.0000
vt 0.2133 0.2707 0.0000
vt 0.2127 0.2601 0.0000
vt 0.2174 0.2526 0.0000
vt 0.2181 0.2633 0.0000
vt 0.2228 0.2559 0.0000
vt 0.2364 0.2638 0.0000
vt 0.2621 0.2790 0.0000
vt 0.2573 0.2866 0.0000
vt 0.2316 0.2713 0.0000
vt 0.2525 0.2941 0.0000
vt 0.2268 0.2788 0.0000
vt 0.2220 0.2863 0.0000
vt 0.2476 0.3016 0.0000
vt 0.2221 0.2452 0.0000
vt 0.2269 0.2377 0.0000
vt 0.2276 0.2484 0.0000
vt 0.2323 0.2409 0.0000
vt 0.2316 0.2303 0.0000
vt 0.2363 0.2228 0.0000
vt 0.2370 0.2334 0.0000
vt 0.2417 0.2259 0.0000
vt 0.2554 0.2338 0.0000
vt 0.2812 0.2488 0.0000
vt 0.2765 0.2564 0.0000
vt 0.2507 0.2414 0.0000
vt 0.2717 0.2640 0.0000
vt 0.2459 0.2489 0.0000
vt 0.2412 0.2564 0.0000
vt 0.2669 0.2715 0.0000
vt 0.2410 0.2153 0.0000
vt 0.2456 0.2078 0.0000
vt 0.2464 0.2185 0.0000
vt 0.2511 0.2109 0.0000
vt 0.2503 0.2003 0.0000
vt 0.2549 0.1928 0.0000
vt 0.2557 0.2034 0.0000
vt 0.2604 0.1959 0.0000
vt 0.2741 0.2037 0.0000
vt 0.3001 0.2185 0.0000
vt 0.2954 0.2261 0.0000
vt 0.2695 0.2112 0.0000
vt 0.2907 0.2337 0.0000
vt 0.2648 0.2188 0.0000
vt 0.2601 0.2263 0.0000
vt 0.2860 0.2412 0.0000
vt 0.2595 0.1853 0.0000
vt 0.2642 0.1778 0.0000
vt 0.2650 0.1884 0.0000
vt 0.2697 0.1809 0.0000
vt 0.2733 0.1628 0.0000
vt 0.2688 0.1703 0.0000
vt 0.2743 0.1733 0.0000
vt 0.2789 0.1658 0.0000
vt 0.2927 0.1735 0.0000
vt 0.3188 0.1879 0.0000
vt 0.3142 0.1956 0.0000
vt 0.2880 0.1810 0.0000
vt 0.3095 0.2032 0.0000
vt 0.2834 0.1886 0.0000
vt 0.2788 0.1962 0.0000
vt 0.3048 0.2109 0.0000
vt 0.2779 0.1552 0.0000
vt 0.2825 0.1477 0.0000
vt 0.2834 0.1583 0.0000
vt 0.2880 0.1507 0.0000
vt 0.2870 0.1401 0.0000
vt 0.2915 0.1325 0.0000
vt 0.2925 0.1431 0.0000
vt 0.2970 0.1355 0.0000
vt 0.3109 0.1430 0.0000
vt 0.3372 0.1572 0.0000
vt 0.3326 0.1649 0.0000
vt 0.3064 0.1507 0.0000
vt 0.3280 0.1726 0.0000
vt 0.3018 0.1583 0.0000
vt 0.2973 0.1659 0.0000
vt 0.3234 0.1803 0.0000
vt 0.2960 0.1250 0.0000
vt 0.3004 0.1174 0.0000
vt 0.3015 0.1280 0.0000
vt 0.3060 0.1203 0.0000
vt 0.3048 0.1098 0.0000
vt 0.3092 0.1022 0.0000
vt 0.3104 0.1127 0.0000
vt 0.3148 0.1051 0.0000
vt 0.3288 0.1123 0.0000
vt 0.3553 0.1262 0.0000
vt 0.3508 0.1339 0.0000
vt 0.3244 0.1200 0.0000
vt 0.3463 0.1417 0.0000
vt 0.3199 0.1277 0.0000
vt 0.3154 0.1354 0.0000
vt 0.3418 0.1495 0.0000
vt 0.3136 0.0946 0.0000
vt 0.3179 0.0869 0.0000
vt 0.3192 0.0974 0.0000
vt 0.3235 0.0898 0.0000
vt 0.3222 0.0793 0.0000
vt 0.3264 0.0716 0.0000
vt 0.3278 0.0821 0.0000
vt 0.3321 0.0744 0.0000
vt 0.3462 0.0813 0.0000
vt 0.3729 0.0947 0.0000
vt 0.3686 0.1026 0.0000
vt 0.3419 0.0891 0.0000
vt 0.3642 0.1105 0.0000
vt 0.3376 0.0969 0.0000
vt 0.3332 0.1046 0.0000
vt 0.3597 0.1184 0.0000
vt 0.3306 0.0639 0.0000
vt 0.3347 0.0562 0.0000
vt 0.3363 0.0666 0.0000
vt 0.3404 0.0589 0.0000
vt 0.3388 0.0484 0.0000
vt 0.3428 0.0406 0.0000
vt 0.3445 0.0510 0.0000
vt 0.3486 0.0432 0.0000
vt 0.3629 0.0497 0.0000
vt 0.3901 0.0628 0.0000
vt 0.3859 0.0708 0.0000
vt 0.3589 0.0577 0.0000
vt 0.3816 0.0789 0.0000
vt 0.3547 0.0656 0.0000
vt 0.3505 0.0735 0.0000
vt 0.3773 0.0868 0.0000
vt 0.3466 0.0328 0.0000
vt 0.3503 0.0248 0.0000
vt 0.3525 0.0352 0.0000
vt 0.3562 0.0272 0.0000
vt 0.3539 0.0167 0.0000
vt 0.3570 0.0084 0.0000
vt 0.3599 0.0190 0.0000
vt 0.3633 0.0106 0.0000
vt 0.3786 0.0170 0.0000
vt 0.4068 0.0306 0.0000
vt 0.4026 0.0386 0.0000
vt 0.3748 0.0253 0.0000
vt 0.3984 0.0467 0.0000
vt 0.3709 0.0335 0.0000
vt 0.3670 0.0416 0.0000
vt 0.3943 0.0548 0.0000
vt 0.0127 0.5403 0.0000
vt 0.0191 0.5339 0.0000
vt 0.0251 0.5273 0.0000
vt 0.0175 0.5448 0.0000
vt 0.0238 0.5381 0.0000
vt 0.0299 0.5314 0.0000
vt 0.0309 0.5206 0.0000
vt 0.0365 0.5138 0.0000
vt 0.0357 0.5246 0.0000
vt 0.0414 0.5177 0.0000
vt 0.0538 0.5273 0.0000
vt 0.0780 0.5450 0.0000
vt 0.0723 0.5522 0.0000
vt 0.0480 0.5344 0.0000
vt 0.0666 0.5594 0.0000
vt 0.0422 0.5414 0.0000
vt 0.0362 0.5483 0.0000
vt 0.0609 0.5666 0.0000
vt 0.0552 0.5738 0.0000
vt 0.0303 0.5552 0.0000
vt 0.0420 0.5070 0.0000
vt 0.0474 0.5000 0.0000
vt 0.0470 0.5108 0.0000
vt 0.0524 0.5038 0.0000
vt 0.0528 0.4930 0.0000
vt 0.0581 0.4860 0.0000
vt 0.0578 0.4968 0.0000
vt 0.0632 0.4897 0.0000
vt 0.0759 0.4989 0.0000
vt 0.1001 0.5161 0.0000
vt 0.0946 0.5234 0.0000
vt 0.0705 0.5061 0.0000
vt 0.0891 0.5306 0.0000
vt 0.0650 0.5132 0.0000
vt 0.0594 0.5203 0.0000
vt 0.0836 0.5378 0.0000
vt 0.0634 0.4789 0.0000
vt 0.0686 0.4719 0.0000
vt 0.0685 0.4826 0.0000
vt 0.0737 0.4755 0.0000
vt 0.0738 0.4647 0.0000
vt 0.0790 0.4683 0.0000
vt 0.1163 0.4942 0.0000
vt 0.0918 0.4773 0.0000
vt 0.1109 0.5015 0.0000
vt 0.0866 0.4845 0.0000
vt 0.0813 0.4917 0.0000
vt 0.1056 0.5088 0.0000
vt 0.7219 0.8661 0.0000
vt 0.7125 0.8667 0.0000
vt 0.7121 0.8603 0.0000
vt 0.7215 0.8597 0.0000
vt 0.7116 0.8529 0.0000
vt 0.7209 0.8523 0.0000
vt 0.7313 0.8655 0.0000
vt 0.7308 0.8591 0.0000
vt 0.7303 0.8516 0.0000
vt 0.7204 0.8448 0.0000
vt 0.7111 0.8454 0.0000
vt 0.7106 0.8390 0.0000
vt 0.7199 0.8384 0.0000
vt 0.7297 0.8442 0.0000
vt 0.7292 0.8378 0.0000
vt 0.7386 0.8372 0.0000
vt 0.7479 0.8365 0.0000
vt 0.7484 0.8429 0.0000
vt 0.7390 0.8436 0.0000
vt 0.7489 0.8503 0.0000
vt 0.7396 0.8510 0.0000
vt 0.7402 0.8585 0.0000
vt 0.7495 0.8578 0.0000
vt 0.7500 0.8642 0.0000
vt 0.7406 0.8648 0.0000
vt 0.6844 0.8684 0.0000
vt 0.6751 0.8690 0.0000
vt 0.6747 0.8626 0.0000
vt 0.6840 0.8621 0.0000
vt 0.6742 0.8551 0.0000
vt 0.6836 0.8546 0.0000
vt 0.6938 0.8679 0.0000
vt 0.6934 0.8615 0.0000
vt 0.6929 0.8540 0.0000
vt 0.6831 0.8472 0.0000
vt 0.6738 0.8477 0.0000
vt 0.6734 0.8413 0.0000
vt 0.6827 0.8408 0.0000
vt 0.6924 0.8466 0.0000
vt 0.6920 0.8402 0.0000
vt 0.7013 0.8396 0.0000
vt 0.7017 0.8460 0.0000
vt 0.7022 0.8535 0.0000
vt 0.7027 0.8609 0.0000
vt 0.7031 0.8673 0.0000
vt 0.6469 0.8705 0.0000
vt 0.6376 0.8710 0.0000
vt 0.6372 0.8646 0.0000
vt 0.6466 0.8641 0.0000
vt 0.6368 0.8571 0.0000
vt 0.6461 0.8567 0.0000
vt 0.6563 0.8700 0.0000
vt 0.6559 0.8636 0.0000
vt 0.6555 0.8562 0.0000
vt 0.6457 0.8492 0.0000
vt 0.6364 0.8497 0.0000
vt 0.6361 0.8433 0.0000
vt 0.6454 0.8428 0.0000
vt 0.6551 0.8488 0.0000
vt 0.6547 0.8424 0.0000
vt 0.6640 0.8418 0.0000
vt 0.6644 0.8482 0.0000
vt 0.6649 0.8557 0.0000
vt 0.6653 0.8631 0.0000
vt 0.6657 0.8695 0.0000
vt 0.6094 0.8723 0.0000
vt 0.6001 0.8727 0.0000
vt 0.5998 0.8664 0.0000
vt 0.6091 0.8659 0.0000
vt 0.5994 0.8589 0.0000
vt 0.6088 0.8585 0.0000
vt 0.6188 0.8719 0.0000
vt 0.6185 0.8655 0.0000
vt 0.6181 0.8580 0.0000
vt 0.6084 0.8510 0.0000
vt 0.5991 0.8515 0.0000
vt 0.5988 0.8450 0.0000
vt 0.6081 0.8446 0.0000
vt 0.6177 0.8506 0.0000
vt 0.6174 0.8442 0.0000
vt 0.6268 0.8438 0.0000
vt 0.6271 0.8502 0.0000
vt 0.6275 0.8576 0.0000
vt 0.6279 0.8651 0.0000
vt 0.6282 0.8714 0.0000
vt 0.5719 0.8739 0.0000
vt 0.5626 0.8742 0.0000
vt 0.5623 0.8679 0.0000
vt 0.5717 0.8675 0.0000
vt 0.5620 0.8604 0.0000
vt 0.5713 0.8600 0.0000
vt 0.5813 0.8735 0.0000
vt 0.5810 0.8671 0.0000
vt 0.5807 0.8597 0.0000
vt 0.5710 0.8526 0.0000
vt 0.5617 0.8529 0.0000
vt 0.5615 0.8465 0.0000
vt 0.5708 0.8462 0.0000
vt 0.5804 0.8522 0.0000
vt 0.5801 0.8458 0.0000
vt 0.5895 0.8454 0.0000
vt 0.5898 0.8518 0.0000
vt 0.5901 0.8593 0.0000
vt 0.5904 0.8668 0.0000
vt 0.5907 0.8731 0.0000
vt 0.5344 0.8752 0.0000
vt 0.5250 0.8755 0.0000
vt 0.5248 0.8691 0.0000
vt 0.5342 0.8688 0.0000
vt 0.5246 0.8616 0.0000
vt 0.5339 0.8613 0.0000
vt 0.5438 0.8749 0.0000
vt 0.5436 0.8685 0.0000
vt 0.5433 0.8610 0.0000
vt 0.5337 0.8539 0.0000
vt 0.5243 0.8542 0.0000
vt 0.5241 0.8478 0.0000
vt 0.5335 0.8475 0.0000
vt 0.5430 0.8536 0.0000
vt 0.5428 0.8472 0.0000
vt 0.5521 0.8469 0.0000
vt 0.5524 0.8533 0.0000
vt 0.5527 0.8607 0.0000
vt 0.5530 0.8682 0.0000
vt 0.5532 0.8746 0.0000
vt 0.4969 0.8762 0.0000
vt 0.4875 0.8765 0.0000
vt 0.4873 0.8701 0.0000
vt 0.4967 0.8699 0.0000
vt 0.4871 0.8626 0.0000
vt 0.4965 0.8624 0.0000
vt 0.5063 0.8760 0.0000
vt 0.5061 0.8696 0.0000
vt 0.5059 0.8622 0.0000
vt 0.4963 0.8550 0.0000
vt 0.4870 0.8552 0.0000
vt 0.4868 0.8488 0.0000
vt 0.4962 0.8485 0.0000
vt 0.5057 0.8547 0.0000
vt 0.5055 0.8483 0.0000
vt 0.5148 0.8481 0.0000
vt 0.5150 0.8545 0.0000
vt 0.5153 0.8619 0.0000
vt 0.5155 0.8694 0.0000
vt 0.5157 0.8757 0.0000
vt 0.4594 0.8770 0.0000
vt 0.4500 0.8772 0.0000
vt 0.4498 0.8708 0.0000
vt 0.4592 0.8707 0.0000
vt 0.4497 0.8633 0.0000
vt 0.4591 0.8632 0.0000
vt 0.4687 0.8769 0.0000
vt 0.4686 0.8705 0.0000
vt 0.4685 0.8630 0.0000
vt 0.4590 0.8557 0.0000
vt 0.4496 0.8559 0.0000
vt 0.4495 0.8495 0.0000
vt 0.4588 0.8493 0.0000
vt 0.4683 0.8556 0.0000
vt 0.4682 0.8492 0.0000
vt 0.4775 0.8490 0.0000
vt 0.4776 0.8554 0.0000
vt 0.4778 0.8628 0.0000
vt 0.4780 0.8703 0.0000
vt 0.4781 0.8767 0.0000
vt 0.4218 0.8776 0.0000
vt 0.4124 0.8776 0.0000
vt 0.4124 0.8713 0.0000
vt 0.4217 0.8712 0.0000
vt 0.4123 0.8638 0.0000
vt 0.4216 0.8637 0.0000
vt 0.4312 0.8774 0.0000
vt 0.4311 0.8711 0.0000
vt 0.4310 0.8636 0.0000
vt 0.4215 0.8563 0.0000
vt 0.4122 0.8563 0.0000
vt 0.4122 0.8499 0.0000
vt 0.4215 0.8498 0.0000
vt 0.4309 0.8561 0.0000
vt 0.4308 0.8497 0.0000
vt 0.4401 0.8496 0.0000
vt 0.4402 0.8560 0.0000
vt 0.4404 0.8635 0.0000
vt 0.4405 0.8709 0.0000
vt 0.4406 0.8773 0.0000
vt 0.3843 0.8778 0.0000
vt 0.3749 0.8778 0.0000
vt 0.3749 0.8715 0.0000
vt 0.3843 0.8714 0.0000
vt 0.3749 0.8640 0.0000
vt 0.3842 0.8640 0.0000
vt 0.3937 0.8778 0.0000
vt 0.3936 0.8714 0.0000
vt 0.3936 0.8639 0.0000
vt 0.3842 0.8565 0.0000
vt 0.3748 0.8566 0.0000
vt 0.3748 0.8501 0.0000
vt 0.3842 0.8501 0.0000
vt 0.3935 0.8565 0.0000
vt 0.3935 0.8501 0.0000
vt 0.4028 0.8500 0.0000
vt 0.4029 0.8564 0.0000
vt 0.4030 0.8639 0.0000
vt 0.4030 0.8713 0.0000
vt 0.4031 0.8777 0.0000
vt 0.3467 0.8778 0.0000
vt 0.3373 0.8778 0.0000
vt 0.3374 0.8714 0.0000
vt 0.3468 0.8715 0.0000
vt 0.3374 0.8639 0.0000
vt 0.3468 0.8640 0.0000
vt 0.3561 0.8779 0.0000
vt 0.3561 0.8715 0.0000
vt 0.3561 0.8640 0.0000
vt 0.3468 0.8565 0.0000
vt 0.3375 0.8565 0.0000
vt 0.3375 0.8501 0.0000
vt 0.3468 0.8501 0.0000
vt 0.3561 0.8566 0.0000
vt 0.3561 0.8502 0.0000
vt 0.3655 0.8502 0.0000
vt 0.3655 0.8566 0.0000
vt 0.3655 0.8640 0.0000
vt 0.3655 0.8715 0.0000
vt 0.3655 0.8779 0.0000
vt 0.3092 0.8776 0.0000
vt 0.2998 0.8775 0.0000
vt 0.2999 0.8711 0.0000
vt 0.3092 0.8712 0.0000
vt 0.3000 0.8636 0.0000
vt 0.3093 0.8637 0.0000
vt 0.3185 0.8777 0.0000
vt 0.3186 0.8713 0.0000
vt 0.3187 0.8638 0.0000
vt 0.3094 0.8563 0.0000
vt 0.3001 0.8562 0.0000
vt 0.3002 0.8498 0.0000
vt 0.3095 0.8499 0.0000
vt 0.3187 0.8564 0.0000
vt 0.3188 0.8500 0.0000
vt 0.3281 0.8500 0.0000
vt 0.3281 0.8565 0.0000
vt 0.3280 0.8639 0.0000
vt 0.3280 0.8714 0.0000
vt 0.3279 0.8777 0.0000
vt 0.2716 0.8771 0.0000
vt 0.2622 0.8769 0.0000
vt 0.2624 0.8705 0.0000
vt 0.2717 0.8707 0.0000
vt 0.2625 0.8630 0.0000
vt 0.2719 0.8632 0.0000
vt 0.2810 0.8772 0.0000
vt 0.2811 0.8708 0.0000
vt 0.2812 0.8634 0.0000
vt 0.2720 0.8558 0.0000
vt 0.2627 0.8556 0.0000
vt 0.2628 0.8492 0.0000
vt 0.2721 0.8494 0.0000
vt 0.2814 0.8559 0.0000
vt 0.2815 0.8495 0.0000
vt 0.2908 0.8497 0.0000
vt 0.2907 0.8561 0.0000
vt 0.2906 0.8635 0.0000
vt 0.2905 0.8710 0.0000
vt 0.2904 0.8774 0.0000
vt 0.2341 0.8763 0.0000
vt 0.2247 0.8761 0.0000
vt 0.2249 0.8697 0.0000
vt 0.2342 0.8699 0.0000
vt 0.2251 0.8622 0.0000
vt 0.2344 0.8624 0.0000
vt 0.2435 0.8765 0.0000
vt 0.2436 0.8701 0.0000
vt 0.2438 0.8627 0.0000
vt 0.2346 0.8550 0.0000
vt 0.2253 0.8548 0.0000
vt 0.2255 0.8484 0.0000
vt 0.2348 0.8486 0.0000
vt 0.2440 0.8552 0.0000
vt 0.2441 0.8488 0.0000
vt 0.2535 0.8490 0.0000
vt 0.2534 0.8554 0.0000
vt 0.2532 0.8629 0.0000
vt 0.2530 0.8703 0.0000
vt 0.2529 0.8767 0.0000
vt 0.1966 0.8753 0.0000
vt 0.1872 0.8751 0.0000
vt 0.1874 0.8687 0.0000
vt 0.1968 0.8689 0.0000
vt 0.1876 0.8612 0.0000
vt 0.1970 0.8615 0.0000
vt 0.2060 0.8756 0.0000
vt 0.2062 0.8692 0.0000
vt 0.2064 0.8617 0.0000
vt 0.1972 0.8540 0.0000
vt 0.1879 0.8537 0.0000
vt 0.1881 0.8473 0.0000
vt 0.1974 0.8476 0.0000
vt 0.2066 0.8543 0.0000
vt 0.2068 0.8479 0.0000
vt 0.2161 0.8481 0.0000
vt 0.2160 0.8545 0.0000
vt 0.2158 0.8620 0.0000
vt 0.2155 0.8695 0.0000
vt 0.2154 0.8758 0.0000
vt 0.8342 0.8575 0.0000
vt 0.8248 0.8583 0.0000
vt 0.8242 0.8520 0.0000
vt 0.8336 0.8512 0.0000
vt 0.8235 0.8445 0.0000
vt 0.8329 0.8437 0.0000
vt 0.8435 0.8567 0.0000
vt 0.8429 0.8503 0.0000
vt 0.8422 0.8429 0.0000
vt 0.8322 0.8363 0.0000
vt 0.8229 0.8371 0.0000
vt 0.8223 0.8307 0.0000
vt 0.8316 0.8299 0.0000
vt 0.8415 0.8355 0.0000
vt 0.8409 0.8291 0.0000
vt 0.8502 0.8283 0.0000
vt 0.8595 0.8274 0.0000
vt 0.8601 0.8338 0.0000
vt 0.8509 0.8346 0.0000
vt 0.8609 0.8412 0.0000
vt 0.8516 0.8421 0.0000
vt 0.8523 0.8495 0.0000
vt 0.8616 0.8487 0.0000
vt 0.8622 0.8551 0.0000
vt 0.8529 0.8559 0.0000
vt 0.7968 0.8606 0.0000
vt 0.7874 0.8614 0.0000
vt 0.7869 0.8550 0.0000
vt 0.7962 0.8543 0.0000
vt 0.7862 0.8476 0.0000
vt 0.7956 0.8468 0.0000
vt 0.8061 0.8599 0.0000
vt 0.8056 0.8535 0.0000
vt 0.8049 0.8461 0.0000
vt 0.7950 0.8394 0.0000
vt 0.7856 0.8401 0.0000
vt 0.7851 0.8338 0.0000
vt 0.7944 0.8330 0.0000
vt 0.8043 0.8387 0.0000
vt 0.8037 0.8323 0.0000
vt 0.8130 0.8315 0.0000
vt 0.8136 0.8379 0.0000
vt 0.8142 0.8453 0.0000
vt 0.8149 0.8528 0.0000
vt 0.8154 0.8591 0.0000
vt 0.7593 0.8635 0.0000
vt 0.7588 0.8571 0.0000
vt 0.7582 0.8497 0.0000
vt 0.7687 0.8628 0.0000
vt 0.7682 0.8564 0.0000
vt 0.7676 0.8490 0.0000
vt 0.7577 0.8423 0.0000
vt 0.7572 0.8359 0.0000
vt 0.7670 0.8416 0.0000
vt 0.7665 0.8352 0.0000
vt 0.7758 0.8345 0.0000
vt 0.7763 0.8409 0.0000
vt 0.7769 0.8483 0.0000
vt 0.7775 0.8557 0.0000
vt 0.7780 0.8621 0.0000
vt 0.7338 0.3199 0.0000
vt 0.7331 0.3169 0.0000
vt 0.7325 0.3139 0.0000
vt 0.7416 0.3180 0.0000
vt 0.7409 0.3154 0.0000
vt 0.7404 0.3128 0.0000
vt 0.7320 0.3109 0.0000
vt 0.7317 0.3078 0.0000
vt 0.7400 0.3101 0.0000
vt 0.7398 0.3074 0.0000
vt 0.9832 0.8572 0.0000
vt 0.9830 0.8555 0.0000
vt 0.9874 0.8547 0.0000
vt 0.9877 0.8567 0.0000
vt 0.9827 0.8538 0.0000
vt 0.9870 0.8526 0.0000
vt 0.9928 0.8536 0.0000
vt 0.9932 0.8562 0.0000
vt 0.9922 0.8511 0.0000
vt 0.9820 0.8522 0.0000
vt 0.9812 0.8507 0.0000
vt 0.9853 0.8487 0.0000
vt 0.9862 0.8506 0.0000
vt 0.9903 0.8464 0.0000
vt 0.9913 0.8487 0.0000
vt 0.7381 0.3314 0.0000
vt 0.7368 0.3286 0.0000
vt 0.7357 0.3257 0.0000
vt 0.7454 0.3282 0.0000
vt 0.7442 0.3257 0.0000
vt 0.7432 0.3232 0.0000
vt 0.7347 0.3228 0.0000
vt 0.7423 0.3206 0.0000
vt 0.9805 0.8491 0.0000
vt 0.9843 0.8468 0.0000
vt 0.9796 0.8476 0.0000
vt 0.9832 0.8451 0.0000
vt 0.9890 0.8442 0.0000
vt 0.9875 0.8420 0.0000
vt 0.9784 0.8463 0.0000
vt 0.9770 0.8451 0.0000
vt 0.9802 0.8420 0.0000
vt 0.9817 0.8435 0.0000
vt 0.9840 0.8382 0.0000
vt 0.9859 0.8400 0.0000
vt 0.7445 0.3419 0.0000
vt 0.7427 0.3394 0.0000
vt 0.7410 0.3368 0.0000
vt 0.7510 0.3375 0.0000
vt 0.7494 0.3353 0.0000
vt 0.7480 0.3330 0.0000
vt 0.7395 0.3341 0.0000
vt 0.7466 0.3306 0.0000
vt 0.9758 0.8439 0.0000
vt 0.9786 0.8406 0.0000
vt 0.9744 0.8428 0.0000
vt 0.9769 0.8393 0.0000
vt 0.9820 0.8365 0.0000
vt 0.9799 0.8349 0.0000
vt 0.9729 0.8420 0.0000
vt 0.9712 0.8413 0.0000
vt 0.9730 0.8374 0.0000
vt 0.9750 0.8382 0.0000
vt 0.9752 0.8325 0.0000
vt 0.9777 0.8336 0.0000
vt 0.7526 0.3512 0.0000
vt 0.7504 0.3490 0.0000
vt 0.7483 0.3468 0.0000
vt 0.7583 0.3457 0.0000
vt 0.7563 0.3437 0.0000
vt 0.7544 0.3418 0.0000
vt 0.7463 0.3444 0.0000
vt 0.7527 0.3397 0.0000
vt 0.9695 0.8406 0.0000
vt 0.9710 0.8365 0.0000
vt 0.9679 0.8400 0.0000
vt 0.9689 0.8359 0.0000
vt 0.9728 0.8316 0.0000
vt 0.9702 0.8308 0.0000
vt 0.9662 0.8398 0.0000
vt 0.9643 0.8397 0.0000
vt 0.9646 0.8353 0.0000
vt 0.9668 0.8355 0.0000
vt 0.9650 0.8300 0.0000
vt 0.9677 0.8303 0.0000
vt 0.7625 0.3589 0.0000
vt 0.7599 0.3572 0.0000
vt 0.7574 0.3553 0.0000
vt 0.7669 0.3525 0.0000
vt 0.7646 0.3510 0.0000
vt 0.7625 0.3493 0.0000
vt 0.7550 0.3533 0.0000
vt 0.7603 0.3476 0.0000
vt 0.9625 0.8396 0.0000
vt 0.9625 0.8352 0.0000
vt 0.9608 0.8395 0.0000
vt 0.9603 0.8353 0.0000
vt 0.9623 0.8300 0.0000
vt 0.9597 0.8301 0.0000
vt 0.9590 0.8399 0.0000
vt 0.9573 0.8404 0.0000
vt 0.9561 0.8362 0.0000
vt 0.9581 0.8357 0.0000
vt 0.9545 0.8311 0.0000
vt 0.9571 0.8305 0.0000
vt 0.7735 0.3648 0.0000
vt 0.7707 0.3635 0.0000
vt 0.7678 0.3621 0.0000
vt 0.7767 0.3577 0.0000
vt 0.7742 0.3566 0.0000
vt 0.7717 0.3553 0.0000
vt 0.7651 0.3606 0.0000
vt 0.7693 0.3540 0.0000
vt 0.9555 0.8409 0.0000
vt 0.9539 0.8369 0.0000
vt 0.9539 0.8414 0.0000
vt 0.9520 0.8377 0.0000
vt 0.9520 0.8319 0.0000
vt 0.9496 0.8330 0.0000
vt 0.9524 0.8424 0.0000
vt 0.9510 0.8434 0.0000
vt 0.9483 0.8399 0.0000
vt 0.9501 0.8387 0.0000
vt 0.9451 0.8356 0.0000
vt 0.9473 0.8342 0.0000
vt 0.7855 0.3687 0.0000
vt 0.7824 0.3679 0.0000
vt 0.7794 0.3670 0.0000
vt 0.7873 0.3612 0.0000
vt 0.7846 0.3604 0.0000
vt 0.7820 0.3597 0.0000
vt 0.7765 0.3660 0.0000
vt 0.7793 0.3588 0.0000
vt 0.9495 0.8444 0.0000
vt 0.9465 0.8412 0.0000
vt 0.9481 0.8455 0.0000
vt 0.9450 0.8426 0.0000
vt 0.9429 0.8372 0.0000
vt 0.9410 0.8390 0.0000
vt 0.9470 0.8469 0.0000
vt 0.9461 0.8484 0.0000
vt 0.9423 0.8459 0.0000
vt 0.9435 0.8442 0.0000
vt 0.9377 0.8430 0.0000
vt 0.9393 0.8409 0.0000
vt 0.7980 0.3704 0.0000
vt 0.7948 0.3702 0.0000
vt 0.7917 0.3698 0.0000
vt 0.7984 0.3627 0.0000
vt 0.7956 0.3625 0.0000
vt 0.7928 0.3622 0.0000
vt 0.7886 0.3693 0.0000
vt 0.7901 0.3617 0.0000
vt 0.9450 0.8498 0.0000
vt 0.9411 0.8477 0.0000
vt 0.9441 0.8512 0.0000
vt 0.9401 0.8495 0.0000
vt 0.9363 0.8451 0.0000
vt 0.9351 0.8474 0.0000
vt 0.9436 0.8529 0.0000
vt 0.9432 0.8546 0.0000
vt 0.9388 0.8536 0.0000
vt 0.9394 0.8515 0.0000
vt 0.9334 0.8523 0.0000
vt 0.9342 0.8498 0.0000
vt 0.8107 0.3700 0.0000
vt 0.8075 0.3703 0.0000
vt 0.8043 0.3705 0.0000
vt 0.8096 0.3623 0.0000
vt 0.8068 0.3626 0.0000
vt 0.8040 0.3627 0.0000
vt 0.8012 0.3705 0.0000
vt 0.8012 0.3628 0.0000
vt 0.9427 0.8563 0.0000
vt 0.9383 0.8556 0.0000
vt 0.9424 0.8579 0.0000
vt 0.9380 0.8577 0.0000
vt 0.9329 0.8548 0.0000
vt 0.9326 0.8573 0.0000
vt 0.9425 0.8597 0.0000
vt 0.9427 0.8614 0.0000
vt 0.9382 0.8619 0.0000
vt 0.9380 0.8598 0.0000
vt 0.9327 0.8624 0.0000
vt 0.9326 0.8599 0.0000
vt 0.8230 0.3673 0.0000
vt 0.8200 0.3682 0.0000
vt 0.8169 0.3689 0.0000
vt 0.8205 0.3599 0.0000
vt 0.8178 0.3607 0.0000
vt 0.8151 0.3614 0.0000
vt 0.8138 0.3695 0.0000
vt 0.8124 0.3619 0.0000
vt 0.9429 0.8631 0.0000
vt 0.9385 0.8639 0.0000
vt 0.9432 0.8648 0.0000
vt 0.9389 0.8660 0.0000
vt 0.9331 0.8650 0.0000
vt 0.9337 0.8675 0.0000
vt 0.9439 0.8664 0.0000
vt 0.9447 0.8679 0.0000
vt 0.9406 0.8699 0.0000
vt 0.9397 0.8680 0.0000
vt 0.9357 0.8722 0.0000
vt 0.9346 0.8699 0.0000
vt 0.8347 0.3625 0.0000
vt 0.8318 0.3639 0.0000
vt 0.8289 0.3652 0.0000
vt 0.8308 0.3558 0.0000
vt 0.8283 0.3570 0.0000
vt 0.8258 0.3581 0.0000
vt 0.8260 0.3663 0.0000
vt 0.8231 0.3591 0.0000
vt 0.9455 0.8695 0.0000
vt 0.9416 0.8718 0.0000
vt 0.9463 0.8710 0.0000
vt 0.9428 0.8735 0.0000
vt 0.9369 0.8744 0.0000
vt 0.9384 0.8766 0.0000
vt 0.9475 0.8723 0.0000
vt 0.9489 0.8735 0.0000
vt 0.9457 0.8766 0.0000
vt 0.9442 0.8751 0.0000
vt 0.9419 0.8804 0.0000
vt 0.9401 0.8786 0.0000
vt 0.8453 0.3558 0.0000
vt 0.8427 0.3577 0.0000
vt 0.8401 0.3594 0.0000
vt 0.8401 0.3499 0.0000
vt 0.8379 0.3515 0.0000
vt 0.8356 0.3530 0.0000
vt 0.8374 0.3610 0.0000
vt 0.8332 0.3544 0.0000
vt 0.9501 0.8747 0.0000
vt 0.9473 0.8780 0.0000
vt 0.9515 0.8758 0.0000
vt 0.9490 0.8793 0.0000
vt 0.9439 0.8821 0.0000
vt 0.9460 0.8837 0.0000
vt 0.9530 0.8766 0.0000
vt 0.9547 0.8773 0.0000
vt 0.9529 0.8812 0.0000
vt 0.9509 0.8804 0.0000
vt 0.9507 0.8861 0.0000
vt 0.9483 0.8850 0.0000
vt 0.8543 0.3473 0.0000
vt 0.8522 0.3496 0.0000
vt 0.8500 0.3518 0.0000
vt 0.8481 0.3424 0.0000
vt 0.8462 0.3444 0.0000
vt 0.8443 0.3463 0.0000
vt 0.8477 0.3538 0.0000
vt 0.8423 0.3481 0.0000
vt 0.9564 0.8780 0.0000
vt 0.9549 0.8821 0.0000
vt 0.9580 0.8786 0.0000
vt 0.9570 0.8827 0.0000
vt 0.9531 0.8870 0.0000
vt 0.9557 0.8878 0.0000
vt 0.9598 0.8788 0.0000
vt 0.9616 0.8789 0.0000
vt 0.9613 0.8833 0.0000
vt 0.9591 0.8831 0.0000
vt 0.9609 0.8886 0.0000
vt 0.9583 0.8883 0.0000
vt 0.8615 0.3372 0.0000
vt 0.8599 0.3399 0.0000
vt 0.8582 0.3424 0.0000
vt 0.8543 0.3338 0.0000
vt 0.8529 0.3361 0.0000
vt 0.8514 0.3382 0.0000
vt 0.8563 0.3449 0.0000
vt 0.8498 0.3404 0.0000
vt 0.9634 0.8790 0.0000
vt 0.9635 0.8834 0.0000
vt 0.9652 0.8791 0.0000
vt 0.9656 0.8833 0.0000
vt 0.9636 0.8886 0.0000
vt 0.9662 0.8885 0.0000
vt 0.9669 0.8787 0.0000
vt 0.9686 0.8782 0.0000
vt 0.9699 0.8824 0.0000
vt 0.9678 0.8829 0.0000
vt 0.9714 0.8875 0.0000
vt 0.9688 0.8881 0.0000
vt 0.8661 0.3258 0.0000
vt 0.8652 0.3288 0.0000
vt 0.8641 0.3317 0.0000
vt 0.8581 0.3241 0.0000
vt 0.8574 0.3266 0.0000
vt 0.8565 0.3290 0.0000
vt 0.8629 0.3345 0.0000
vt 0.8555 0.3314 0.0000
vt 0.9704 0.8777 0.0000
vt 0.9720 0.8817 0.0000
vt 0.9720 0.8772 0.0000
vt 0.9740 0.8809 0.0000
vt 0.9739 0.8867 0.0000
vt 0.9763 0.8856 0.0000
vt 0.9735 0.8762 0.0000
vt 0.9749 0.8752 0.0000
vt 0.9776 0.8787 0.0000
vt 0.9758 0.8799 0.0000
vt 0.9809 0.8830 0.0000
vt 0.9787 0.8844 0.0000
vt 0.7349 0.2837 0.0000
vt 0.7360 0.2808 0.0000
vt 0.7373 0.2781 0.0000
vt 0.7424 0.2865 0.0000
vt 0.7434 0.2840 0.0000
vt 0.7445 0.2816 0.0000
vt 0.7388 0.2753 0.0000
vt 0.7405 0.2727 0.0000
vt 0.7457 0.2794 0.0000
vt 0.7472 0.2772 0.0000
vt 0.9765 0.8742 0.0000
vt 0.9794 0.8774 0.0000
vt 0.9778 0.8731 0.0000
vt 0.9810 0.8760 0.0000
vt 0.9830 0.8814 0.0000
vt 0.9849 0.8796 0.0000
vt 0.9789 0.8717 0.0000
vt 0.9798 0.8702 0.0000
vt 0.9836 0.8727 0.0000
vt 0.9824 0.8744 0.0000
vt 0.9882 0.8756 0.0000
vt 0.9866 0.8777 0.0000
vt 0.7321 0.2956 0.0000
vt 0.7326 0.2926 0.0000
vt 0.7332 0.2896 0.0000
vt 0.7400 0.2967 0.0000
vt 0.7404 0.2941 0.0000
vt 0.7409 0.2915 0.0000
vt 0.7340 0.2866 0.0000
vt 0.7416 0.2889 0.0000
vt 0.9809 0.8688 0.0000
vt 0.9848 0.8709 0.0000
vt 0.9818 0.8674 0.0000
vt 0.9858 0.8690 0.0000
vt 0.9896 0.8735 0.0000
vt 0.9908 0.8712 0.0000
vt 0.9823 0.8657 0.0000
vt 0.9827 0.8640 0.0000
vt 0.9871 0.8650 0.0000
vt 0.9866 0.8671 0.0000
vt 0.9925 0.8663 0.0000
vt 0.9917 0.8688 0.0000
vt 0.7316 0.3047 0.0000
vt 0.7316 0.3017 0.0000
vt 0.7396 0.3047 0.0000
vt 0.7396 0.3021 0.0000
vt 0.7318 0.2987 0.0000
vt 0.7397 0.2994 0.0000
vt 0.9832 0.8623 0.0000
vt 0.9876 0.8630 0.0000
vt 0.9835 0.8607 0.0000
vt 0.9879 0.8609 0.0000
vt 0.9930 0.8638 0.0000
vt 0.9933 0.8613 0.0000
vt 0.9834 0.8589 0.0000
vt 0.9879 0.8588 0.0000
vt 0.9934 0.8587 0.0000
vt 0.9782 0.8537 0.0000
vt 0.9774 0.8525 0.0000
vt 0.9789 0.8548 0.0000
vt 0.9747 0.8552 0.0000
vt 0.9735 0.8543 0.0000
vt 0.9762 0.8556 0.0000
vt 0.9789 0.8576 0.0000
vt 0.9790 0.8562 0.0000
vt 0.9747 0.8581 0.0000
vt 0.9752 0.8567 0.0000
vt 0.9695 0.8562 0.0000
vt 0.9716 0.8569 0.0000
vt 0.9702 0.8585 0.0000
vt 0.9630 0.8593 0.0000
vt 0.9753 0.8490 0.0000
vt 0.9741 0.8481 0.0000
vt 0.9763 0.8499 0.0000
vt 0.9725 0.8516 0.0000
vt 0.9711 0.8511 0.0000
vt 0.9741 0.8514 0.0000
vt 0.9769 0.8511 0.0000
vt 0.9735 0.8529 0.0000
vt 0.9680 0.8542 0.0000
vt 0.9702 0.8542 0.0000
vt 0.9709 0.8456 0.0000
vt 0.9694 0.8451 0.0000
vt 0.9722 0.8460 0.0000
vt 0.9692 0.8489 0.0000
vt 0.9677 0.8489 0.0000
vt 0.9707 0.8482 0.0000
vt 0.9732 0.8470 0.0000
vt 0.9706 0.8498 0.0000
vt 0.9659 0.8529 0.0000
vt 0.9680 0.8521 0.0000
vt 0.9655 0.8438 0.0000
vt 0.9641 0.8438 0.0000
vt 0.9669 0.8438 0.0000
vt 0.9651 0.8475 0.0000
vt 0.9638 0.8480 0.0000
vt 0.9663 0.8464 0.0000
vt 0.9682 0.8444 0.0000
vt 0.9668 0.8479 0.0000
vt 0.9634 0.8523 0.0000
vt 0.9651 0.8509 0.0000
vt 0.9598 0.8439 0.0000
vt 0.9585 0.8444 0.0000
vt 0.9612 0.8434 0.0000
vt 0.9608 0.8474 0.0000
vt 0.9597 0.8484 0.0000
vt 0.9615 0.8461 0.0000
vt 0.9626 0.8436 0.0000
vt 0.9625 0.8473 0.0000
vt 0.9609 0.8525 0.0000
vt 0.9620 0.8507 0.0000
vt 0.9546 0.8458 0.0000
vt 0.9535 0.8468 0.0000
vt 0.9557 0.8449 0.0000
vt 0.9567 0.8489 0.0000
vt 0.9560 0.8501 0.0000
vt 0.9569 0.8474 0.0000
vt 0.9570 0.8446 0.0000
vt 0.9582 0.8482 0.0000
vt 0.9587 0.8536 0.0000
vt 0.9590 0.8515 0.0000
vt 0.9503 0.8494 0.0000
vt 0.9496 0.8507 0.0000
vt 0.9510 0.8482 0.0000
vt 0.9534 0.8516 0.0000
vt 0.9532 0.8529 0.0000
vt 0.9530 0.8501 0.0000
vt 0.9522 0.8475 0.0000
vt 0.9546 0.8504 0.0000
vt 0.9569 0.8554 0.0000
vt 0.9565 0.8533 0.0000
vt 0.9475 0.8542 0.0000
vt 0.9474 0.8556 0.0000
vt 0.9478 0.8528 0.0000
vt 0.9512 0.8552 0.0000
vt 0.9515 0.8566 0.0000
vt 0.9503 0.8539 0.0000
vt 0.9486 0.8517 0.0000
vt 0.9519 0.8537 0.0000
vt 0.9559 0.8576 0.0000
vt 0.9548 0.8558 0.0000
vt 0.9466 0.8596 0.0000
vt 0.9470 0.8610 0.0000
vt 0.9464 0.8582 0.0000
vt 0.9505 0.8593 0.0000
vt 0.9512 0.8605 0.0000
vt 0.9492 0.8584 0.0000
vt 0.9468 0.8569 0.0000
vt 0.9506 0.8577 0.0000
vt 0.9557 0.8601 0.0000
vt 0.9540 0.8587 0.0000
vt 0.9477 0.8649 0.0000
vt 0.9485 0.8661 0.0000
vt 0.9470 0.8637 0.0000
vt 0.9513 0.8634 0.0000
vt 0.9524 0.8643 0.0000
vt 0.9497 0.8630 0.0000
vt 0.9470 0.8624 0.0000
vt 0.9508 0.8619 0.0000
vt 0.9564 0.8624 0.0000
vt 0.9544 0.8617 0.0000
vt 0.9506 0.8696 0.0000
vt 0.9518 0.8705 0.0000
vt 0.9496 0.8687 0.0000
vt 0.9534 0.8670 0.0000
vt 0.9548 0.8675 0.0000
vt 0.9518 0.8672 0.0000
vt 0.9490 0.8675 0.0000
vt 0.9524 0.8657 0.0000
vt 0.9579 0.8644 0.0000
vt 0.9557 0.8644 0.0000
vt 0.9550 0.8730 0.0000
vt 0.9565 0.8735 0.0000
vt 0.9537 0.8726 0.0000
vt 0.9567 0.8697 0.0000
vt 0.9582 0.8697 0.0000
vt 0.9552 0.8704 0.0000
vt 0.9528 0.8716 0.0000
vt 0.9553 0.8688 0.0000
vt 0.9600 0.8657 0.0000
vt 0.9580 0.8665 0.0000
vt 0.9604 0.8748 0.0000
vt 0.9619 0.8748 0.0000
vt 0.9590 0.8748 0.0000
vt 0.9608 0.8711 0.0000
vt 0.9622 0.8706 0.0000
vt 0.9596 0.8722 0.0000
vt 0.9577 0.8742 0.0000
vt 0.9591 0.8707 0.0000
vt 0.9625 0.8663 0.0000
vt 0.9608 0.8677 0.0000
vt 0.9661 0.8747 0.0000
vt 0.9674 0.8742 0.0000
vt 0.9647 0.8752 0.0000
vt 0.9651 0.8712 0.0000
vt 0.9662 0.8702 0.0000
vt 0.9644 0.8725 0.0000
vt 0.9633 0.8750 0.0000
vt 0.9635 0.8713 0.0000
vt 0.9650 0.8661 0.0000
vt 0.9639 0.8679 0.0000
vt 0.9713 0.8728 0.0000
vt 0.9724 0.8718 0.0000
vt 0.9702 0.8737 0.0000
vt 0.9692 0.8697 0.0000
vt 0.9699 0.8685 0.0000
vt 0.9691 0.8712 0.0000
vt 0.9689 0.8739 0.0000
vt 0.9677 0.8704 0.0000
vt 0.9672 0.8650 0.0000
vt 0.9669 0.8671 0.0000
vt 0.9756 0.8692 0.0000
vt 0.9763 0.8679 0.0000
vt 0.9749 0.8704 0.0000
vt 0.9725 0.8670 0.0000
vt 0.9727 0.8657 0.0000
vt 0.9729 0.8685 0.0000
vt 0.9737 0.8711 0.0000
vt 0.9713 0.8682 0.0000
vt 0.9690 0.8632 0.0000
vt 0.9694 0.8653 0.0000
vt 0.9784 0.8644 0.0000
vt 0.9786 0.8630 0.0000
vt 0.9781 0.8658 0.0000
vt 0.9747 0.8634 0.0000
vt 0.9744 0.8620 0.0000
vt 0.9756 0.8647 0.0000
vt 0.9773 0.8669 0.0000
vt 0.9740 0.8649 0.0000
vt 0.9700 0.8610 0.0000
vt 0.9711 0.8628 0.0000
vt 0.9793 0.8590 0.0000
vt 0.9795 0.8604 0.0000
vt 0.9754 0.8593 0.0000
vt 0.9767 0.8602 0.0000
vt 0.9791 0.8617 0.0000
vt 0.9753 0.8609 0.0000
vt 0.9719 0.8599 0.0000
vt 0.0245 0.7316 0.0000
vt 0.0164 0.7298 0.0000
vt 0.0187 0.7217 0.0000
vt 0.0267 0.7243 0.0000
vt 0.0218 0.7140 0.0000
vt 0.0295 0.7171 0.0000
vt 0.0350 0.7340 0.0000
vt 0.0369 0.7275 0.0000
vt 0.0393 0.7212 0.0000
vt 0.0329 0.7103 0.0000
vt 0.0255 0.7065 0.0000
vt 0.0299 0.6993 0.0000
vt 0.0370 0.7037 0.0000
vt 0.0423 0.7152 0.0000
vt 0.0459 0.7094 0.0000
vt 0.0560 0.7158 0.0000
vt 0.0664 0.7223 0.0000
vt 0.0635 0.7262 0.0000
vt 0.0528 0.7206 0.0000
vt 0.0611 0.7303 0.0000
vt 0.0502 0.7257 0.0000
vt 0.0467 0.7367 0.0000
vt 0.0482 0.7311 0.0000
vt 0.0598 0.7348 0.0000
vt 0.0588 0.7394 0.0000
vt 0.0350 0.6925 0.0000
vt 0.0416 0.6975 0.0000
vt 0.0406 0.6862 0.0000
vt 0.0467 0.6918 0.0000
vt 0.0500 0.7040 0.0000
vt 0.0545 0.6988 0.0000
vt 0.0524 0.6865 0.0000
vt 0.0468 0.6804 0.0000
vt 0.0535 0.6752 0.0000
vt 0.0585 0.6816 0.0000
vt 0.0595 0.6942 0.0000
vt 0.0649 0.6899 0.0000
vt 0.0721 0.6993 0.0000
vt 0.0795 0.7088 0.0000
vt 0.0755 0.7116 0.0000
vt 0.0674 0.7028 0.0000
vt 0.0718 0.7146 0.0000
vt 0.0631 0.7067 0.0000
vt 0.0594 0.7111 0.0000
vt 0.0689 0.7183 0.0000
vt 0.0606 0.6705 0.0000
vt 0.0650 0.6773 0.0000
vt 0.0681 0.6664 0.0000
vt 0.0719 0.6736 0.0000
vt 0.0707 0.6861 0.0000
vt 0.0767 0.6828 0.0000
vt 0.0791 0.6705 0.0000
vt 0.0760 0.6630 0.0000
vt 0.0842 0.6602 0.0000
vt 0.0866 0.6680 0.0000
vt 0.0831 0.6801 0.0000
vt 0.0897 0.6779 0.0000
vt 0.0932 0.6890 0.0000
vt 0.0967 0.7005 0.0000
vt 0.0920 0.7017 0.0000
vt 0.0875 0.6908 0.0000
vt 0.0874 0.7033 0.0000
vt 0.0821 0.6930 0.0000
vt 0.0770 0.6959 0.0000
vt 0.0834 0.7059 0.0000
vt 0.0925 0.6582 0.0000
vt 0.0942 0.6661 0.0000
vt 0.1010 0.6568 0.0000
vt 0.1020 0.6649 0.0000
vt 0.0964 0.6762 0.0000
vt 0.1033 0.6751 0.0000
vt 0.1178 0.6644 0.0000
vt 0.1099 0.6643 0.0000
vt 0.1097 0.6562 0.0000
vt 0.1183 0.6563 0.0000
vt 0.1102 0.6746 0.0000
vt 0.1172 0.6747 0.0000
vt 0.1165 0.6864 0.0000
vt 0.1158 0.6983 0.0000
vt 0.1109 0.6979 0.0000
vt 0.1106 0.6862 0.0000
vt 0.1061 0.6979 0.0000
vt 0.1047 0.6864 0.0000
vt 0.0989 0.6875 0.0000
vt 0.1014 0.6990 0.0000
vt 0.1269 0.6572 0.0000
vt 0.1257 0.6652 0.0000
vt 0.1354 0.6587 0.0000
vt 0.1334 0.6666 0.0000
vt 0.1241 0.6754 0.0000
vt 0.1310 0.6766 0.0000
vt 0.1411 0.6687 0.0000
vt 0.1437 0.6610 0.0000
vt 0.1517 0.6639 0.0000
vt 0.1485 0.6714 0.0000
vt 0.1377 0.6785 0.0000
vt 0.1442 0.6809 0.0000
vt 0.1395 0.6916 0.0000
vt 0.1345 0.7025 0.0000
vt 0.1301 0.7005 0.0000
vt 0.1339 0.6894 0.0000
vt 0.1255 0.6990 0.0000
vt 0.1283 0.6877 0.0000
vt 0.1225 0.6868 0.0000
vt 0.1208 0.6984 0.0000
vt 0.1595 0.6676 0.0000
vt 0.1556 0.6747 0.0000
vt 0.1670 0.6718 0.0000
vt 0.1623 0.6786 0.0000
vt 0.1505 0.6838 0.0000
vt 0.1565 0.6872 0.0000
vt 0.1688 0.6830 0.0000
vt 0.1739 0.6767 0.0000
vt 0.1805 0.6821 0.0000
vt 0.1747 0.6880 0.0000
vt 0.1621 0.6911 0.0000
vt 0.1674 0.6955 0.0000
vt 0.1591 0.7040 0.0000
vt 0.1506 0.7127 0.0000
vt 0.1471 0.7094 0.0000
vt 0.1547 0.7002 0.0000
vt 0.1434 0.7064 0.0000
vt 0.1500 0.6967 0.0000
vt 0.1449 0.6939 0.0000
vt 0.1391 0.7043 0.0000
vt 0.1865 0.6881 0.0000
vt 0.1802 0.6935 0.0000
vt 0.1920 0.6945 0.0000
vt 0.1853 0.6994 0.0000
vt 0.1723 0.7003 0.0000
vt 0.1767 0.7055 0.0000
vt 0.1897 0.7057 0.0000
vt 0.1968 0.7014 0.0000
vt 0.2010 0.7087 0.0000
vt 0.1936 0.7123 0.0000
vt 0.1806 0.7111 0.0000
vt 0.1840 0.7170 0.0000
vt 0.1732 0.7222 0.0000
vt 0.1622 0.7276 0.0000
vt 0.1601 0.7233 0.0000
vt 0.1704 0.7171 0.0000
vt 0.1577 0.7192 0.0000
vt 0.1672 0.7124 0.0000
vt 0.1634 0.7080 0.0000
vt 0.1543 0.7159 0.0000
vt 0.2046 0.7163 0.0000
vt 0.1968 0.7193 0.0000
vt 0.2074 0.7241 0.0000
vt 0.1994 0.7265 0.0000
vt 0.1869 0.7231 0.0000
vt 0.1892 0.7294 0.0000
vt 0.2014 0.7338 0.0000
vt 0.2096 0.7322 0.0000
vt 0.2110 0.7404 0.0000
vt 0.2026 0.7414 0.0000
vt 0.1909 0.7360 0.0000
vt 0.1920 0.7426 0.0000
vt 0.1800 0.7440 0.0000
vt 0.1677 0.7454 0.0000
vt 0.1673 0.7406 0.0000
vt 0.1792 0.7383 0.0000
vt 0.1664 0.7360 0.0000
vt 0.1778 0.7327 0.0000
vt 0.1758 0.7274 0.0000
vt 0.1645 0.7318 0.0000
vt 0.2116 0.7487 0.0000
vt 0.2032 0.7490 0.0000
vt 0.2115 0.7571 0.0000
vt 0.2031 0.7566 0.0000
vt 0.1925 0.7493 0.0000
vt 0.1924 0.7560 0.0000
vt 0.2023 0.7642 0.0000
vt 0.2106 0.7653 0.0000
vt 0.2090 0.7735 0.0000
vt 0.2009 0.7717 0.0000
vt 0.1917 0.7627 0.0000
vt 0.1904 0.7693 0.0000
vt 0.1786 0.7666 0.0000
vt 0.1666 0.7639 0.0000
vt 0.1679 0.7593 0.0000
vt 0.1799 0.7610 0.0000
vt 0.1687 0.7547 0.0000
vt 0.1806 0.7554 0.0000
vt 0.1806 0.7497 0.0000
vt 0.1684 0.7501 0.0000
vt 0.2067 0.7815 0.0000
vt 0.1987 0.7790 0.0000
vt 0.2036 0.7893 0.0000
vt 0.1959 0.7861 0.0000
vt 0.1885 0.7758 0.0000
vt 0.1861 0.7821 0.0000
vt 0.1924 0.7930 0.0000
vt 0.1998 0.7968 0.0000
vt 0.1954 0.8040 0.0000
vt 0.1884 0.7995 0.0000
vt 0.1830 0.7881 0.0000
vt 0.1795 0.7939 0.0000
vt 0.1694 0.7875 0.0000
vt 0.1590 0.7809 0.0000
vt 0.1618 0.7770 0.0000
vt 0.1725 0.7826 0.0000
vt 0.1642 0.7730 0.0000
vt 0.1752 0.7776 0.0000
vt 0.1772 0.7722 0.0000
vt 0.1656 0.7685 0.0000
vt 0.1904 0.8107 0.0000
vt 0.1838 0.8057 0.0000
vt 0.1847 0.8171 0.0000
vt 0.1787 0.8115 0.0000
vt 0.1754 0.7993 0.0000
vt 0.1709 0.8045 0.0000
vt 0.1730 0.8168 0.0000
vt 0.1786 0.8229 0.0000
vt 0.1719 0.8281 0.0000
vt 0.1669 0.8217 0.0000
vt 0.1659 0.8091 0.0000
vt 0.1605 0.8133 0.0000
vt 0.1533 0.8040 0.0000
vt 0.1458 0.7945 0.0000
vt 0.1498 0.7917 0.0000
vt 0.1579 0.8005 0.0000
vt 0.1535 0.7887 0.0000
vt 0.1623 0.7966 0.0000
vt 0.1660 0.7922 0.0000
vt 0.1564 0.7850 0.0000
vt 0.1648 0.8328 0.0000
vt 0.1603 0.8259 0.0000
vt 0.1572 0.8369 0.0000
vt 0.1535 0.8297 0.0000
vt 0.1547 0.8172 0.0000
vt 0.1486 0.8205 0.0000
vt 0.1462 0.8328 0.0000
vt 0.1494 0.8403 0.0000
vt 0.1412 0.8430 0.0000
vt 0.1388 0.8353 0.0000
vt 0.1423 0.8232 0.0000
vt 0.1357 0.8254 0.0000
vt 0.1322 0.8143 0.0000
vt 0.1286 0.8028 0.0000
vt 0.1334 0.8016 0.0000
vt 0.1379 0.8125 0.0000
vt 0.1379 0.8000 0.0000
vt 0.1433 0.8103 0.0000
vt 0.1484 0.8074 0.0000
vt 0.1420 0.7974 0.0000
vt 0.1328 0.8451 0.0000
vt 0.1311 0.8372 0.0000
vt 0.1243 0.8465 0.0000
vt 0.1233 0.8384 0.0000
vt 0.1289 0.8271 0.0000
vt 0.1221 0.8282 0.0000
vt 0.1076 0.8389 0.0000
vt 0.1155 0.8390 0.0000
vt 0.1157 0.8470 0.0000
vt 0.1071 0.8470 0.0000
vt 0.1151 0.8286 0.0000
vt 0.1081 0.8285 0.0000
vt 0.1089 0.8169 0.0000
vt 0.1095 0.8050 0.0000
vt 0.1144 0.8054 0.0000
vt 0.1148 0.8171 0.0000
vt 0.1193 0.8054 0.0000
vt 0.1207 0.8168 0.0000
vt 0.1265 0.8158 0.0000
vt 0.1240 0.8043 0.0000
vt 0.0985 0.8461 0.0000
vt 0.0997 0.8381 0.0000
vt 0.0900 0.8446 0.0000
vt 0.0919 0.8367 0.0000
vt 0.1012 0.8279 0.0000
vt 0.0944 0.8267 0.0000
vt 0.0843 0.8346 0.0000
vt 0.0817 0.8423 0.0000
vt 0.0736 0.8394 0.0000
vt 0.0769 0.8319 0.0000
vt 0.0877 0.8248 0.0000
vt 0.0812 0.8224 0.0000
vt 0.0859 0.8117 0.0000
vt 0.0908 0.8007 0.0000
vt 0.0953 0.8027 0.0000
vt 0.0914 0.8139 0.0000
vt 0.0998 0.8043 0.0000
vt 0.0971 0.8156 0.0000
vt 0.1029 0.8165 0.0000
vt 0.1046 0.8049 0.0000
vt 0.0659 0.8357 0.0000
vt 0.0698 0.8286 0.0000
vt 0.0584 0.8315 0.0000
vt 0.0630 0.8247 0.0000
vt 0.0749 0.8195 0.0000
vt 0.0689 0.8161 0.0000
vt 0.0566 0.8202 0.0000
vt 0.0514 0.8266 0.0000
vt 0.0449 0.8212 0.0000
vt 0.0506 0.8153 0.0000
vt 0.0633 0.8122 0.0000
vt 0.0580 0.8077 0.0000
vt 0.0662 0.7993 0.0000
vt 0.0747 0.7906 0.0000
vt 0.0782 0.7939 0.0000
vt 0.0707 0.8031 0.0000
vt 0.0819 0.7969 0.0000
vt 0.0754 0.8066 0.0000
vt 0.0805 0.8093 0.0000
vt 0.0863 0.7990 0.0000
vt 0.0389 0.8152 0.0000
vt 0.0451 0.8098 0.0000
vt 0.0334 0.8087 0.0000
vt 0.0401 0.8039 0.0000
vt 0.0531 0.8029 0.0000
vt 0.0487 0.7977 0.0000
vt 0.0357 0.7976 0.0000
vt 0.0285 0.8019 0.0000
vt 0.0243 0.7946 0.0000
vt 0.0318 0.7910 0.0000
vt 0.0448 0.7922 0.0000
vt 0.0414 0.7863 0.0000
vt 0.0522 0.7811 0.0000
vt 0.0632 0.7757 0.0000
vt 0.0653 0.7800 0.0000
vt 0.0549 0.7862 0.0000
vt 0.0677 0.7840 0.0000
vt 0.0582 0.7909 0.0000
vt 0.0620 0.7952 0.0000
vt 0.0710 0.7874 0.0000
vt 0.0208 0.7870 0.0000
vt 0.0286 0.7840 0.0000
vt 0.0180 0.7792 0.0000
vt 0.0260 0.7768 0.0000
vt 0.0385 0.7802 0.0000
vt 0.0362 0.7739 0.0000
vt 0.0240 0.7694 0.0000
vt 0.0158 0.7711 0.0000
vt 0.0144 0.7629 0.0000
vt 0.0228 0.7619 0.0000
vt 0.0345 0.7673 0.0000
vt 0.0334 0.7607 0.0000
vt 0.0454 0.7593 0.0000
vt 0.0577 0.7579 0.0000
vt 0.0581 0.7626 0.0000
vt 0.0462 0.7650 0.0000
vt 0.0590 0.7672 0.0000
vt 0.0475 0.7706 0.0000
vt 0.0496 0.7759 0.0000
vt 0.0609 0.7715 0.0000
vt 0.0138 0.7545 0.0000
vt 0.0222 0.7543 0.0000
vt 0.0139 0.7462 0.0000
vt 0.0223 0.7467 0.0000
vt 0.0329 0.7540 0.0000
vt 0.0329 0.7473 0.0000
vt 0.0231 0.7391 0.0000
vt 0.0148 0.7379 0.0000
vt 0.0337 0.7406 0.0000
vt 0.0575 0.7440 0.0000
vt 0.0455 0.7423 0.0000
vt 0.0567 0.7486 0.0000
vt 0.0448 0.7479 0.0000
vt 0.0448 0.7536 0.0000
vt 0.0570 0.7532 0.0000
vt 0.0706 0.7381 0.0000
vt 0.0701 0.7420 0.0000
vt 0.0712 0.7345 0.0000
vt 0.0807 0.7408 0.0000
vt 0.0815 0.7445 0.0000
vt 0.0781 0.7373 0.0000
vt 0.0735 0.7314 0.0000
vt 0.0762 0.7285 0.0000
vt 0.0825 0.7367 0.0000
vt 0.0859 0.7347 0.0000
vt 0.0961 0.7411 0.0000
vt 0.1127 0.7516 0.0000
vt 0.0934 0.7473 0.0000
vt 0.0903 0.7423 0.0000
vt 0.0779 0.7250 0.0000
vt 0.0798 0.7218 0.0000
vt 0.0864 0.7309 0.0000
vt 0.0853 0.7268 0.0000
vt 0.0830 0.7197 0.0000
vt 0.0866 0.7179 0.0000
vt 0.0896 0.7277 0.0000
vt 0.0935 0.7269 0.0000
vt 0.1008 0.7363 0.0000
vt 0.0949 0.7355 0.0000
vt 0.0894 0.7151 0.0000
vt 0.0924 0.7128 0.0000
vt 0.0954 0.7234 0.0000
vt 0.0958 0.7192 0.0000
vt 0.0961 0.7119 0.0000
vt 0.1001 0.7113 0.0000
vt 0.0995 0.7215 0.0000
vt 0.1035 0.7220 0.0000
vt 0.1070 0.7333 0.0000
vt 0.1017 0.7306 0.0000
vt 0.1038 0.7097 0.0000
vt 0.1074 0.7084 0.0000
vt 0.1064 0.7194 0.0000
vt 0.1083 0.7156 0.0000
vt 0.1112 0.7088 0.0000
vt 0.1152 0.7095 0.0000
vt 0.1110 0.7190 0.0000
vt 0.1145 0.7208 0.0000
vt 0.1138 0.7325 0.0000
vt 0.1098 0.7283 0.0000
vt 0.1192 0.7092 0.0000
vt 0.1230 0.7093 0.0000
vt 0.1182 0.7193 0.0000
vt 0.1213 0.7163 0.0000
vt 0.1265 0.7109 0.0000
vt 0.1299 0.7129 0.0000
vt 0.1227 0.7204 0.0000
vt 0.1254 0.7232 0.0000
vt 0.1205 0.7340 0.0000
vt 0.1183 0.7287 0.0000
vt 0.1338 0.7139 0.0000
vt 0.1374 0.7152 0.0000
vt 0.1293 0.7231 0.0000
vt 0.1333 0.7213 0.0000
vt 0.1401 0.7179 0.0000
vt 0.1426 0.7209 0.0000
vt 0.1332 0.7255 0.0000
vt 0.1346 0.7291 0.0000
vt 0.1263 0.7377 0.0000
vt 0.1261 0.7319 0.0000
vt 0.1459 0.7232 0.0000
vt 0.1488 0.7256 0.0000
vt 0.1385 0.7303 0.0000
vt 0.1428 0.7299 0.0000
vt 0.1504 0.7290 0.0000
vt 0.1517 0.7327 0.0000
vt 0.1412 0.7339 0.0000
vt 0.1413 0.7377 0.0000
vt 0.1304 0.7430 0.0000
vt 0.1323 0.7375 0.0000
vt 0.1540 0.7359 0.0000
vt 0.1559 0.7391 0.0000
vt 0.1444 0.7401 0.0000
vt 0.1487 0.7412 0.0000
vt 0.1561 0.7428 0.0000
vt 0.1561 0.7467 0.0000
vt 0.1458 0.7443 0.0000
vt 0.1445 0.7480 0.0000
vt 0.1324 0.7494 0.0000
vt 0.1361 0.7448 0.0000
vt 0.1571 0.7504 0.0000
vt 0.1578 0.7541 0.0000
vt 0.1466 0.7513 0.0000
vt 0.1503 0.7537 0.0000
vt 0.1566 0.7577 0.0000
vt 0.1552 0.7613 0.0000
vt 0.1464 0.7557 0.0000
vt 0.1439 0.7587 0.0000
vt 0.1320 0.7560 0.0000
vt 0.1371 0.7530 0.0000
vt 0.1548 0.7652 0.0000
vt 0.1542 0.7688 0.0000
vt 0.1447 0.7625 0.0000
vt 0.1473 0.7660 0.0000
vt 0.1519 0.7718 0.0000
vt 0.1492 0.7748 0.0000
vt 0.1429 0.7666 0.0000
vt 0.1395 0.7686 0.0000
vt 0.1293 0.7622 0.0000
vt 0.1351 0.7609 0.0000
vt 0.1475 0.7782 0.0000
vt 0.1456 0.7815 0.0000
vt 0.1389 0.7724 0.0000
vt 0.1401 0.7765 0.0000
vt 0.1424 0.7836 0.0000
vt 0.1388 0.7854 0.0000
vt 0.1358 0.7756 0.0000
vt 0.1319 0.7764 0.0000
vt 0.1246 0.7670 0.0000
vt 0.1305 0.7678 0.0000
vt 0.1360 0.7881 0.0000
vt 0.1330 0.7905 0.0000
vt 0.1300 0.7798 0.0000
vt 0.1296 0.7841 0.0000
vt 0.1293 0.7914 0.0000
vt 0.1253 0.7920 0.0000
vt 0.1259 0.7818 0.0000
vt 0.1219 0.7813 0.0000
vt 0.1184 0.7700 0.0000
vt 0.1237 0.7727 0.0000
vt 0.1216 0.7936 0.0000
vt 0.1180 0.7949 0.0000
vt 0.1189 0.7838 0.0000
vt 0.1171 0.7877 0.0000
vt 0.1142 0.7945 0.0000
vt 0.1102 0.7937 0.0000
vt 0.1144 0.7843 0.0000
vt 0.1109 0.7825 0.0000
vt 0.1116 0.7708 0.0000
vt 0.1156 0.7750 0.0000
vt 0.1062 0.7940 0.0000
vt 0.1023 0.7940 0.0000
vt 0.1072 0.7839 0.0000
vt 0.1041 0.7870 0.0000
vt 0.0989 0.7924 0.0000
vt 0.0954 0.7904 0.0000
vt 0.1027 0.7829 0.0000
vt 0.1000 0.7800 0.0000
vt 0.1049 0.7693 0.0000
vt 0.1071 0.7746 0.0000
vt 0.0915 0.7893 0.0000
vt 0.0880 0.7880 0.0000
vt 0.0961 0.7802 0.0000
vt 0.0921 0.7820 0.0000
vt 0.0853 0.7854 0.0000
vt 0.0828 0.7824 0.0000
vt 0.0922 0.7778 0.0000
vt 0.0907 0.7742 0.0000
vt 0.0991 0.7656 0.0000
vt 0.0993 0.7713 0.0000
vt 0.0795 0.7801 0.0000
vt 0.0765 0.7777 0.0000
vt 0.0869 0.7730 0.0000
vt 0.0826 0.7734 0.0000
vt 0.0750 0.7743 0.0000
vt 0.0737 0.7706 0.0000
vt 0.0842 0.7694 0.0000
vt 0.0841 0.7656 0.0000
vt 0.0949 0.7603 0.0000
vt 0.0931 0.7657 0.0000
vt 0.0714 0.7674 0.0000
vt 0.0695 0.7642 0.0000
vt 0.0809 0.7632 0.0000
vt 0.0767 0.7621 0.0000
vt 0.0693 0.7605 0.0000
vt 0.0693 0.7566 0.0000
vt 0.0796 0.7589 0.0000
vt 0.0808 0.7553 0.0000
vt 0.0930 0.7539 0.0000
vt 0.0893 0.7584 0.0000
vt 0.0683 0.7528 0.0000
vt 0.0676 0.7492 0.0000
vt 0.0788 0.7520 0.0000
vt 0.0751 0.7496 0.0000
vt 0.0687 0.7456 0.0000
vt 0.0790 0.7476 0.0000
vt 0.0883 0.7503 0.0000
vt 0.1407 0.8853 0.0000
vt 0.1489 0.8871 0.0000
vt 0.1484 0.8895 0.0000
vt 0.1401 0.8876 0.0000
vt 0.1477 0.8922 0.0000
vt 0.1394 0.8903 0.0000
vt 0.1324 0.8834 0.0000
vt 0.1318 0.8857 0.0000
vt 0.1312 0.8884 0.0000
vt 0.1388 0.8931 0.0000
vt 0.1470 0.8949 0.0000
vt 0.1465 0.8972 0.0000
vt 0.1382 0.8953 0.0000
vt 0.1305 0.8911 0.0000
vt 0.1299 0.8935 0.0000
vt 0.1216 0.8915 0.0000
vt 0.1134 0.8896 0.0000
vt 0.1140 0.8873 0.0000
vt 0.1223 0.8892 0.0000
vt 0.1147 0.8845 0.0000
vt 0.1229 0.8865 0.0000
vt 0.1236 0.8838 0.0000
vt 0.1154 0.8818 0.0000
vt 0.1160 0.8795 0.0000
vt 0.1242 0.8815 0.0000
vt 0.1737 0.8927 0.0000
vt 0.1820 0.8944 0.0000
vt 0.1814 0.8968 0.0000
vt 0.1732 0.8950 0.0000
vt 0.1808 0.8995 0.0000
vt 0.1725 0.8977 0.0000
vt 0.1655 0.8908 0.0000
vt 0.1649 0.8932 0.0000
vt 0.1643 0.8959 0.0000
vt 0.1719 0.9004 0.0000
vt 0.1802 0.9022 0.0000
vt 0.1796 0.9046 0.0000
vt 0.1713 0.9028 0.0000
vt 0.1636 0.8986 0.0000
vt 0.1630 0.9009 0.0000
vt 0.1548 0.8991 0.0000
vt 0.1553 0.8968 0.0000
vt 0.1560 0.8940 0.0000
vt 0.1566 0.8913 0.0000
vt 0.1572 0.8890 0.0000
vt 0.2068 0.8997 0.0000
vt 0.2151 0.9014 0.0000
vt 0.2146 0.9037 0.0000
vt 0.2063 0.9020 0.0000
vt 0.2140 0.9064 0.0000
vt 0.2057 0.9048 0.0000
vt 0.1985 0.8980 0.0000
vt 0.1980 0.9003 0.0000
vt 0.1974 0.9030 0.0000
vt 0.2051 0.9075 0.0000
vt 0.2134 0.9092 0.0000
vt 0.2129 0.9115 0.0000
vt 0.2046 0.9098 0.0000
vt 0.1968 0.9057 0.0000
vt 0.1963 0.9081 0.0000
vt 0.1880 0.9063 0.0000
vt 0.1885 0.9040 0.0000
vt 0.1891 0.9013 0.0000
vt 0.1897 0.8986 0.0000
vt 0.1903 0.8962 0.0000
vt 0.2400 0.9064 0.0000
vt 0.2483 0.9080 0.0000
vt 0.2479 0.9104 0.0000
vt 0.2395 0.9087 0.0000
vt 0.2473 0.9131 0.0000
vt 0.2390 0.9114 0.0000
vt 0.2317 0.9047 0.0000
vt 0.2312 0.9071 0.0000
vt 0.2307 0.9098 0.0000
vt 0.2384 0.9142 0.0000
vt 0.2467 0.9158 0.0000
vt 0.2462 0.9182 0.0000
vt 0.2379 0.9165 0.0000
vt 0.2301 0.9125 0.0000
vt 0.2296 0.9149 0.0000
vt 0.2212 0.9132 0.0000
vt 0.2217 0.9109 0.0000
vt 0.2223 0.9081 0.0000
vt 0.2229 0.9054 0.0000
vt 0.2235 0.9031 0.0000
vt 0.2733 0.9127 0.0000
vt 0.2816 0.9143 0.0000
vt 0.2812 0.9166 0.0000
vt 0.2728 0.9150 0.0000
vt 0.2806 0.9193 0.0000
vt 0.2723 0.9178 0.0000
vt 0.2650 0.9111 0.0000
vt 0.2645 0.9135 0.0000
vt 0.2640 0.9162 0.0000
vt 0.2718 0.9205 0.0000
vt 0.2801 0.9220 0.0000
vt 0.2796 0.9244 0.0000
vt 0.2713 0.9229 0.0000
vt 0.2634 0.9190 0.0000
vt 0.2629 0.9213 0.0000
vt 0.2546 0.9197 0.0000
vt 0.2551 0.9174 0.0000
vt 0.2556 0.9147 0.0000
vt 0.2562 0.9119 0.0000
vt 0.2567 0.9096 0.0000
vt 0.3066 0.9187 0.0000
vt 0.3150 0.9201 0.0000
vt 0.3146 0.9225 0.0000
vt 0.3062 0.9210 0.0000
vt 0.3141 0.9252 0.0000
vt 0.3057 0.9238 0.0000
vt 0.2983 0.9172 0.0000
vt 0.2979 0.9196 0.0000
vt 0.2973 0.9223 0.0000
vt 0.3052 0.9265 0.0000
vt 0.3136 0.9279 0.0000
vt 0.3131 0.9303 0.0000
vt 0.3048 0.9289 0.0000
vt 0.2968 0.9251 0.0000
vt 0.2964 0.9274 0.0000
vt 0.2880 0.9259 0.0000
vt 0.2885 0.9236 0.0000
vt 0.2890 0.9208 0.0000
vt 0.2895 0.9181 0.0000
vt 0.2900 0.9158 0.0000
vt 0.3401 0.9243 0.0000
vt 0.3484 0.9256 0.0000
vt 0.3480 0.9280 0.0000
vt 0.3396 0.9267 0.0000
vt 0.3476 0.9308 0.0000
vt 0.3392 0.9294 0.0000
vt 0.3317 0.9229 0.0000
vt 0.3313 0.9253 0.0000
vt 0.3308 0.9280 0.0000
vt 0.3387 0.9322 0.0000
vt 0.3471 0.9335 0.0000
vt 0.3467 0.9359 0.0000
vt 0.3383 0.9345 0.0000
vt 0.3303 0.9308 0.0000
vt 0.3299 0.9331 0.0000
vt 0.3215 0.9317 0.0000
vt 0.3219 0.9294 0.0000
vt 0.3224 0.9266 0.0000
vt 0.3229 0.9239 0.0000
vt 0.3233 0.9215 0.0000
vt 0.3736 0.9296 0.0000
vt 0.3819 0.9308 0.0000
vt 0.3815 0.9332 0.0000
vt 0.3732 0.9319 0.0000
vt 0.3811 0.9359 0.0000
vt 0.3727 0.9347 0.0000
vt 0.3652 0.9283 0.0000
vt 0.3648 0.9306 0.0000
vt 0.3643 0.9334 0.0000
vt 0.3723 0.9375 0.0000
vt 0.3806 0.9387 0.0000
vt 0.3803 0.9411 0.0000
vt 0.3719 0.9398 0.0000
vt 0.3639 0.9361 0.0000
vt 0.3635 0.9385 0.0000
vt 0.3551 0.9372 0.0000
vt 0.3555 0.9348 0.0000
vt 0.3559 0.9321 0.0000
vt 0.3564 0.9293 0.0000
vt 0.3568 0.9270 0.0000
vt 0.4071 0.9345 0.0000
vt 0.4155 0.9356 0.0000
vt 0.4151 0.9380 0.0000
vt 0.4067 0.9368 0.0000
vt 0.4147 0.9408 0.0000
vt 0.4063 0.9396 0.0000
vt 0.3987 0.9333 0.0000
vt 0.3983 0.9357 0.0000
vt 0.3979 0.9384 0.0000
vt 0.4059 0.9423 0.0000
vt 0.4143 0.9436 0.0000
vt 0.4139 0.9459 0.0000
vt 0.4055 0.9447 0.0000
vt 0.3975 0.9412 0.0000
vt 0.3971 0.9435 0.0000
vt 0.3887 0.9423 0.0000
vt 0.3890 0.9400 0.0000
vt 0.3895 0.9372 0.0000
vt 0.3899 0.9345 0.0000
vt 0.3903 0.9321 0.0000
vt 0.4407 0.9391 0.0000
vt 0.4491 0.9401 0.0000
vt 0.4487 0.9425 0.0000
vt 0.4403 0.9414 0.0000
vt 0.4484 0.9453 0.0000
vt 0.4399 0.9442 0.0000
vt 0.4323 0.9380 0.0000
vt 0.4319 0.9403 0.0000
vt 0.4315 0.9431 0.0000
vt 0.4395 0.9470 0.0000
vt 0.4480 0.9480 0.0000
vt 0.4476 0.9504 0.0000
vt 0.4392 0.9493 0.0000
vt 0.4311 0.9458 0.0000
vt 0.4308 0.9482 0.0000
vt 0.4223 0.9471 0.0000
vt 0.4227 0.9447 0.0000
vt 0.4231 0.9420 0.0000
vt 0.4235 0.9392 0.0000
vt 0.4238 0.9368 0.0000
vt 0.4743 0.9432 0.0000
vt 0.4827 0.9442 0.0000
vt 0.4824 0.9466 0.0000
vt 0.4740 0.9456 0.0000
vt 0.4820 0.9494 0.0000
vt 0.4736 0.9484 0.0000
vt 0.4659 0.9422 0.0000
vt 0.4656 0.9446 0.0000
vt 0.4652 0.9473 0.0000
vt 0.4733 0.9512 0.0000
vt 0.4817 0.9521 0.0000
vt 0.4814 0.9545 0.0000
vt 0.4730 0.9535 0.0000
vt 0.4648 0.9501 0.0000
vt 0.4645 0.9525 0.0000
vt 0.4561 0.9515 0.0000
vt 0.4564 0.9491 0.0000
vt 0.4568 0.9463 0.0000
vt 0.4571 0.9436 0.0000
vt 0.4574 0.9412 0.0000
vt 0.5080 0.9471 0.0000
vt 0.5164 0.9480 0.0000
vt 0.5161 0.9504 0.0000
vt 0.5077 0.9495 0.0000
vt 0.5158 0.9531 0.0000
vt 0.5074 0.9523 0.0000
vt 0.4995 0.9462 0.0000
vt 0.4993 0.9485 0.0000
vt 0.4989 0.9513 0.0000
vt 0.5071 0.9550 0.0000
vt 0.5155 0.9559 0.0000
vt 0.5152 0.9583 0.0000
vt 0.5068 0.9574 0.0000
vt 0.4986 0.9541 0.0000
vt 0.4983 0.9565 0.0000
vt 0.4899 0.9555 0.0000
vt 0.4901 0.9531 0.0000
vt 0.4905 0.9504 0.0000
vt 0.4908 0.9476 0.0000
vt 0.4911 0.9452 0.0000
vt 0.5417 0.9506 0.0000
vt 0.5501 0.9514 0.0000
vt 0.5499 0.9538 0.0000
vt 0.5414 0.9530 0.0000
vt 0.5496 0.9565 0.0000
vt 0.5411 0.9557 0.0000
vt 0.5332 0.9498 0.0000
vt 0.5330 0.9521 0.0000
vt 0.5327 0.9549 0.0000
vt 0.5408 0.9585 0.0000
vt 0.5493 0.9593 0.0000
vt 0.5491 0.9617 0.0000
vt 0.5406 0.9609 0.0000
vt 0.5324 0.9577 0.0000
vt 0.5322 0.9601 0.0000
vt 0.5237 0.9592 0.0000
vt 0.5239 0.9568 0.0000
vt 0.5243 0.9540 0.0000
vt 0.5246 0.9513 0.0000
vt 0.5248 0.9489 0.0000
vt 0.5755 0.9537 0.0000
vt 0.5840 0.9544 0.0000
vt 0.5837 0.9568 0.0000
vt 0.5753 0.9560 0.0000
vt 0.5835 0.9595 0.0000
vt 0.5750 0.9588 0.0000
vt 0.5670 0.9529 0.0000
vt 0.5668 0.9553 0.0000
vt 0.5665 0.9581 0.0000
vt 0.5747 0.9616 0.0000
vt 0.5832 0.9623 0.0000
vt 0.5829 0.9647 0.0000
vt 0.5745 0.9640 0.0000
vt 0.5662 0.9609 0.0000
vt 0.5660 0.9633 0.0000
vt 0.5575 0.9625 0.0000
vt 0.5578 0.9601 0.0000
vt 0.5580 0.9573 0.0000
vt 0.5583 0.9546 0.0000
vt 0.5586 0.9522 0.0000
vt 0.6099 0.9567 0.0000
vt 0.6188 0.9582 0.0000
vt 0.6182 0.9605 0.0000
vt 0.6095 0.9591 0.0000
vt 0.6176 0.9631 0.0000
vt 0.6090 0.9618 0.0000
vt 0.6012 0.9558 0.0000
vt 0.6008 0.9582 0.0000
vt 0.6004 0.9610 0.0000
vt 0.6085 0.9646 0.0000
vt 0.6169 0.9657 0.0000
vt 0.6164 0.9680 0.0000
vt 0.6082 0.9669 0.0000
vt 0.6001 0.9637 0.0000
vt 0.5998 0.9661 0.0000
vt 0.5914 0.9654 0.0000
vt 0.5916 0.9631 0.0000
vt 0.5920 0.9602 0.0000
vt 0.5923 0.9575 0.0000
vt 0.5925 0.9551 0.0000
vt 0.0419 0.8609 0.0000
vt 0.0502 0.8630 0.0000
vt 0.0496 0.8654 0.0000
vt 0.0413 0.8632 0.0000
vt 0.0489 0.8681 0.0000
vt 0.0406 0.8659 0.0000
vt 0.0336 0.8587 0.0000
vt 0.0330 0.8610 0.0000
vt 0.0324 0.8638 0.0000
vt 0.0399 0.8686 0.0000
vt 0.0481 0.8708 0.0000
vt 0.0475 0.8731 0.0000
vt 0.0393 0.8710 0.0000
vt 0.0317 0.8665 0.0000
vt 0.0312 0.8689 0.0000
vt 0.0230 0.8668 0.0000
vt 0.0149 0.8651 0.0000
vt 0.0152 0.8628 0.0000
vt 0.0235 0.8645 0.0000
vt 0.0156 0.8601 0.0000
vt 0.0241 0.8618 0.0000
vt 0.0246 0.8590 0.0000
vt 0.0159 0.8574 0.0000
vt 0.0162 0.8550 0.0000
vt 0.0251 0.8567 0.0000
vt 0.0749 0.8694 0.0000
vt 0.0831 0.8715 0.0000
vt 0.0824 0.8738 0.0000
vt 0.0742 0.8717 0.0000
vt 0.0817 0.8765 0.0000
vt 0.0735 0.8744 0.0000
vt 0.0666 0.8673 0.0000
vt 0.0660 0.8696 0.0000
vt 0.0653 0.8723 0.0000
vt 0.0728 0.8772 0.0000
vt 0.0810 0.8792 0.0000
vt 0.0804 0.8815 0.0000
vt 0.0722 0.8795 0.0000
vt 0.0646 0.8750 0.0000
vt 0.0639 0.8774 0.0000
vt 0.0557 0.8753 0.0000
vt 0.0564 0.8729 0.0000
vt 0.0571 0.8702 0.0000
vt 0.0578 0.8675 0.0000
vt 0.0584 0.8652 0.0000
vt 0.1077 0.8776 0.0000
vt 0.1071 0.8799 0.0000
vt 0.1064 0.8826 0.0000
vt 0.0995 0.8756 0.0000
vt 0.0989 0.8779 0.0000
vt 0.0982 0.8806 0.0000
vt 0.1057 0.8852 0.0000
vt 0.1051 0.8876 0.0000
vt 0.0975 0.8833 0.0000
vt 0.0969 0.8856 0.0000
vt 0.0886 0.8836 0.0000
vt 0.0892 0.8813 0.0000
vt 0.0899 0.8786 0.0000
vt 0.0907 0.8759 0.0000
vt 0.0913 0.8736 0.0000
vt 0.1347 0.9094 0.0000
vt 0.1430 0.9113 0.0000
vt 0.1425 0.9137 0.0000
vt 0.1342 0.9117 0.0000
vt 0.1418 0.9164 0.0000
vt 0.1335 0.9145 0.0000
vt 0.1264 0.9075 0.0000
vt 0.1258 0.9098 0.0000
vt 0.1252 0.9125 0.0000
vt 0.1328 0.9171 0.0000
vt 0.1412 0.9190 0.0000
vt 0.1406 0.9213 0.0000
vt 0.1323 0.9194 0.0000
vt 0.1245 0.9152 0.0000
vt 0.1239 0.9175 0.0000
vt 0.1156 0.9155 0.0000
vt 0.1073 0.9136 0.0000
vt 0.1078 0.9113 0.0000
vt 0.1162 0.9133 0.0000
vt 0.1085 0.9086 0.0000
vt 0.1168 0.9106 0.0000
vt 0.1175 0.9079 0.0000
vt 0.1092 0.9059 0.0000
vt 0.1098 0.9036 0.0000
vt 0.1181 0.9056 0.0000
vt 0.1680 0.9169 0.0000
vt 0.1764 0.9187 0.0000
vt 0.1758 0.9210 0.0000
vt 0.1675 0.9192 0.0000
vt 0.1752 0.9237 0.0000
vt 0.1669 0.9219 0.0000
vt 0.1597 0.9150 0.0000
vt 0.1591 0.9174 0.0000
vt 0.1585 0.9201 0.0000
vt 0.1662 0.9246 0.0000
vt 0.1746 0.9264 0.0000
vt 0.1741 0.9287 0.0000
vt 0.1657 0.9269 0.0000
vt 0.1579 0.9228 0.0000
vt 0.1574 0.9250 0.0000
vt 0.1490 0.9232 0.0000
vt 0.1495 0.9209 0.0000
vt 0.1502 0.9183 0.0000
vt 0.1508 0.9155 0.0000
vt 0.1514 0.9132 0.0000
vt 0.2014 0.9240 0.0000
vt 0.2098 0.9257 0.0000
vt 0.2093 0.9280 0.0000
vt 0.2009 0.9263 0.0000
vt 0.2087 0.9308 0.0000
vt 0.2003 0.9290 0.0000
vt 0.1931 0.9222 0.0000
vt 0.1926 0.9246 0.0000
vt 0.1920 0.9273 0.0000
vt 0.1997 0.9317 0.0000
vt 0.2081 0.9334 0.0000
vt 0.2076 0.9357 0.0000
vt 0.1992 0.9340 0.0000
vt 0.1914 0.9300 0.0000
vt 0.1908 0.9322 0.0000
vt 0.1825 0.9304 0.0000
vt 0.1830 0.9282 0.0000
vt 0.1836 0.9255 0.0000
vt 0.1842 0.9228 0.0000
vt 0.1847 0.9204 0.0000
vt 0.2349 0.9307 0.0000
vt 0.2433 0.9323 0.0000
vt 0.2428 0.9347 0.0000
vt 0.2344 0.9330 0.0000
vt 0.2422 0.9374 0.0000
vt 0.2338 0.9358 0.0000
vt 0.2266 0.9290 0.0000
vt 0.2260 0.9314 0.0000
vt 0.2255 0.9341 0.0000
vt 0.2333 0.9384 0.0000
vt 0.2417 0.9401 0.0000
vt 0.2412 0.9424 0.0000
vt 0.2328 0.9407 0.0000
vt 0.2249 0.9368 0.0000
vt 0.2244 0.9391 0.0000
vt 0.2160 0.9374 0.0000
vt 0.2165 0.9351 0.0000
vt 0.2171 0.9324 0.0000
vt 0.2177 0.9297 0.0000
vt 0.2182 0.9274 0.0000
vt 0.2685 0.9371 0.0000
vt 0.2769 0.9386 0.0000
vt 0.2764 0.9410 0.0000
vt 0.2680 0.9395 0.0000
vt 0.2759 0.9437 0.0000
vt 0.2675 0.9421 0.0000
vt 0.2601 0.9355 0.0000
vt 0.2596 0.9379 0.0000
vt 0.2591 0.9406 0.0000
vt 0.2669 0.9449 0.0000
vt 0.2753 0.9464 0.0000
vt 0.2749 0.9487 0.0000
vt 0.2665 0.9471 0.0000
vt 0.2585 0.9433 0.0000
vt 0.2580 0.9456 0.0000
vt 0.2496 0.9440 0.0000
vt 0.2501 0.9417 0.0000
vt 0.2506 0.9390 0.0000
vt 0.2512 0.9363 0.0000
vt 0.2517 0.9339 0.0000
vt 0.3021 0.9431 0.0000
vt 0.3105 0.9446 0.0000
vt 0.3101 0.9469 0.0000
vt 0.3017 0.9454 0.0000
vt 0.3096 0.9497 0.0000
vt 0.3011 0.9482 0.0000
vt 0.2937 0.9416 0.0000
vt 0.2932 0.9440 0.0000
vt 0.2927 0.9467 0.0000
vt 0.3006 0.9509 0.0000
vt 0.3091 0.9524 0.0000
vt 0.3087 0.9547 0.0000
vt 0.3002 0.9532 0.0000
vt 0.2922 0.9494 0.0000
vt 0.2918 0.9517 0.0000
vt 0.2833 0.9502 0.0000
vt 0.2838 0.9479 0.0000
vt 0.2843 0.9452 0.0000
vt 0.2848 0.9425 0.0000
vt 0.2853 0.9401 0.0000
vt 0.3358 0.9488 0.0000
vt 0.3442 0.9501 0.0000
vt 0.3438 0.9525 0.0000
vt 0.3354 0.9511 0.0000
vt 0.3433 0.9552 0.0000
vt 0.3349 0.9539 0.0000
vt 0.3273 0.9474 0.0000
vt 0.3269 0.9498 0.0000
vt 0.3264 0.9525 0.0000
vt 0.3344 0.9566 0.0000
vt 0.3429 0.9580 0.0000
vt 0.3425 0.9603 0.0000
vt 0.3340 0.9588 0.0000
vt 0.3260 0.9552 0.0000
vt 0.3256 0.9575 0.0000
vt 0.3171 0.9561 0.0000
vt 0.3175 0.9538 0.0000
vt 0.3180 0.9511 0.0000
vt 0.3185 0.9483 0.0000
vt 0.3189 0.9460 0.0000
vt 0.3695 0.9541 0.0000
vt 0.3780 0.9554 0.0000
vt 0.3776 0.9577 0.0000
vt 0.3692 0.9564 0.0000
vt 0.3771 0.9605 0.0000
vt 0.3687 0.9592 0.0000
vt 0.3611 0.9528 0.0000
vt 0.3607 0.9552 0.0000
vt 0.3602 0.9579 0.0000
vt 0.3683 0.9619 0.0000
vt 0.3767 0.9632 0.0000
vt 0.3763 0.9655 0.0000
vt 0.3679 0.9642 0.0000
vt 0.3598 0.9606 0.0000
vt 0.3594 0.9629 0.0000
vt 0.3509 0.9616 0.0000
vt 0.3513 0.9593 0.0000
vt 0.3518 0.9566 0.0000
vt 0.3523 0.9538 0.0000
vt 0.3527 0.9515 0.0000
vt 0.4034 0.9590 0.0000
vt 0.4118 0.9602 0.0000
vt 0.4115 0.9626 0.0000
vt 0.4030 0.9614 0.0000
vt 0.4110 0.9653 0.0000
vt 0.4026 0.9641 0.0000
vt 0.3949 0.9578 0.0000
vt 0.3945 0.9602 0.0000
vt 0.3941 0.9629 0.0000
vt 0.4022 0.9669 0.0000
vt 0.4106 0.9681 0.0000
vt 0.4103 0.9704 0.0000
vt 0.4018 0.9692 0.0000
vt 0.3937 0.9657 0.0000
vt 0.3933 0.9680 0.0000
vt 0.3848 0.9667 0.0000
vt 0.3852 0.9644 0.0000
vt 0.3856 0.9617 0.0000
vt 0.3861 0.9589 0.0000
vt 0.3864 0.9566 0.0000
vt 0.4372 0.9637 0.0000
vt 0.4457 0.9647 0.0000
vt 0.4454 0.9671 0.0000
vt 0.4369 0.9660 0.0000
vt 0.4450 0.9699 0.0000
vt 0.4365 0.9688 0.0000
vt 0.4287 0.9625 0.0000
vt 0.4284 0.9649 0.0000
vt 0.4280 0.9676 0.0000
vt 0.4361 0.9715 0.0000
vt 0.4446 0.9726 0.0000
vt 0.4443 0.9749 0.0000
vt 0.4358 0.9738 0.0000
vt 0.4276 0.9704 0.0000
vt 0.4273 0.9727 0.0000
vt 0.4188 0.9715 0.0000
vt 0.4191 0.9692 0.0000
vt 0.4195 0.9665 0.0000
vt 0.4199 0.9638 0.0000
vt 0.4203 0.9614 0.0000
vt 0.4711 0.9679 0.0000
vt 0.4796 0.9689 0.0000
vt 0.4793 0.9713 0.0000
vt 0.4708 0.9702 0.0000
vt 0.4790 0.9740 0.0000
vt 0.4704 0.9730 0.0000
vt 0.4626 0.9669 0.0000
vt 0.4623 0.9692 0.0000
vt 0.4620 0.9720 0.0000
vt 0.4701 0.9758 0.0000
vt 0.4786 0.9768 0.0000
vt 0.4783 0.9791 0.0000
vt 0.4698 0.9781 0.0000
vt 0.4616 0.9747 0.0000
vt 0.4613 0.9770 0.0000
vt 0.4528 0.9760 0.0000
vt 0.4531 0.9737 0.0000
vt 0.4535 0.9710 0.0000
vt 0.4538 0.9682 0.0000
vt 0.4542 0.9658 0.0000
vt 0.5051 0.9718 0.0000
vt 0.5136 0.9727 0.0000
vt 0.5133 0.9751 0.0000
vt 0.5048 0.9741 0.0000
vt 0.5130 0.9778 0.0000
vt 0.5045 0.9769 0.0000
vt 0.4966 0.9708 0.0000
vt 0.4963 0.9732 0.0000
vt 0.4960 0.9760 0.0000
vt 0.5042 0.9797 0.0000
vt 0.5127 0.9806 0.0000
vt 0.5124 0.9829 0.0000
vt 0.5039 0.9820 0.0000
vt 0.4956 0.9787 0.0000
vt 0.4954 0.9810 0.0000
vt 0.4868 0.9800 0.0000
vt 0.4871 0.9777 0.0000
vt 0.4875 0.9750 0.0000
vt 0.4878 0.9722 0.0000
vt 0.4881 0.9698 0.0000
vt 0.5391 0.9753 0.0000
vt 0.5476 0.9761 0.0000
vt 0.5474 0.9785 0.0000
vt 0.5388 0.9776 0.0000
vt 0.5471 0.9813 0.0000
vt 0.5385 0.9805 0.0000
vt 0.5306 0.9744 0.0000
vt 0.5303 0.9768 0.0000
vt 0.5300 0.9796 0.0000
vt 0.5383 0.9832 0.0000
vt 0.5468 0.9840 0.0000
vt 0.5465 0.9863 0.0000
vt 0.5380 0.9855 0.0000
vt 0.5297 0.9823 0.0000
vt 0.5295 0.9846 0.0000
vt 0.5210 0.9838 0.0000
vt 0.5212 0.9815 0.0000
vt 0.5215 0.9787 0.0000
vt 0.5218 0.9759 0.0000
vt 0.5221 0.9736 0.0000
vt 0.5731 0.9785 0.0000
vt 0.5816 0.9792 0.0000
vt 0.5814 0.9817 0.0000
vt 0.5729 0.9809 0.0000
vt 0.5812 0.9844 0.0000
vt 0.5726 0.9837 0.0000
vt 0.5646 0.9777 0.0000
vt 0.5644 0.9801 0.0000
vt 0.5641 0.9829 0.0000
vt 0.5724 0.9864 0.0000
vt 0.5809 0.9872 0.0000
vt 0.5808 0.9895 0.0000
vt 0.5722 0.9887 0.0000
vt 0.5638 0.9857 0.0000
vt 0.5636 0.9880 0.0000
vt 0.5551 0.9871 0.0000
vt 0.5553 0.9848 0.0000
vt 0.5556 0.9821 0.0000
vt 0.5558 0.9793 0.0000
vt 0.5561 0.9769 0.0000
vt 0.6069 0.9812 0.0000
vt 0.6152 0.9815 0.0000
vt 0.6153 0.9838 0.0000
vt 0.6069 0.9836 0.0000
vt 0.6155 0.9865 0.0000
vt 0.6069 0.9863 0.0000
vt 0.5985 0.9806 0.0000
vt 0.5984 0.9830 0.0000
vt 0.5982 0.9858 0.0000
vt 0.6068 0.9891 0.0000
vt 0.6157 0.9891 0.0000
vt 0.6159 0.9914 0.0000
vt 0.6068 0.9914 0.0000
vt 0.5981 0.9886 0.0000
vt 0.5981 0.9909 0.0000
vt 0.5894 0.9902 0.0000
vt 0.5895 0.9879 0.0000
vt 0.5897 0.9852 0.0000
vt 0.5899 0.9823 0.0000
vt 0.5901 0.9800 0.0000
vt 0.0354 0.8851 0.0000
vt 0.0436 0.8872 0.0000
vt 0.0429 0.8895 0.0000
vt 0.0347 0.8874 0.0000
vt 0.0421 0.8922 0.0000
vt 0.0339 0.8900 0.0000
vt 0.0272 0.8829 0.0000
vt 0.0264 0.8852 0.0000
vt 0.0256 0.8878 0.0000
vt 0.0330 0.8927 0.0000
vt 0.0414 0.8949 0.0000
vt 0.0407 0.8971 0.0000
vt 0.0324 0.8949 0.0000
vt 0.0247 0.8905 0.0000
vt 0.0240 0.8927 0.0000
vt 0.0155 0.8902 0.0000
vt 0.0070 0.8872 0.0000
vt 0.0080 0.8851 0.0000
vt 0.0163 0.8880 0.0000
vt 0.0091 0.8827 0.0000
vt 0.0173 0.8854 0.0000
vt 0.0183 0.8828 0.0000
vt 0.0103 0.8802 0.0000
vt 0.0112 0.8781 0.0000
vt 0.0191 0.8806 0.0000
vt 0.0684 0.8935 0.0000
vt 0.0767 0.8956 0.0000
vt 0.0760 0.8979 0.0000
vt 0.0677 0.8958 0.0000
vt 0.0753 0.9006 0.0000
vt 0.0670 0.8985 0.0000
vt 0.0601 0.8914 0.0000
vt 0.0595 0.8938 0.0000
vt 0.0587 0.8965 0.0000
vt 0.0663 0.9012 0.0000
vt 0.0746 0.9032 0.0000
vt 0.0740 0.9055 0.0000
vt 0.0657 0.9034 0.0000
vt 0.0580 0.8991 0.0000
vt 0.0573 0.9014 0.0000
vt 0.0490 0.8993 0.0000
vt 0.0497 0.8970 0.0000
vt 0.0504 0.8943 0.0000
vt 0.0512 0.8916 0.0000
vt 0.0518 0.8893 0.0000
vt 0.1015 0.9016 0.0000
vt 0.1009 0.9040 0.0000
vt 0.1002 0.9066 0.0000
vt 0.0932 0.8996 0.0000
vt 0.0926 0.9020 0.0000
vt 0.0919 0.9046 0.0000
vt 0.0995 0.9093 0.0000
vt 0.0990 0.9116 0.0000
vt 0.0912 0.9073 0.0000
vt 0.0906 0.9096 0.0000
vt 0.0823 0.9075 0.0000
vt 0.0829 0.9053 0.0000
vt 0.0836 0.9026 0.0000
vt 0.0843 0.8999 0.0000
vt 0.0849 0.8976 0.0000
vt 0.1460 0.8990 0.0000
vt 0.1377 0.8971 0.0000
vt 0.1456 0.9007 0.0000
vt 0.1374 0.8988 0.0000
vt 0.1295 0.8952 0.0000
vt 0.1291 0.8969 0.0000
vt 0.1369 0.9005 0.0000
vt 0.1452 0.9024 0.0000
vt 0.1448 0.9043 0.0000
vt 0.1365 0.9024 0.0000
vt 0.1286 0.8986 0.0000
vt 0.1282 0.9005 0.0000
vt 0.1199 0.8985 0.0000
vt 0.1116 0.8966 0.0000
vt 0.1121 0.8947 0.0000
vt 0.1203 0.8967 0.0000
vt 0.1125 0.8930 0.0000
vt 0.1208 0.8950 0.0000
vt 0.1129 0.8913 0.0000
vt 0.1212 0.8933 0.0000
vt 0.1792 0.9063 0.0000
vt 0.1709 0.9045 0.0000
vt 0.1789 0.9080 0.0000
vt 0.1705 0.9062 0.0000
vt 0.1626 0.9027 0.0000
vt 0.1622 0.9044 0.0000
vt 0.1701 0.9079 0.0000
vt 0.1785 0.9097 0.0000
vt 0.1780 0.9116 0.0000
vt 0.1697 0.9098 0.0000
vt 0.1618 0.9061 0.0000
vt 0.1614 0.9080 0.0000
vt 0.1531 0.9061 0.0000
vt 0.1535 0.9043 0.0000
vt 0.1539 0.9025 0.0000
vt 0.1543 0.9009 0.0000
vt 0.2125 0.9133 0.0000
vt 0.2042 0.9116 0.0000
vt 0.2122 0.9150 0.0000
vt 0.2038 0.9133 0.0000
vt 0.1959 0.9099 0.0000
vt 0.1955 0.9115 0.0000
vt 0.2034 0.9150 0.0000
vt 0.2118 0.9167 0.0000
vt 0.2114 0.9186 0.0000
vt 0.2030 0.9169 0.0000
vt 0.1951 0.9133 0.0000
vt 0.1947 0.9151 0.0000
vt 0.1864 0.9134 0.0000
vt 0.1868 0.9115 0.0000
vt 0.1872 0.9098 0.0000
vt 0.1876 0.9081 0.0000
vt 0.2459 0.9199 0.0000
vt 0.2375 0.9183 0.0000
vt 0.2455 0.9216 0.0000
vt 0.2372 0.9200 0.0000
vt 0.2292 0.9167 0.0000
vt 0.2288 0.9183 0.0000
vt 0.2368 0.9217 0.0000
vt 0.2452 0.9233 0.0000
vt 0.2448 0.9252 0.0000
vt 0.2364 0.9236 0.0000
vt 0.2285 0.9201 0.0000
vt 0.2281 0.9219 0.0000
vt 0.2197 0.9203 0.0000
vt 0.2201 0.9184 0.0000
vt 0.2205 0.9167 0.0000
vt 0.2209 0.9150 0.0000
vt 0.2793 0.9262 0.0000
vt 0.2709 0.9247 0.0000
vt 0.2790 0.9279 0.0000
vt 0.2706 0.9263 0.0000
vt 0.2626 0.9231 0.0000
vt 0.2622 0.9248 0.0000
vt 0.2703 0.9281 0.0000
vt 0.2786 0.9296 0.0000
vt 0.2783 0.9315 0.0000
vt 0.2699 0.9300 0.0000
vt 0.2619 0.9265 0.0000
vt 0.2615 0.9284 0.0000
vt 0.2531 0.9268 0.0000
vt 0.2535 0.9249 0.0000
vt 0.2539 0.9232 0.0000
vt 0.2542 0.9215 0.0000
vt 0.3128 0.9321 0.0000
vt 0.3044 0.9306 0.0000
vt 0.3125 0.9338 0.0000
vt 0.3041 0.9323 0.0000
vt 0.2960 0.9292 0.0000
vt 0.2957 0.9309 0.0000
vt 0.3038 0.9341 0.0000
vt 0.3122 0.9355 0.0000
vt 0.3118 0.9374 0.0000
vt 0.3034 0.9360 0.0000
vt 0.2954 0.9326 0.0000
vt 0.2950 0.9345 0.0000
vt 0.2866 0.9330 0.0000
vt 0.2870 0.9311 0.0000
vt 0.2874 0.9294 0.0000
vt 0.2877 0.9277 0.0000
vt 0.3464 0.9377 0.0000
vt 0.3380 0.9363 0.0000
vt 0.3461 0.9393 0.0000
vt 0.3377 0.9380 0.0000
vt 0.3296 0.9349 0.0000
vt 0.3293 0.9366 0.0000
vt 0.3374 0.9397 0.0000
vt 0.3458 0.9411 0.0000
vt 0.3454 0.9430 0.0000
vt 0.3370 0.9416 0.0000
vt 0.3290 0.9384 0.0000
vt 0.3286 0.9402 0.0000
vt 0.3202 0.9388 0.0000
vt 0.3206 0.9370 0.0000
vt 0.3209 0.9352 0.0000
vt 0.3212 0.9335 0.0000
vt 0.3800 0.9429 0.0000
vt 0.3716 0.9416 0.0000
vt 0.3797 0.9446 0.0000
vt 0.3713 0.9433 0.0000
vt 0.3632 0.9403 0.0000
vt 0.3629 0.9420 0.0000
vt 0.3710 0.9450 0.0000
vt 0.3794 0.9463 0.0000
vt 0.3791 0.9482 0.0000
vt 0.3707 0.9469 0.0000
vt 0.3626 0.9437 0.0000
vt 0.3623 0.9456 0.0000
vt 0.3539 0.9443 0.0000
vt 0.3542 0.9424 0.0000
vt 0.3545 0.9407 0.0000
vt 0.3548 0.9390 0.0000
vt 0.4137 0.9477 0.0000
vt 0.4052 0.9465 0.0000
vt 0.4134 0.9494 0.0000
vt 0.4050 0.9482 0.0000
vt 0.3968 0.9453 0.0000
vt 0.3965 0.9470 0.0000
vt 0.4047 0.9500 0.0000
vt 0.4132 0.9512 0.0000
vt 0.4129 0.9530 0.0000
vt 0.4044 0.9519 0.0000
vt 0.3963 0.9488 0.0000
vt 0.3960 0.9507 0.0000
vt 0.3876 0.9494 0.0000
vt 0.3879 0.9476 0.0000
vt 0.3881 0.9458 0.0000
vt 0.3884 0.9441 0.0000
vt 0.4474 0.9522 0.0000
vt 0.4390 0.9511 0.0000
vt 0.4472 0.9539 0.0000
vt 0.4387 0.9528 0.0000
vt 0.4305 0.9500 0.0000
vt 0.4303 0.9517 0.0000
vt 0.4385 0.9546 0.0000
vt 0.4469 0.9557 0.0000
vt 0.4467 0.9575 0.0000
vt 0.4382 0.9565 0.0000
vt 0.4300 0.9535 0.0000
vt 0.4298 0.9553 0.0000
vt 0.4213 0.9542 0.0000
vt 0.4216 0.9523 0.0000
vt 0.4219 0.9506 0.0000
vt 0.4221 0.9489 0.0000
vt 0.4812 0.9563 0.0000
vt 0.4727 0.9553 0.0000
vt 0.4810 0.9580 0.0000
vt 0.4725 0.9570 0.0000
vt 0.4643 0.9543 0.0000
vt 0.4641 0.9560 0.0000
vt 0.4723 0.9588 0.0000
vt 0.4808 0.9598 0.0000
vt 0.4805 0.9617 0.0000
vt 0.4721 0.9607 0.0000
vt 0.4638 0.9578 0.0000
vt 0.4636 0.9597 0.0000
vt 0.4551 0.9586 0.0000
vt 0.4554 0.9567 0.0000
vt 0.4556 0.9550 0.0000
vt 0.4558 0.9533 0.0000
vt 0.5150 0.9601 0.0000
vt 0.5066 0.9592 0.0000
vt 0.5148 0.9618 0.0000
vt 0.5064 0.9609 0.0000
vt 0.4981 0.9583 0.0000
vt 0.4979 0.9600 0.0000
vt 0.5061 0.9627 0.0000
vt 0.5146 0.9636 0.0000
vt 0.5144 0.9655 0.0000
vt 0.5059 0.9646 0.0000
vt 0.4977 0.9617 0.0000
vt 0.4974 0.9636 0.0000
vt 0.4890 0.9627 0.0000
vt 0.4892 0.9608 0.0000
vt 0.4894 0.9590 0.0000
vt 0.4896 0.9573 0.0000
vt 0.5489 0.9635 0.0000
vt 0.5404 0.9627 0.0000
vt 0.5487 0.9652 0.0000
vt 0.5402 0.9644 0.0000
vt 0.5319 0.9619 0.0000
vt 0.5317 0.9636 0.0000
vt 0.5400 0.9662 0.0000
vt 0.5485 0.9670 0.0000
vt 0.5483 0.9689 0.0000
vt 0.5398 0.9681 0.0000
vt 0.5316 0.9653 0.0000
vt 0.5314 0.9672 0.0000
vt 0.5229 0.9664 0.0000
vt 0.5231 0.9645 0.0000
vt 0.5233 0.9627 0.0000
vt 0.5235 0.9610 0.0000
vt 0.5828 0.9665 0.0000
vt 0.5743 0.9658 0.0000
vt 0.5826 0.9683 0.0000
vt 0.5741 0.9675 0.0000
vt 0.5658 0.9651 0.0000
vt 0.5656 0.9668 0.0000
vt 0.5739 0.9693 0.0000
vt 0.5824 0.9700 0.0000
vt 0.5822 0.9720 0.0000
vt 0.5738 0.9712 0.0000
vt 0.5655 0.9686 0.0000
vt 0.5653 0.9705 0.0000
vt 0.5568 0.9697 0.0000
vt 0.5570 0.9678 0.0000
vt 0.5572 0.9660 0.0000
vt 0.5574 0.9643 0.0000
vt 0.6161 0.9697 0.0000
vt 0.6079 0.9687 0.0000
vt 0.6158 0.9713 0.0000
vt 0.6077 0.9704 0.0000
vt 0.5996 0.9680 0.0000
vt 0.5994 0.9697 0.0000
vt 0.6075 0.9721 0.0000
vt 0.6156 0.9729 0.0000
vt 0.6154 0.9747 0.0000
vt 0.6073 0.9740 0.0000
vt 0.5992 0.9714 0.0000
vt 0.5990 0.9734 0.0000
vt 0.5907 0.9727 0.0000
vt 0.5908 0.9707 0.0000
vt 0.5910 0.9690 0.0000
vt 0.5912 0.9672 0.0000
vt 0.0470 0.8749 0.0000
vt 0.0389 0.8727 0.0000
vt 0.0466 0.8766 0.0000
vt 0.0384 0.8744 0.0000
vt 0.0307 0.8706 0.0000
vt 0.0303 0.8723 0.0000
vt 0.0379 0.8762 0.0000
vt 0.0461 0.8783 0.0000
vt 0.0456 0.8802 0.0000
vt 0.0374 0.8780 0.0000
vt 0.0298 0.8740 0.0000
vt 0.0293 0.8759 0.0000
vt 0.0213 0.8738 0.0000
vt 0.0135 0.8717 0.0000
vt 0.0139 0.8699 0.0000
vt 0.0218 0.8719 0.0000
vt 0.0143 0.8683 0.0000
vt 0.0222 0.8702 0.0000
vt 0.0226 0.8686 0.0000
vt 0.0146 0.8667 0.0000
vt 0.0799 0.8833 0.0000
vt 0.0717 0.8812 0.0000
vt 0.0795 0.8850 0.0000
vt 0.0712 0.8829 0.0000
vt 0.0635 0.8791 0.0000
vt 0.0630 0.8808 0.0000
vt 0.0708 0.8846 0.0000
vt 0.0790 0.8867 0.0000
vt 0.0785 0.8885 0.0000
vt 0.0703 0.8865 0.0000
vt 0.0625 0.8825 0.0000
vt 0.0620 0.8844 0.0000
vt 0.0538 0.8823 0.0000
vt 0.0543 0.8804 0.0000
vt 0.0548 0.8787 0.0000
vt 0.0552 0.8770 0.0000
vt 0.1047 0.8894 0.0000
vt 0.1042 0.8910 0.0000
vt 0.0964 0.8874 0.0000
vt 0.0960 0.8890 0.0000
vt 0.1038 0.8927 0.0000
vt 0.1033 0.8946 0.0000
vt 0.0955 0.8907 0.0000
vt 0.0950 0.8926 0.0000
vt 0.0868 0.8906 0.0000
vt 0.0873 0.8887 0.0000
vt 0.0877 0.8870 0.0000
vt 0.0882 0.8853 0.0000
vt 0.1443 0.9061 0.0000
vt 0.1360 0.9042 0.0000
vt 0.1439 0.9079 0.0000
vt 0.1356 0.9060 0.0000
vt 0.1277 0.9023 0.0000
vt 0.1273 0.9041 0.0000
vt 0.1435 0.9095 0.0000
vt 0.1352 0.9077 0.0000
vt 0.1269 0.9057 0.0000
vt 0.1103 0.9018 0.0000
vt 0.1185 0.9038 0.0000
vt 0.1107 0.9002 0.0000
vt 0.1190 0.9021 0.0000
vt 0.1194 0.9004 0.0000
vt 0.1111 0.8984 0.0000
vt 0.1776 0.9135 0.0000
vt 0.1693 0.9117 0.0000
vt 0.1772 0.9152 0.0000
vt 0.1688 0.9134 0.0000
vt 0.1609 0.9098 0.0000
vt 0.1605 0.9116 0.0000
vt 0.1768 0.9169 0.0000
vt 0.1685 0.9151 0.0000
vt 0.1601 0.9133 0.0000
vt 0.1518 0.9114 0.0000
vt 0.1522 0.9098 0.0000
vt 0.1526 0.9080 0.0000
vt 0.2110 0.9205 0.0000
vt 0.2026 0.9187 0.0000
vt 0.2106 0.9222 0.0000
vt 0.2022 0.9205 0.0000
vt 0.1943 0.9170 0.0000
vt 0.1939 0.9188 0.0000
vt 0.2018 0.9222 0.0000
vt 0.2102 0.9239 0.0000
vt 0.1935 0.9204 0.0000
vt 0.1851 0.9187 0.0000
vt 0.1855 0.9170 0.0000
vt 0.1859 0.9152 0.0000
vt 0.2444 0.9271 0.0000
vt 0.2360 0.9255 0.0000
vt 0.2440 0.9289 0.0000
vt 0.2356 0.9272 0.0000
vt 0.2277 0.9238 0.0000
vt 0.2273 0.9256 0.0000
vt 0.2437 0.9305 0.0000
vt 0.2353 0.9289 0.0000
vt 0.2269 0.9273 0.0000
vt 0.2186 0.9256 0.0000
vt 0.2189 0.9239 0.0000
vt 0.2193 0.9221 0.0000
vt 0.2779 0.9334 0.0000
vt 0.2695 0.9318 0.0000
vt 0.2776 0.9352 0.0000
vt 0.2692 0.9336 0.0000
vt 0.2611 0.9303 0.0000
vt 0.2608 0.9320 0.0000
vt 0.2772 0.9368 0.0000
vt 0.2688 0.9353 0.0000
vt 0.2604 0.9337 0.0000
vt 0.2521 0.9322 0.0000
vt 0.2524 0.9305 0.0000
vt 0.2528 0.9287 0.0000
vt 0.3115 0.9393 0.0000
vt 0.3031 0.9379 0.0000
vt 0.3112 0.9411 0.0000
vt 0.3027 0.9396 0.0000
vt 0.2947 0.9364 0.0000
vt 0.2943 0.9382 0.0000
vt 0.3108 0.9428 0.0000
vt 0.3024 0.9413 0.0000
vt 0.2940 0.9398 0.0000
vt 0.2856 0.9383 0.0000
vt 0.2860 0.9367 0.0000
vt 0.2863 0.9349 0.0000
vt 0.3451 0.9449 0.0000
vt 0.3367 0.9435 0.0000
vt 0.3448 0.9467 0.0000
vt 0.3364 0.9453 0.0000
vt 0.3283 0.9421 0.0000
vt 0.3280 0.9439 0.0000
vt 0.3445 0.9483 0.0000
vt 0.3361 0.9470 0.0000
vt 0.3277 0.9456 0.0000
vt 0.3193 0.9442 0.0000
vt 0.3196 0.9425 0.0000
vt 0.3199 0.9407 0.0000
vt 0.3788 0.9501 0.0000
vt 0.3704 0.9488 0.0000
vt 0.3785 0.9519 0.0000
vt 0.3701 0.9506 0.0000
vt 0.3620 0.9475 0.0000
vt 0.3617 0.9493 0.0000
vt 0.3783 0.9536 0.0000
vt 0.3698 0.9523 0.0000
vt 0.3614 0.9510 0.0000
vt 0.3530 0.9497 0.0000
vt 0.3532 0.9480 0.0000
vt 0.3535 0.9462 0.0000
vt 0.4126 0.9549 0.0000
vt 0.4041 0.9538 0.0000
vt 0.4123 0.9567 0.0000
vt 0.4039 0.9556 0.0000
vt 0.3957 0.9526 0.0000
vt 0.3954 0.9543 0.0000
vt 0.4121 0.9584 0.0000
vt 0.4036 0.9572 0.0000
vt 0.3952 0.9560 0.0000
vt 0.3867 0.9548 0.0000
vt 0.3870 0.9531 0.0000
vt 0.3873 0.9513 0.0000
vt 0.4464 0.9594 0.0000
vt 0.4379 0.9584 0.0000
vt 0.4462 0.9612 0.0000
vt 0.4377 0.9602 0.0000
vt 0.4295 0.9572 0.0000
vt 0.4292 0.9590 0.0000
vt 0.4459 0.9629 0.0000
vt 0.4374 0.9618 0.0000
vt 0.4290 0.9607 0.0000
vt 0.4205 0.9596 0.0000
vt 0.4208 0.9579 0.0000
vt 0.4210 0.9561 0.0000
vt 0.4803 0.9636 0.0000
vt 0.4718 0.9626 0.0000
vt 0.4800 0.9654 0.0000
vt 0.4716 0.9644 0.0000
vt 0.4633 0.9616 0.0000
vt 0.4631 0.9633 0.0000
vt 0.4798 0.9671 0.0000
vt 0.4714 0.9661 0.0000
vt 0.4629 0.9650 0.0000
vt 0.4544 0.9640 0.0000
vt 0.4546 0.9623 0.0000
vt 0.4549 0.9605 0.0000
vt 0.5142 0.9674 0.0000
vt 0.5057 0.9665 0.0000
vt 0.5140 0.9692 0.0000
vt 0.5055 0.9683 0.0000
vt 0.4972 0.9655 0.0000
vt 0.4970 0.9673 0.0000
vt 0.5053 0.9699 0.0000
vt 0.5138 0.9709 0.0000
vt 0.4968 0.9690 0.0000
vt 0.4883 0.9681 0.0000
vt 0.4885 0.9664 0.0000
vt 0.4887 0.9646 0.0000
vt 0.5481 0.9708 0.0000
vt 0.5396 0.9700 0.0000
vt 0.5479 0.9726 0.0000
vt 0.5394 0.9718 0.0000
vt 0.5312 0.9691 0.0000
vt 0.5309 0.9709 0.0000
vt 0.5478 0.9743 0.0000
vt 0.5393 0.9735 0.0000
vt 0.5308 0.9726 0.0000
vt 0.5223 0.9718 0.0000
vt 0.5225 0.9701 0.0000
vt 0.5227 0.9683 0.0000
vt 0.5821 0.9739 0.0000
vt 0.5736 0.9731 0.0000
vt 0.5819 0.9757 0.0000
vt 0.5734 0.9750 0.0000
vt 0.5651 0.9724 0.0000
vt 0.5649 0.9742 0.0000
vt 0.5818 0.9774 0.0000
vt 0.5733 0.9767 0.0000
vt 0.5648 0.9759 0.0000
vt 0.5563 0.9751 0.0000
vt 0.5564 0.9734 0.0000
vt 0.5566 0.9716 0.0000
vt 0.6153 0.9765 0.0000
vt 0.6072 0.9759 0.0000
vt 0.6152 0.9782 0.0000
vt 0.6071 0.9777 0.0000
vt 0.5989 0.9753 0.0000
vt 0.5988 0.9771 0.0000
vt 0.6152 0.9798 0.0000
vt 0.6070 0.9794 0.0000
vt 0.5986 0.9788 0.0000
vt 0.5902 0.9781 0.0000
vt 0.5904 0.9764 0.0000
vt 0.5905 0.9746 0.0000
vt 0.0451 0.8820 0.0000
vt 0.0369 0.8799 0.0000
vt 0.0446 0.8838 0.0000
vt 0.0364 0.8816 0.0000
vt 0.0288 0.8777 0.0000
vt 0.0283 0.8795 0.0000
vt 0.0441 0.8854 0.0000
vt 0.0359 0.8833 0.0000
vt 0.0278 0.8811 0.0000
vt 0.0118 0.8765 0.0000
vt 0.0197 0.8789 0.0000
vt 0.0124 0.8750 0.0000
vt 0.0202 0.8773 0.0000
vt 0.0208 0.8756 0.0000
vt 0.0129 0.8734 0.0000
vt 0.0780 0.8904 0.0000
vt 0.0698 0.8883 0.0000
vt 0.0775 0.8921 0.0000
vt 0.0693 0.8901 0.0000
vt 0.0615 0.8862 0.0000
vt 0.0610 0.8880 0.0000
vt 0.0771 0.8938 0.0000
vt 0.0688 0.8918 0.0000
vt 0.0606 0.8897 0.0000
vt 0.0523 0.8875 0.0000
vt 0.0528 0.8859 0.0000
vt 0.0533 0.8841 0.0000
vt 0.1028 0.8965 0.0000
vt 0.1024 0.8982 0.0000
vt 0.0945 0.8944 0.0000
vt 0.0941 0.8962 0.0000
vt 0.1020 0.8999 0.0000
vt 0.0937 0.8979 0.0000
vt 0.0854 0.8958 0.0000
vt 0.0858 0.8942 0.0000
vt 0.0863 0.8924 0.0000
vt 0.7103 0.8349 0.0000
vt 0.7196 0.8343 0.0000
vt 0.7101 0.8323 0.0000
vt 0.7194 0.8317 0.0000
vt 0.7289 0.8337 0.0000
vt 0.7288 0.8310 0.0000
vt 0.0211 0.7042 0.0000
vt 0.0257 0.6966 0.0000
vt 0.0171 0.7120 0.0000
vt 0.0185 0.7028 0.0000
vt 0.0233 0.6951 0.0000
vt 0.0145 0.7110 0.0000
vt 0.0114 0.7286 0.0000
vt 0.0139 0.7202 0.0000
vt 0.0087 0.7280 0.0000
vt 0.0112 0.7193 0.0000
vt 0.7383 0.8330 0.0000
vt 0.7475 0.8324 0.0000
vt 0.7380 0.8304 0.0000
vt 0.7473 0.8297 0.0000
vt 0.7503 0.8683 0.0000
vt 0.7409 0.8690 0.0000
vt 0.7505 0.8709 0.0000
vt 0.7411 0.8715 0.0000
vt 0.7316 0.8696 0.0000
vt 0.7317 0.8722 0.0000
vt 0.1069 0.9150 0.0000
vt 0.1152 0.9170 0.0000
vt 0.1236 0.9189 0.0000
vt 0.1065 0.9164 0.0000
vt 0.1149 0.9184 0.0000
vt 0.1232 0.9203 0.0000
vt 0.1403 0.9227 0.0000
vt 0.1319 0.9208 0.0000
vt 0.1399 0.9241 0.0000
vt 0.1316 0.9222 0.0000
vt 0.7222 0.8703 0.0000
vt 0.7128 0.8709 0.0000
vt 0.7223 0.8728 0.0000
vt 0.7130 0.8734 0.0000
vt 0.6731 0.8372 0.0000
vt 0.6824 0.8366 0.0000
vt 0.6822 0.8340 0.0000
vt 0.6729 0.8345 0.0000
vt 0.6917 0.8361 0.0000
vt 0.6915 0.8334 0.0000
vt 0.0434 0.6768 0.0000
vt 0.0504 0.6712 0.0000
vt 0.0369 0.6829 0.0000
vt 0.0415 0.6747 0.0000
vt 0.0488 0.6690 0.0000
vt 0.0348 0.6810 0.0000
vt 0.0310 0.6895 0.0000
vt 0.0288 0.6878 0.0000
vt 0.7010 0.8355 0.0000
vt 0.7008 0.8329 0.0000
vt 0.7034 0.8715 0.0000
vt 0.7036 0.8740 0.0000
vt 0.6941 0.8721 0.0000
vt 0.6942 0.8746 0.0000
vt 0.1486 0.9247 0.0000
vt 0.1570 0.9265 0.0000
vt 0.1483 0.9260 0.0000
vt 0.1567 0.9279 0.0000
vt 0.1738 0.9301 0.0000
vt 0.1654 0.9283 0.0000
vt 0.1734 0.9315 0.0000
vt 0.1650 0.9297 0.0000
vt 0.6847 0.8726 0.0000
vt 0.6753 0.8732 0.0000
vt 0.6848 0.8751 0.0000
vt 0.6755 0.8757 0.0000
vt 0.6359 0.8392 0.0000
vt 0.6451 0.8387 0.0000
vt 0.6357 0.8365 0.0000
vt 0.6450 0.8360 0.0000
vt 0.6545 0.8382 0.0000
vt 0.6543 0.8356 0.0000
vt 0.0741 0.6584 0.0000
vt 0.0827 0.6555 0.0000
vt 0.0659 0.6620 0.0000
vt 0.0731 0.6559 0.0000
vt 0.0819 0.6529 0.0000
vt 0.0646 0.6596 0.0000
vt 0.0580 0.6663 0.0000
vt 0.0564 0.6640 0.0000
vt 0.6638 0.8377 0.0000
vt 0.6636 0.8351 0.0000
vt 0.6659 0.8737 0.0000
vt 0.6661 0.8762 0.0000
vt 0.6565 0.8742 0.0000
vt 0.6567 0.8767 0.0000
vt 0.1821 0.9319 0.0000
vt 0.1905 0.9337 0.0000
vt 0.1818 0.9333 0.0000
vt 0.1902 0.9351 0.0000
vt 0.2073 0.9372 0.0000
vt 0.1989 0.9354 0.0000
vt 0.2070 0.9386 0.0000
vt 0.1986 0.9368 0.0000
vt 0.6471 0.8747 0.0000
vt 0.6378 0.8752 0.0000
vt 0.6473 0.8772 0.0000
vt 0.6379 0.8777 0.0000
vt 0.5986 0.8409 0.0000
vt 0.6079 0.8405 0.0000
vt 0.5985 0.8382 0.0000
vt 0.6078 0.8378 0.0000
vt 0.6172 0.8401 0.0000
vt 0.6171 0.8374 0.0000
vt 0.1095 0.6513 0.0000
vt 0.1186 0.6514 0.0000
vt 0.1005 0.6520 0.0000
vt 0.1094 0.6486 0.0000
vt 0.1187 0.6487 0.0000
vt 0.1001 0.6492 0.0000
vt 0.0915 0.6534 0.0000
vt 0.0909 0.6507 0.0000
vt 0.6265 0.8396 0.0000
vt 0.6264 0.8370 0.0000
vt 0.6284 0.8756 0.0000
vt 0.6285 0.8782 0.0000
vt 0.6190 0.8761 0.0000
vt 0.6191 0.8786 0.0000
vt 0.2157 0.9389 0.0000
vt 0.2241 0.9405 0.0000
vt 0.2154 0.9403 0.0000
vt 0.2238 0.9419 0.0000
vt 0.2409 0.9438 0.0000
vt 0.2325 0.9422 0.0000
vt 0.2406 0.9452 0.0000
vt 0.2322 0.9436 0.0000
vt 0.6096 0.8765 0.0000
vt 0.6002 0.8769 0.0000
vt 0.6098 0.8790 0.0000
vt 0.6004 0.8795 0.0000
vt 0.5613 0.8424 0.0000
vt 0.5706 0.8420 0.0000
vt 0.5612 0.8397 0.0000
vt 0.5705 0.8394 0.0000
vt 0.5799 0.8417 0.0000
vt 0.5798 0.8390 0.0000
vt 0.1453 0.6563 0.0000
vt 0.1537 0.6594 0.0000
vt 0.1365 0.6539 0.0000
vt 0.1462 0.6537 0.0000
vt 0.1549 0.6569 0.0000
vt 0.1372 0.6513 0.0000
vt 0.1276 0.6523 0.0000
vt 0.1280 0.6496 0.0000
vt 0.5893 0.8413 0.0000
vt 0.5892 0.8386 0.0000
vt 0.5909 0.8773 0.0000
vt 0.5910 0.8798 0.0000
vt 0.5815 0.8777 0.0000
vt 0.5816 0.8802 0.0000
vt 0.2494 0.9454 0.0000
vt 0.2578 0.9470 0.0000
vt 0.2490 0.9468 0.0000
vt 0.2575 0.9484 0.0000
vt 0.2746 0.9502 0.0000
vt 0.2662 0.9486 0.0000
vt 0.2743 0.9515 0.0000
vt 0.2659 0.9500 0.0000
vt 0.5721 0.8781 0.0000
vt 0.5627 0.8784 0.0000
vt 0.5722 0.8806 0.0000
vt 0.5628 0.8810 0.0000
vt 0.5240 0.8436 0.0000
vt 0.5333 0.8433 0.0000
vt 0.5239 0.8410 0.0000
vt 0.5332 0.8407 0.0000
vt 0.5427 0.8430 0.0000
vt 0.5426 0.8404 0.0000
vt 0.1771 0.6729 0.0000
vt 0.1840 0.6785 0.0000
vt 0.1697 0.6677 0.0000
vt 0.1789 0.6707 0.0000
vt 0.1859 0.6765 0.0000
vt 0.1713 0.6654 0.0000
vt 0.1619 0.6632 0.0000
vt 0.1633 0.6608 0.0000
vt 0.5520 0.8427 0.0000
vt 0.5519 0.8401 0.0000
vt 0.5533 0.8788 0.0000
vt 0.5534 0.8813 0.0000
vt 0.5439 0.8791 0.0000
vt 0.5440 0.8816 0.0000
vt 0.2830 0.9517 0.0000
vt 0.2915 0.9532 0.0000
vt 0.2828 0.9531 0.0000
vt 0.2912 0.9546 0.0000
vt 0.3084 0.9561 0.0000
vt 0.2999 0.9547 0.0000
vt 0.3081 0.9575 0.0000
vt 0.2997 0.9561 0.0000
vt 0.5345 0.8794 0.0000
vt 0.5252 0.8797 0.0000
vt 0.5347 0.8819 0.0000
vt 0.5252 0.8822 0.0000
vt 0.4867 0.8446 0.0000
vt 0.4960 0.8444 0.0000
vt 0.4867 0.8420 0.0000
vt 0.4960 0.8418 0.0000
vt 0.5054 0.8442 0.0000
vt 0.5053 0.8415 0.0000
vt 0.2011 0.6988 0.0000
vt 0.2056 0.7065 0.0000
vt 0.1960 0.6916 0.0000
vt 0.2036 0.6974 0.0000
vt 0.2081 0.7052 0.0000
vt 0.1983 0.6900 0.0000
vt 0.1903 0.6848 0.0000
vt 0.1924 0.6830 0.0000
vt 0.5147 0.8439 0.0000
vt 0.5146 0.8412 0.0000
vt 0.5158 0.8799 0.0000
vt 0.5158 0.8825 0.0000
vt 0.5064 0.8802 0.0000
vt 0.5065 0.8827 0.0000
vt 0.3169 0.9575 0.0000
vt 0.3253 0.9589 0.0000
vt 0.3166 0.9590 0.0000
vt 0.3250 0.9604 0.0000
vt 0.3422 0.9617 0.0000
vt 0.3338 0.9603 0.0000
vt 0.3420 0.9631 0.0000
vt 0.3335 0.9617 0.0000
vt 0.4970 0.8804 0.0000
vt 0.4876 0.8807 0.0000
vt 0.4971 0.8830 0.0000
vt 0.4877 0.8832 0.0000
vt 0.4494 0.8453 0.0000
vt 0.4588 0.8452 0.0000
vt 0.4494 0.8427 0.0000
vt 0.4587 0.8425 0.0000
vt 0.4681 0.8450 0.0000
vt 0.4680 0.8423 0.0000
vt 0.2145 0.7312 0.0000
vt 0.2160 0.7398 0.0000
vt 0.2123 0.7227 0.0000
vt 0.2173 0.7306 0.0000
vt 0.2188 0.7395 0.0000
vt 0.2150 0.7219 0.0000
vt 0.2093 0.7144 0.0000
vt 0.2119 0.7134 0.0000
vt 0.4774 0.8448 0.0000
vt 0.4773 0.8422 0.0000
vt 0.4782 0.8809 0.0000
vt 0.4783 0.8834 0.0000
vt 0.4688 0.8810 0.0000
vt 0.4689 0.8836 0.0000
vt 0.3507 0.9631 0.0000
vt 0.3592 0.9644 0.0000
vt 0.3504 0.9645 0.0000
vt 0.3589 0.9658 0.0000
vt 0.3761 0.9669 0.0000
vt 0.3676 0.9657 0.0000
vt 0.3759 0.9684 0.0000
vt 0.3674 0.9671 0.0000
vt 0.4594 0.8812 0.0000
vt 0.4500 0.8814 0.0000
vt 0.4595 0.8837 0.0000
vt 0.4501 0.8839 0.0000
vt 0.4121 0.8458 0.0000
vt 0.4214 0.8457 0.0000
vt 0.4121 0.8431 0.0000
vt 0.4214 0.8430 0.0000
vt 0.4308 0.8456 0.0000
vt 0.4307 0.8429 0.0000
vt 0.2156 0.7660 0.0000
vt 0.2139 0.7746 0.0000
vt 0.2165 0.7573 0.0000
vt 0.2185 0.7664 0.0000
vt 0.2167 0.7753 0.0000
vt 0.2194 0.7575 0.0000
vt 0.2166 0.7486 0.0000
vt 0.2195 0.7485 0.0000
vt 0.4401 0.8455 0.0000
vt 0.4401 0.8428 0.0000
vt 0.4406 0.8815 0.0000
vt 0.4407 0.8840 0.0000
vt 0.4312 0.8816 0.0000
vt 0.4313 0.8842 0.0000
vt 0.3846 0.9682 0.0000
vt 0.3931 0.9694 0.0000
vt 0.3844 0.9696 0.0000
vt 0.3929 0.9709 0.0000
vt 0.4101 0.9719 0.0000
vt 0.4016 0.9706 0.0000
vt 0.4099 0.9733 0.0000
vt 0.4014 0.9721 0.0000
vt 0.4218 0.8817 0.0000
vt 0.4125 0.8818 0.0000
vt 0.4219 0.8843 0.0000
vt 0.4125 0.8844 0.0000
vt 0.3748 0.8460 0.0000
vt 0.3841 0.8460 0.0000
vt 0.3748 0.8433 0.0000
vt 0.3841 0.8433 0.0000
vt 0.3935 0.8459 0.0000
vt 0.3935 0.8433 0.0000
vt 0.2043 0.7991 0.0000
vt 0.1997 0.8067 0.0000
vt 0.2083 0.7912 0.0000
vt 0.2068 0.8005 0.0000
vt 0.2021 0.8082 0.0000
vt 0.2109 0.7923 0.0000
vt 0.2115 0.7831 0.0000
vt 0.2142 0.7839 0.0000
vt 0.4028 0.8458 0.0000
vt 0.4027 0.8432 0.0000
vt 0.4031 0.8819 0.0000
vt 0.4031 0.8844 0.0000
vt 0.3937 0.8820 0.0000
vt 0.3937 0.8845 0.0000
vt 0.4186 0.9730 0.0000
vt 0.4271 0.9742 0.0000
vt 0.4184 0.9744 0.0000
vt 0.4269 0.9756 0.0000
vt 0.4441 0.9764 0.0000
vt 0.4356 0.9753 0.0000
vt 0.4439 0.9778 0.0000
vt 0.4354 0.9767 0.0000
vt 0.3843 0.8820 0.0000
vt 0.3749 0.8820 0.0000
vt 0.3843 0.8845 0.0000
vt 0.3749 0.8846 0.0000
vt 0.3375 0.8459 0.0000
vt 0.3468 0.8460 0.0000
vt 0.3468 0.8433 0.0000
vt 0.3375 0.8433 0.0000
vt 0.3561 0.8460 0.0000
vt 0.3562 0.8433 0.0000
vt 0.1819 0.8265 0.0000
vt 0.1749 0.8321 0.0000
vt 0.1884 0.8204 0.0000
vt 0.1838 0.8286 0.0000
vt 0.1766 0.8343 0.0000
vt 0.1905 0.8223 0.0000
vt 0.1944 0.8138 0.0000
vt 0.1966 0.8155 0.0000
vt 0.3655 0.8460 0.0000
vt 0.3655 0.8434 0.0000
vt 0.3655 0.8821 0.0000
vt 0.3655 0.8846 0.0000
vt 0.3561 0.8821 0.0000
vt 0.3561 0.8846 0.0000
vt 0.4526 0.9775 0.0000
vt 0.4611 0.9785 0.0000
vt 0.4524 0.9789 0.0000
vt 0.4609 0.9799 0.0000
vt 0.4782 0.9805 0.0000
vt 0.4696 0.9795 0.0000
vt 0.4780 0.9819 0.0000
vt 0.4694 0.9810 0.0000
vt 0.3467 0.8820 0.0000
vt 0.3373 0.8820 0.0000
vt 0.3467 0.8846 0.0000
vt 0.3373 0.8845 0.0000
vt 0.3002 0.8456 0.0000
vt 0.3095 0.8457 0.0000
vt 0.3002 0.8430 0.0000
vt 0.3096 0.8431 0.0000
vt 0.3188 0.8458 0.0000
vt 0.3189 0.8432 0.0000
vt 0.1512 0.8448 0.0000
vt 0.1427 0.8477 0.0000
vt 0.1595 0.8413 0.0000
vt 0.1523 0.8474 0.0000
vt 0.1435 0.8504 0.0000
vt 0.1608 0.8437 0.0000
vt 0.1674 0.8370 0.0000
vt 0.1689 0.8393 0.0000
vt 0.3282 0.8459 0.0000
vt 0.3282 0.8432 0.0000
vt 0.3279 0.8819 0.0000
vt 0.3279 0.8845 0.0000
vt 0.3185 0.8819 0.0000
vt 0.3185 0.8844 0.0000
vt 0.4867 0.9815 0.0000
vt 0.4952 0.9825 0.0000
vt 0.4865 0.9829 0.0000
vt 0.4950 0.9839 0.0000
vt 0.5122 0.9843 0.0000
vt 0.5037 0.9834 0.0000
vt 0.5121 0.9858 0.0000
vt 0.5035 0.9849 0.0000
vt 0.3091 0.8818 0.0000
vt 0.2997 0.8817 0.0000
vt 0.3091 0.8843 0.0000
vt 0.2997 0.8842 0.0000
vt 0.2629 0.8450 0.0000
vt 0.2722 0.8452 0.0000
vt 0.2630 0.8424 0.0000
vt 0.2723 0.8426 0.0000
vt 0.2815 0.8454 0.0000
vt 0.2816 0.8427 0.0000
vt 0.1159 0.8519 0.0000
vt 0.1068 0.8518 0.0000
vt 0.1249 0.8513 0.0000
vt 0.1160 0.8547 0.0000
vt 0.1067 0.8546 0.0000
vt 0.1253 0.8540 0.0000
vt 0.1339 0.8499 0.0000
vt 0.1345 0.8526 0.0000
vt 0.2909 0.8455 0.0000
vt 0.2909 0.8429 0.0000
vt 0.2903 0.8816 0.0000
vt 0.2903 0.8841 0.0000
vt 0.2809 0.8814 0.0000
vt 0.2809 0.8839 0.0000
vt 0.5208 0.9853 0.0000
vt 0.5293 0.9861 0.0000
vt 0.5206 0.9867 0.0000
vt 0.5292 0.9875 0.0000
vt 0.5464 0.9878 0.0000
vt 0.5379 0.9870 0.0000
vt 0.5463 0.9892 0.0000
vt 0.5377 0.9884 0.0000
vt 0.2715 0.8813 0.0000
vt 0.2622 0.8811 0.0000
vt 0.2715 0.8838 0.0000
vt 0.2621 0.8836 0.0000
vt 0.2256 0.8442 0.0000
vt 0.2349 0.8444 0.0000
vt 0.2256 0.8416 0.0000
vt 0.2350 0.8418 0.0000
vt 0.2442 0.8447 0.0000
vt 0.2443 0.8420 0.0000
vt 0.0801 0.8470 0.0000
vt 0.0716 0.8439 0.0000
vt 0.0888 0.8493 0.0000
vt 0.0792 0.8496 0.0000
vt 0.0705 0.8464 0.0000
vt 0.0882 0.8520 0.0000
vt 0.0978 0.8510 0.0000
vt 0.0974 0.8537 0.0000
vt 0.2536 0.8449 0.0000
vt 0.2536 0.8422 0.0000
vt 0.2528 0.8809 0.0000
vt 0.2527 0.8834 0.0000
vt 0.2434 0.8807 0.0000
vt 0.2433 0.8832 0.0000
vt 0.5550 0.9886 0.0000
vt 0.5635 0.9894 0.0000
vt 0.5548 0.9900 0.0000
vt 0.5634 0.9909 0.0000
vt 0.5806 0.9910 0.0000
vt 0.5720 0.9902 0.0000
vt 0.5805 0.9924 0.0000
vt 0.5719 0.9916 0.0000
vt 0.2340 0.8805 0.0000
vt 0.2246 0.8803 0.0000
vt 0.2339 0.8830 0.0000
vt 0.2246 0.8828 0.0000
vt 0.1883 0.8431 0.0000
vt 0.1976 0.8435 0.0000
vt 0.1884 0.8405 0.0000
vt 0.1977 0.8408 0.0000
vt 0.2069 0.8437 0.0000
vt 0.2070 0.8411 0.0000
vt 0.0483 0.8304 0.0000
vt 0.0414 0.8248 0.0000
vt 0.0557 0.8356 0.0000
vt 0.0465 0.8326 0.0000
vt 0.0395 0.8268 0.0000
vt 0.0541 0.8379 0.0000
vt 0.0635 0.8400 0.0000
vt 0.0621 0.8425 0.0000
vt 0.2163 0.8440 0.0000
vt 0.2163 0.8413 0.0000
vt 0.2153 0.8800 0.0000
vt 0.2152 0.8825 0.0000
vt 0.2059 0.8798 0.0000
vt 0.2058 0.8823 0.0000
vt 0.5893 0.9917 0.0000
vt 0.5980 0.9924 0.0000
vt 0.5892 0.9932 0.0000
vt 0.5979 0.9938 0.0000
vt 0.6160 0.9929 0.0000
vt 0.6068 0.9929 0.0000
vt 0.6160 0.9943 0.0000
vt 0.6068 0.9943 0.0000
vt 0.1965 0.8795 0.0000
vt 0.1871 0.8793 0.0000
vt 0.1964 0.8820 0.0000
vt 0.1871 0.8818 0.0000
vt 0.8219 0.8266 0.0000
vt 0.8312 0.8258 0.0000
vt 0.8217 0.8240 0.0000
vt 0.8309 0.8232 0.0000
vt 0.8405 0.8250 0.0000
vt 0.8402 0.8223 0.0000
vt 0.0242 0.8045 0.0000
vt 0.0198 0.7968 0.0000
vt 0.0293 0.8117 0.0000
vt 0.0218 0.8059 0.0000
vt 0.0173 0.7981 0.0000
vt 0.0271 0.8133 0.0000
vt 0.0351 0.8184 0.0000
vt 0.0330 0.8203 0.0000
vt 0.8498 0.8241 0.0000
vt 0.8591 0.8232 0.0000
vt 0.8495 0.8215 0.0000
vt 0.8587 0.8206 0.0000
vt 0.8625 0.8592 0.0000
vt 0.8532 0.8601 0.0000
vt 0.8628 0.8618 0.0000
vt 0.8535 0.8626 0.0000
vt 0.8439 0.8609 0.0000
vt 0.8441 0.8634 0.0000
vt 0.0064 0.8886 0.0000
vt 0.0150 0.8916 0.0000
vt 0.0235 0.8941 0.0000
vt 0.0059 0.8899 0.0000
vt 0.0145 0.8930 0.0000
vt 0.0230 0.8955 0.0000
vt 0.0403 0.8985 0.0000
vt 0.0319 0.8964 0.0000
vt 0.0399 0.8999 0.0000
vt 0.0315 0.8977 0.0000
vt 0.8345 0.8617 0.0000
vt 0.8252 0.8625 0.0000
vt 0.8348 0.8642 0.0000
vt 0.8254 0.8650 0.0000
vt 0.7847 0.8296 0.0000
vt 0.7941 0.8289 0.0000
vt 0.7845 0.8270 0.0000
vt 0.7938 0.8262 0.0000
vt 0.8033 0.8281 0.0000
vt 0.8031 0.8255 0.0000
vt 0.0109 0.7721 0.0000
vt 0.0094 0.7634 0.0000
vt 0.0131 0.7806 0.0000
vt 0.0081 0.7726 0.0000
vt 0.0066 0.7638 0.0000
vt 0.0104 0.7813 0.0000
vt 0.0161 0.7888 0.0000
vt 0.0134 0.7898 0.0000
vt 0.8126 0.8274 0.0000
vt 0.8124 0.8247 0.0000
vt 0.8158 0.8633 0.0000
vt 0.8161 0.8658 0.0000
vt 0.8065 0.8641 0.0000
vt 0.8067 0.8666 0.0000
vt 0.0486 0.9007 0.0000
vt 0.0569 0.9028 0.0000
vt 0.0482 0.9021 0.0000
vt 0.0566 0.9042 0.0000
vt 0.0736 0.9069 0.0000
vt 0.0653 0.9049 0.0000
vt 0.0732 0.9083 0.0000
vt 0.0649 0.9063 0.0000
vt 0.7971 0.8648 0.0000
vt 0.7877 0.8656 0.0000
vt 0.7973 0.8673 0.0000
vt 0.7880 0.8681 0.0000
vt 0.7568 0.8317 0.0000
vt 0.7567 0.8291 0.0000
vt 0.7661 0.8310 0.0000
vt 0.7659 0.8284 0.0000
vt 0.0097 0.7372 0.0000
vt 0.0088 0.7459 0.0000
vt 0.0069 0.7369 0.0000
vt 0.0060 0.7458 0.0000
vt 0.0087 0.7547 0.0000
vt 0.0059 0.7548 0.0000
vt 0.7754 0.8303 0.0000
vt 0.7752 0.8277 0.0000
vt 0.7784 0.8663 0.0000
vt 0.7786 0.8688 0.0000
vt 0.7690 0.8670 0.0000
vt 0.7692 0.8695 0.0000
vt 0.0819 0.9090 0.0000
vt 0.0902 0.9110 0.0000
vt 0.0815 0.9104 0.0000
vt 0.0899 0.9124 0.0000
vt 0.0986 0.9130 0.0000
vt 0.0982 0.9144 0.0000
vt 0.7596 0.8677 0.0000
vt 0.7599 0.8702 0.0000
vt 0.3152 0.5800 0.0000
vt 0.3205 0.5724 0.0000
vt 0.3457 0.5885 0.0000
vt 0.3404 0.5961 0.0000
vt 0.3589 0.5970 0.0000
vt 0.3536 0.6046 0.0000
vt 0.3099 0.5876 0.0000
vt 0.3350 0.6037 0.0000
vt 0.3483 0.6122 0.0000
vt 0.1411 0.8836 0.0000
vt 0.1493 0.8854 0.0000
vt 0.1329 0.8816 0.0000
vt 0.3642 0.6004 0.0000
vt 0.3589 0.6080 0.0000
vt 0.3535 0.6156 0.0000
vt 0.1164 0.8777 0.0000
vt 0.1246 0.8797 0.0000
vt 0.3482 0.6232 0.0000
vt 0.3429 0.6307 0.0000
vt 0.3376 0.6273 0.0000
vt 0.3430 0.6198 0.0000
vt 0.3297 0.6113 0.0000
vt 0.3244 0.6188 0.0000
vt 0.2993 0.6027 0.0000
vt 0.3046 0.5952 0.0000
vt 0.3363 0.5496 0.0000
vt 0.3416 0.5420 0.0000
vt 0.3668 0.5580 0.0000
vt 0.3615 0.5656 0.0000
vt 0.3801 0.5664 0.0000
vt 0.3748 0.5741 0.0000
vt 0.3311 0.5572 0.0000
vt 0.3563 0.5732 0.0000
vt 0.3695 0.5817 0.0000
vt 0.1741 0.8909 0.0000
vt 0.1824 0.8927 0.0000
vt 0.1659 0.8891 0.0000
vt 0.3854 0.5697 0.0000
vt 0.3801 0.5774 0.0000
vt 0.3748 0.5851 0.0000
vt 0.1576 0.8872 0.0000
vt 0.3695 0.5927 0.0000
vt 0.3642 0.5894 0.0000
vt 0.3510 0.5809 0.0000
vt 0.3258 0.5648 0.0000
vt 0.3574 0.5190 0.0000
vt 0.3626 0.5114 0.0000
vt 0.3879 0.5272 0.0000
vt 0.3826 0.5349 0.0000
vt 0.4012 0.5356 0.0000
vt 0.3959 0.5433 0.0000
vt 0.3521 0.5267 0.0000
vt 0.3774 0.5426 0.0000
vt 0.3907 0.5510 0.0000
vt 0.2072 0.8979 0.0000
vt 0.2155 0.8996 0.0000
vt 0.1989 0.8962 0.0000
vt 0.4065 0.5390 0.0000
vt 0.4012 0.5467 0.0000
vt 0.3959 0.5544 0.0000
vt 0.1907 0.8945 0.0000
vt 0.3907 0.5621 0.0000
vt 0.3854 0.5587 0.0000
vt 0.3721 0.5503 0.0000
vt 0.3469 0.5344 0.0000
vt 0.3782 0.4883 0.0000
vt 0.3834 0.4806 0.0000
vt 0.4087 0.4963 0.0000
vt 0.4035 0.5041 0.0000
vt 0.4221 0.5047 0.0000
vt 0.4169 0.5124 0.0000
vt 0.3730 0.4960 0.0000
vt 0.3983 0.5118 0.0000
vt 0.4117 0.5202 0.0000
vt 0.2404 0.9046 0.0000
vt 0.2487 0.9062 0.0000
vt 0.2321 0.9030 0.0000
vt 0.4274 0.5080 0.0000
vt 0.4222 0.5157 0.0000
vt 0.4170 0.5235 0.0000
vt 0.2238 0.9013 0.0000
vt 0.4117 0.5312 0.0000
vt 0.4064 0.5279 0.0000
vt 0.3931 0.5195 0.0000
vt 0.3678 0.5037 0.0000
vt 0.3988 0.4574 0.0000
vt 0.4039 0.4497 0.0000
vt 0.4294 0.4653 0.0000
vt 0.4242 0.4730 0.0000
vt 0.4428 0.4735 0.0000
vt 0.4376 0.4813 0.0000
vt 0.3937 0.4652 0.0000
vt 0.4191 0.4808 0.0000
vt 0.4325 0.4891 0.0000
vt 0.2736 0.9110 0.0000
vt 0.2820 0.9125 0.0000
vt 0.2653 0.9094 0.0000
vt 0.4481 0.4768 0.0000
vt 0.4430 0.4846 0.0000
vt 0.4378 0.4924 0.0000
vt 0.2570 0.9079 0.0000
vt 0.4326 0.5002 0.0000
vt 0.4273 0.4969 0.0000
vt 0.4139 0.4886 0.0000
vt 0.3885 0.4729 0.0000
vt 0.4192 0.4264 0.0000
vt 0.4243 0.4186 0.0000
vt 0.4498 0.4340 0.0000
vt 0.4447 0.4419 0.0000
vt 0.4633 0.4422 0.0000
vt 0.4582 0.4500 0.0000
vt 0.4141 0.4342 0.0000
vt 0.4396 0.4497 0.0000
vt 0.4531 0.4579 0.0000
vt 0.3070 0.9169 0.0000
vt 0.3153 0.9184 0.0000
vt 0.2986 0.9155 0.0000
vt 0.4686 0.4454 0.0000
vt 0.4635 0.4533 0.0000
vt 0.4584 0.4611 0.0000
vt 0.2903 0.9140 0.0000
vt 0.4533 0.4690 0.0000
vt 0.4479 0.4657 0.0000
vt 0.4345 0.4575 0.0000
vt 0.4090 0.4419 0.0000
vt 0.4394 0.3952 0.0000
vt 0.4444 0.3873 0.0000
vt 0.4700 0.4026 0.0000
vt 0.4650 0.4105 0.0000
vt 0.4835 0.4107 0.0000
vt 0.4785 0.4186 0.0000
vt 0.4343 0.4030 0.0000
vt 0.4599 0.4184 0.0000
vt 0.4734 0.4265 0.0000
vt 0.3404 0.9225 0.0000
vt 0.3487 0.9239 0.0000
vt 0.3320 0.9212 0.0000
vt 0.4889 0.4140 0.0000
vt 0.4838 0.4218 0.0000
vt 0.4788 0.4297 0.0000
vt 0.3237 0.9198 0.0000
vt 0.4737 0.4376 0.0000
vt 0.4683 0.4343 0.0000
vt 0.4549 0.4262 0.0000
vt 0.4293 0.4108 0.0000
vt 0.4593 0.3638 0.0000
vt 0.4642 0.3560 0.0000
vt 0.4899 0.3711 0.0000
vt 0.4850 0.3790 0.0000
vt 0.5035 0.3791 0.0000
vt 0.4985 0.3870 0.0000
vt 0.4543 0.3717 0.0000
vt 0.4800 0.3869 0.0000
vt 0.4935 0.3950 0.0000
vt 0.3738 0.9278 0.0000
vt 0.3822 0.9291 0.0000
vt 0.3654 0.9265 0.0000
vt 0.5089 0.3823 0.0000
vt 0.5039 0.3902 0.0000
vt 0.4989 0.3982 0.0000
vt 0.3571 0.9252 0.0000
vt 0.4939 0.4061 0.0000
vt 0.4885 0.4028 0.0000
vt 0.4750 0.3948 0.0000
vt 0.4494 0.3795 0.0000
vt 0.4789 0.3323 0.0000
vt 0.4838 0.3245 0.0000
vt 0.5096 0.3395 0.0000
vt 0.5047 0.3474 0.0000
vt 0.5232 0.3474 0.0000
vt 0.5183 0.3554 0.0000
vt 0.4740 0.3402 0.0000
vt 0.4998 0.3553 0.0000
vt 0.5134 0.3633 0.0000
vt 0.4073 0.9327 0.0000
vt 0.4157 0.9339 0.0000
vt 0.3990 0.9315 0.0000
vt 0.5286 0.3506 0.0000
vt 0.5237 0.3585 0.0000
vt 0.5188 0.3665 0.0000
vt 0.3906 0.9303 0.0000
vt 0.5139 0.3744 0.0000
vt 0.5084 0.3712 0.0000
vt 0.4949 0.3632 0.0000
vt 0.4691 0.3481 0.0000
vt 0.4983 0.3008 0.0000
vt 0.5032 0.2929 0.0000
vt 0.5291 0.3078 0.0000
vt 0.5242 0.3157 0.0000
vt 0.5427 0.3156 0.0000
vt 0.5379 0.3236 0.0000
vt 0.4935 0.3087 0.0000
vt 0.5194 0.3237 0.0000
vt 0.5330 0.3315 0.0000
vt 0.4409 0.9373 0.0000
vt 0.4493 0.9384 0.0000
vt 0.4325 0.9362 0.0000
vt 0.5482 0.3188 0.0000
vt 0.5433 0.3267 0.0000
vt 0.5384 0.3347 0.0000
vt 0.4241 0.9351 0.0000
vt 0.5335 0.3426 0.0000
vt 0.5281 0.3395 0.0000
vt 0.5145 0.3316 0.0000
vt 0.4887 0.3166 0.0000
vt 0.5175 0.2691 0.0000
vt 0.5223 0.2612 0.0000
vt 0.5482 0.2760 0.0000
vt 0.5435 0.2840 0.0000
vt 0.5619 0.2838 0.0000
vt 0.5572 0.2918 0.0000
vt 0.5128 0.2770 0.0000
vt 0.5387 0.2919 0.0000
vt 0.5524 0.2997 0.0000
vt 0.4745 0.9415 0.0000
vt 0.4829 0.9425 0.0000
vt 0.4661 0.9405 0.0000
vt 0.5674 0.2869 0.0000
vt 0.5626 0.2949 0.0000
vt 0.5578 0.3028 0.0000
vt 0.4577 0.9394 0.0000
vt 0.5530 0.3108 0.0000
vt 0.5475 0.3077 0.0000
vt 0.5339 0.2998 0.0000
vt 0.5080 0.2849 0.0000
vt 0.5365 0.2374 0.0000
vt 0.5412 0.2295 0.0000
vt 0.5672 0.2443 0.0000
vt 0.5625 0.2522 0.0000
vt 0.5809 0.2520 0.0000
vt 0.5762 0.2600 0.0000
vt 0.5318 0.2453 0.0000
vt 0.5578 0.2601 0.0000
vt 0.5715 0.2679 0.0000
vt 0.5082 0.9453 0.0000
vt 0.5166 0.9462 0.0000
vt 0.4997 0.9444 0.0000
vt 0.5864 0.2551 0.0000
vt 0.5817 0.2631 0.0000
vt 0.5769 0.2710 0.0000
vt 0.4913 0.9434 0.0000
vt 0.5721 0.2789 0.0000
vt 0.5667 0.2759 0.0000
vt 0.5530 0.2681 0.0000
vt 0.5270 0.2533 0.0000
vt 0.5553 0.2057 0.0000
vt 0.5599 0.1978 0.0000
vt 0.5860 0.2126 0.0000
vt 0.5813 0.2205 0.0000
vt 0.5998 0.2203 0.0000
vt 0.5951 0.2282 0.0000
vt 0.5506 0.2137 0.0000
vt 0.5766 0.2284 0.0000
vt 0.5904 0.2361 0.0000
vt 0.5419 0.9488 0.0000
vt 0.5503 0.9496 0.0000
vt 0.5335 0.9480 0.0000
vt 0.6053 0.2233 0.0000
vt 0.6006 0.2313 0.0000
vt 0.5959 0.2392 0.0000
vt 0.5250 0.9471 0.0000
vt 0.5911 0.2472 0.0000
vt 0.5857 0.2441 0.0000
vt 0.5719 0.2363 0.0000
vt 0.5459 0.2216 0.0000
vt 0.5740 0.1741 0.0000
vt 0.5786 0.1663 0.0000
vt 0.6047 0.1810 0.0000
vt 0.6001 0.1888 0.0000
vt 0.6185 0.1887 0.0000
vt 0.6138 0.1966 0.0000
vt 0.5693 0.1820 0.0000
vt 0.5954 0.1968 0.0000
vt 0.6091 0.2045 0.0000
vt 0.5757 0.9519 0.0000
vt 0.5842 0.9526 0.0000
vt 0.5672 0.9511 0.0000
vt 0.6240 0.1918 0.0000
vt 0.6193 0.1997 0.0000
vt 0.6146 0.2075 0.0000
vt 0.5588 0.9504 0.0000
vt 0.6099 0.2154 0.0000
vt 0.6045 0.2124 0.0000
vt 0.5907 0.2047 0.0000
vt 0.5646 0.1899 0.0000
vt 0.5926 0.1427 0.0000
vt 0.5973 0.1348 0.0000
vt 0.6235 0.1496 0.0000
vt 0.6188 0.1574 0.0000
vt 0.6373 0.1574 0.0000
vt 0.6325 0.1652 0.0000
vt 0.5879 0.1505 0.0000
vt 0.6141 0.1653 0.0000
vt 0.6278 0.1730 0.0000
vt 0.6102 0.9550 0.0000
vt 0.6192 0.9564 0.0000
vt 0.6014 0.9541 0.0000
vt 0.6427 0.1606 0.0000
vt 0.6380 0.1683 0.0000
vt 0.6333 0.1761 0.0000
vt 0.5927 0.9533 0.0000
vt 0.6286 0.1840 0.0000
vt 0.6232 0.1809 0.0000
vt 0.6094 0.1731 0.0000
vt 0.5833 0.1584 0.0000
vt 0.2515 0.6703 0.0000
vt 0.2568 0.6628 0.0000
vt 0.2820 0.6790 0.0000
vt 0.2767 0.6865 0.0000
vt 0.2952 0.6876 0.0000
vt 0.2899 0.6951 0.0000
vt 0.2463 0.6778 0.0000
vt 0.2715 0.6941 0.0000
vt 0.2847 0.7026 0.0000
vt 0.0424 0.8591 0.0000
vt 0.0507 0.8613 0.0000
vt 0.0340 0.8570 0.0000
vt 0.3004 0.6910 0.0000
vt 0.2952 0.6985 0.0000
vt 0.2900 0.7059 0.0000
vt 0.0165 0.8533 0.0000
vt 0.0255 0.8549 0.0000
vt 0.2848 0.7134 0.0000
vt 0.2797 0.7209 0.0000
vt 0.2743 0.7176 0.0000
vt 0.2795 0.7101 0.0000
vt 0.2662 0.7016 0.0000
vt 0.2610 0.7090 0.0000
vt 0.2358 0.6928 0.0000
vt 0.2410 0.6853 0.0000
vt 0.2727 0.6403 0.0000
vt 0.2780 0.6328 0.0000
vt 0.3032 0.6490 0.0000
vt 0.2978 0.6565 0.0000
vt 0.3164 0.6575 0.0000
vt 0.3111 0.6651 0.0000
vt 0.2674 0.6478 0.0000
vt 0.2925 0.6640 0.0000
vt 0.3058 0.6726 0.0000
vt 0.0753 0.8677 0.0000
vt 0.0835 0.8698 0.0000
vt 0.0671 0.8656 0.0000
vt 0.3216 0.6610 0.0000
vt 0.3163 0.6685 0.0000
vt 0.3110 0.6760 0.0000
vt 0.0589 0.8635 0.0000
vt 0.3057 0.6835 0.0000
vt 0.3005 0.6801 0.0000
vt 0.2873 0.6715 0.0000
vt 0.2621 0.6553 0.0000
vt 0.2940 0.6102 0.0000
vt 0.3191 0.6264 0.0000
vt 0.3323 0.6349 0.0000
vt 0.2887 0.6178 0.0000
vt 0.3138 0.6339 0.0000
vt 0.3270 0.6425 0.0000
vt 0.1082 0.8758 0.0000
vt 0.0999 0.8738 0.0000
vt 0.3376 0.6383 0.0000
vt 0.3323 0.6459 0.0000
vt 0.0917 0.8718 0.0000
vt 0.3269 0.6534 0.0000
vt 0.3217 0.6500 0.0000
vt 0.3085 0.6415 0.0000
vt 0.2833 0.6253 0.0000
vt 0.1828 0.4842 0.0000
vt 0.1776 0.4916 0.0000
vt 0.2311 0.5155 0.0000
vt 0.2259 0.5230 0.0000
vt 0.1723 0.4990 0.0000
vt 0.2206 0.5304 0.0000
vt 0.2744 0.5540 0.0000
vt 0.2797 0.5465 0.0000
vt 0.2691 0.5615 0.0000
vt 0.2585 0.5766 0.0000
vt 0.2638 0.5691 0.0000
vt 0.2099 0.5454 0.0000
vt 0.2152 0.5379 0.0000
vt 0.1670 0.5065 0.0000
vt 0.1617 0.5139 0.0000
vt 0.2037 0.4544 0.0000
vt 0.1985 0.4619 0.0000
vt 0.2521 0.4854 0.0000
vt 0.2469 0.4929 0.0000
vt 0.1933 0.4693 0.0000
vt 0.2417 0.5004 0.0000
vt 0.2955 0.5238 0.0000
vt 0.3007 0.5162 0.0000
vt 0.2903 0.5313 0.0000
vt 0.2850 0.5389 0.0000
vt 0.2364 0.5079 0.0000
vt 0.1881 0.4768 0.0000
vt 0.2242 0.4245 0.0000
vt 0.2191 0.4320 0.0000
vt 0.2728 0.4552 0.0000
vt 0.2677 0.4627 0.0000
vt 0.2140 0.4395 0.0000
vt 0.2625 0.4703 0.0000
vt 0.3164 0.4934 0.0000
vt 0.3216 0.4858 0.0000
vt 0.3112 0.5010 0.0000
vt 0.3060 0.5086 0.0000
vt 0.2573 0.4779 0.0000
vt 0.2088 0.4469 0.0000
vt 0.2444 0.3945 0.0000
vt 0.2394 0.4020 0.0000
vt 0.2933 0.4249 0.0000
vt 0.2882 0.4325 0.0000
vt 0.2343 0.4095 0.0000
vt 0.2831 0.4400 0.0000
vt 0.3371 0.4628 0.0000
vt 0.3423 0.4552 0.0000
vt 0.3320 0.4705 0.0000
vt 0.3268 0.4781 0.0000
vt 0.2780 0.4476 0.0000
vt 0.2293 0.4170 0.0000
vt 0.2644 0.3644 0.0000
vt 0.2595 0.3719 0.0000
vt 0.3136 0.3944 0.0000
vt 0.3085 0.4020 0.0000
vt 0.2545 0.3794 0.0000
vt 0.3035 0.4097 0.0000
vt 0.3576 0.4321 0.0000
vt 0.3627 0.4245 0.0000
vt 0.3525 0.4398 0.0000
vt 0.3474 0.4475 0.0000
vt 0.2984 0.4173 0.0000
vt 0.2494 0.3870 0.0000
vt 0.2842 0.3341 0.0000
vt 0.2793 0.3417 0.0000
vt 0.3336 0.3638 0.0000
vt 0.3286 0.3715 0.0000
vt 0.2744 0.3492 0.0000
vt 0.3236 0.3791 0.0000
vt 0.3779 0.4013 0.0000
vt 0.3829 0.3936 0.0000
vt 0.3728 0.4090 0.0000
vt 0.3677 0.4168 0.0000
vt 0.3186 0.3868 0.0000
vt 0.2694 0.3568 0.0000
vt 0.3038 0.3037 0.0000
vt 0.2989 0.3113 0.0000
vt 0.3533 0.3331 0.0000
vt 0.3484 0.3408 0.0000
vt 0.2940 0.3189 0.0000
vt 0.3435 0.3485 0.0000
vt 0.3979 0.3703 0.0000
vt 0.4028 0.3625 0.0000
vt 0.3929 0.3781 0.0000
vt 0.3879 0.3858 0.0000
vt 0.3385 0.3562 0.0000
vt 0.2891 0.3265 0.0000
vt 0.3231 0.2731 0.0000
vt 0.3183 0.2808 0.0000
vt 0.3729 0.3022 0.0000
vt 0.3680 0.3099 0.0000
vt 0.3135 0.2884 0.0000
vt 0.3631 0.3177 0.0000
vt 0.4176 0.3392 0.0000
vt 0.4225 0.3314 0.0000
vt 0.4127 0.3470 0.0000
vt 0.4078 0.3548 0.0000
vt 0.3582 0.3254 0.0000
vt 0.3086 0.2960 0.0000
vt 0.3422 0.2424 0.0000
vt 0.3374 0.2501 0.0000
vt 0.3921 0.2712 0.0000
vt 0.3874 0.2789 0.0000
vt 0.3327 0.2578 0.0000
vt 0.3825 0.2867 0.0000
vt 0.4372 0.3079 0.0000
vt 0.4420 0.3001 0.0000
vt 0.4323 0.3158 0.0000
vt 0.4274 0.3236 0.0000
vt 0.3777 0.2944 0.0000
vt 0.3279 0.2655 0.0000
vt 0.3610 0.2115 0.0000
vt 0.3563 0.2193 0.0000
vt 0.4112 0.2400 0.0000
vt 0.4064 0.2478 0.0000
vt 0.3516 0.2270 0.0000
vt 0.4017 0.2556 0.0000
vt 0.4564 0.2765 0.0000
vt 0.4612 0.2687 0.0000
vt 0.4516 0.2844 0.0000
vt 0.4468 0.2923 0.0000
vt 0.3969 0.2634 0.0000
vt 0.3469 0.2347 0.0000
vt 0.3796 0.1804 0.0000
vt 0.3750 0.1882 0.0000
vt 0.4300 0.2086 0.0000
vt 0.4253 0.2165 0.0000
vt 0.3704 0.1960 0.0000
vt 0.4206 0.2243 0.0000
vt 0.4755 0.2450 0.0000
vt 0.4802 0.2371 0.0000
vt 0.4707 0.2529 0.0000
vt 0.4660 0.2608 0.0000
vt 0.4159 0.2321 0.0000
vt 0.3657 0.2038 0.0000
vt 0.3979 0.1491 0.0000
vt 0.3934 0.1569 0.0000
vt 0.4486 0.1771 0.0000
vt 0.4440 0.1849 0.0000
vt 0.3888 0.1648 0.0000
vt 0.4393 0.1928 0.0000
vt 0.4943 0.2134 0.0000
vt 0.4990 0.2055 0.0000
vt 0.4896 0.2213 0.0000
vt 0.4849 0.2292 0.0000
vt 0.4347 0.2007 0.0000
vt 0.3842 0.1726 0.0000
vt 0.4160 0.1174 0.0000
vt 0.4115 0.1254 0.0000
vt 0.4669 0.1454 0.0000
vt 0.4624 0.1533 0.0000
vt 0.4070 0.1333 0.0000
vt 0.4578 0.1613 0.0000
vt 0.5129 0.1818 0.0000
vt 0.5176 0.1739 0.0000
vt 0.5083 0.1897 0.0000
vt 0.5036 0.1976 0.0000
vt 0.4532 0.1692 0.0000
vt 0.4025 0.1412 0.0000
vt 0.4337 0.0856 0.0000
vt 0.4293 0.0935 0.0000
vt 0.4851 0.1137 0.0000
vt 0.4806 0.1216 0.0000
vt 0.4248 0.1015 0.0000
vt 0.4760 0.1296 0.0000
vt 0.5315 0.1501 0.0000
vt 0.5361 0.1423 0.0000
vt 0.5268 0.1581 0.0000
vt 0.5222 0.1660 0.0000
vt 0.4715 0.1375 0.0000
vt 0.4204 0.1095 0.0000
vt 0.4513 0.0537 0.0000
vt 0.4469 0.0616 0.0000
vt 0.5032 0.0821 0.0000
vt 0.4987 0.0900 0.0000
vt 0.4425 0.0696 0.0000
vt 0.4942 0.0979 0.0000
vt 0.5499 0.1186 0.0000
vt 0.5545 0.1107 0.0000
vt 0.5453 0.1265 0.0000
vt 0.5407 0.1344 0.0000
vt 0.4896 0.1058 0.0000
vt 0.4381 0.0776 0.0000
vt 0.1183 0.5727 0.0000
vt 0.1128 0.5801 0.0000
vt 0.1670 0.6049 0.0000
vt 0.1616 0.6123 0.0000
vt 0.1073 0.5874 0.0000
vt 0.1562 0.6197 0.0000
vt 0.2106 0.6440 0.0000
vt 0.2159 0.6365 0.0000
vt 0.2052 0.6514 0.0000
vt 0.1947 0.6663 0.0000
vt 0.1999 0.6589 0.0000
vt 0.1455 0.6345 0.0000
vt 0.1509 0.6271 0.0000
vt 0.1018 0.5947 0.0000
vt 0.0963 0.6021 0.0000
vt 0.1401 0.5434 0.0000
vt 0.1347 0.5507 0.0000
vt 0.1885 0.5752 0.0000
vt 0.1831 0.5826 0.0000
vt 0.1292 0.5581 0.0000
vt 0.1778 0.5901 0.0000
vt 0.2318 0.6141 0.0000
vt 0.2372 0.6066 0.0000
vt 0.2265 0.6216 0.0000
vt 0.2212 0.6290 0.0000
vt 0.1724 0.5975 0.0000
vt 0.1237 0.5654 0.0000
vt 0.1563 0.5212 0.0000
vt 0.2046 0.5528 0.0000
vt 0.1509 0.5286 0.0000
vt 0.1992 0.5603 0.0000
vt 0.2532 0.5841 0.0000
vt 0.2478 0.5916 0.0000
vt 0.2425 0.5991 0.0000
vt 0.1939 0.5677 0.0000
vt 0.1455 0.5360 0.0000
vt 0.9807 0.4984 0.0000
vt 0.9941 0.5027 0.0000
vt 0.9917 0.5100 0.0000
vt 0.9786 0.5057 0.0000
vt 0.9889 0.5173 0.0000
vt 0.9763 0.5130 0.0000
vt 0.9636 0.5097 0.0000
vt 0.9653 0.5023 0.0000
vt 0.9670 0.4948 0.0000
vt 0.9858 0.5244 0.0000
vt 0.9739 0.5202 0.0000
vt 0.9824 0.5315 0.0000
vt 0.9713 0.5274 0.0000
vt 0.9599 0.5243 0.0000
vt 0.9618 0.5170 0.0000
vt 0.9787 0.5384 0.0000
vt 0.9684 0.5345 0.0000
vt 0.9749 0.5452 0.0000
vt 0.9655 0.5415 0.0000
vt 0.9558 0.5389 0.0000
vt 0.9579 0.5316 0.0000
vt 0.9710 0.5518 0.0000
vt 0.9625 0.5486 0.0000
vt 0.9672 0.5584 0.0000
vt 0.9595 0.5556 0.0000
vt 0.9514 0.5536 0.0000
vt 0.9536 0.5462 0.0000
vt 0.9640 0.5649 0.0000
vt 0.9569 0.5627 0.0000
vt 0.9611 0.5716 0.0000
vt 0.9546 0.5698 0.0000
vt 0.9478 0.5684 0.0000
vt 0.9495 0.5610 0.0000
vt 0.9590 0.5786 0.0000
vt 0.9528 0.5771 0.0000
vt 0.9573 0.5859 0.0000
vt 0.9513 0.5845 0.0000
vt 0.9453 0.5834 0.0000
vt 0.9464 0.5759 0.0000
vt 0.5048 0.6015 0.0000
vt 0.5046 0.6074 0.0000
vt 0.4967 0.6074 0.0000
vt 0.4969 0.6009 0.0000
vt 0.4888 0.6074 0.0000
vt 0.4891 0.6003 0.0000
vt 0.4900 0.5932 0.0000
vt 0.4977 0.5944 0.0000
vt 0.5054 0.5956 0.0000
vt 0.4808 0.6074 0.0000
vt 0.4811 0.5997 0.0000
vt 0.4729 0.6074 0.0000
vt 0.4731 0.5990 0.0000
vt 0.4742 0.5907 0.0000
vt 0.4821 0.5920 0.0000
vt 0.4648 0.6074 0.0000
vt 0.4652 0.5984 0.0000
vt 0.4569 0.6074 0.0000
vt 0.4573 0.5978 0.0000
vt 0.4585 0.5883 0.0000
vt 0.4663 0.5895 0.0000
vt 0.4489 0.6074 0.0000
vt 0.4494 0.5972 0.0000
vt 0.4410 0.6074 0.0000
vt 0.4415 0.5966 0.0000
vt 0.4428 0.5858 0.0000
vt 0.4506 0.5870 0.0000
vt 0.4331 0.6074 0.0000
vt 0.4336 0.5960 0.0000
vt 0.4252 0.6074 0.0000
vt 0.4257 0.5954 0.0000
vt 0.4272 0.5834 0.0000
vt 0.4350 0.5846 0.0000
vt 0.4173 0.6074 0.0000
vt 0.4179 0.5947 0.0000
vt 0.4095 0.6074 0.0000
vt 0.4100 0.5941 0.0000
vt 0.4116 0.5809 0.0000
vt 0.4194 0.5821 0.0000
vt 0.9530 0.4924 0.0000
vt 0.9520 0.4999 0.0000
vt 0.9509 0.5074 0.0000
vt 0.9381 0.5061 0.0000
vt 0.9385 0.4985 0.0000
vt 0.9390 0.4910 0.0000
vt 0.9497 0.5148 0.0000
vt 0.9485 0.5223 0.0000
vt 0.9370 0.5212 0.0000
vt 0.9376 0.5137 0.0000
vt 0.9472 0.5298 0.0000
vt 0.9458 0.5372 0.0000
vt 0.9358 0.5364 0.0000
vt 0.9365 0.5288 0.0000
vt 0.9445 0.5447 0.0000
vt 0.9431 0.5522 0.0000
vt 0.9347 0.5516 0.0000
vt 0.9352 0.5440 0.0000
vt 0.9419 0.5598 0.0000
vt 0.9408 0.5674 0.0000
vt 0.9337 0.5670 0.0000
vt 0.9341 0.5593 0.0000
vt 0.9400 0.5750 0.0000
vt 0.9393 0.5827 0.0000
vt 0.9333 0.5822 0.0000
vt 0.9334 0.5746 0.0000
vt 0.5068 0.5899 0.0000
vt 0.4991 0.5880 0.0000
vt 0.4914 0.5862 0.0000
vt 0.4935 0.5794 0.0000
vt 0.5010 0.5818 0.0000
vt 0.5084 0.5842 0.0000
vt 0.4837 0.5844 0.0000
vt 0.4759 0.5825 0.0000
vt 0.4783 0.5745 0.0000
vt 0.4859 0.5769 0.0000
vt 0.4681 0.5807 0.0000
vt 0.4605 0.5788 0.0000
vt 0.4632 0.5696 0.0000
vt 0.4708 0.5720 0.0000
vt 0.4528 0.5770 0.0000
vt 0.4450 0.5752 0.0000
vt 0.4481 0.5647 0.0000
vt 0.4557 0.5672 0.0000
vt 0.4374 0.5734 0.0000
vt 0.4297 0.5715 0.0000
vt 0.4332 0.5599 0.0000
vt 0.4407 0.5623 0.0000
vt 0.4220 0.5697 0.0000
vt 0.4144 0.5679 0.0000
vt 0.4182 0.5552 0.0000
vt 0.4257 0.5575 0.0000
vt 0.9249 0.4907 0.0000
vt 0.9251 0.4983 0.0000
vt 0.9253 0.5059 0.0000
vt 0.9126 0.5067 0.0000
vt 0.9118 0.4992 0.0000
vt 0.9109 0.4916 0.0000
vt 0.9254 0.5135 0.0000
vt 0.9256 0.5211 0.0000
vt 0.9143 0.5219 0.0000
vt 0.9134 0.5143 0.0000
vt 0.9257 0.5287 0.0000
vt 0.9258 0.5363 0.0000
vt 0.9159 0.5370 0.0000
vt 0.9151 0.5294 0.0000
vt 0.9260 0.5440 0.0000
vt 0.9260 0.5516 0.0000
vt 0.9175 0.5523 0.0000
vt 0.9167 0.5447 0.0000
vt 0.9262 0.5593 0.0000
vt 0.9265 0.5670 0.0000
vt 0.9192 0.5676 0.0000
vt 0.9183 0.5599 0.0000
vt 0.9268 0.5747 0.0000
vt 0.9273 0.5822 0.0000
vt 0.9212 0.5828 0.0000
vt 0.9202 0.5752 0.0000
vt 0.5106 0.5786 0.0000
vt 0.5034 0.5757 0.0000
vt 0.4961 0.5727 0.0000
vt 0.4992 0.5662 0.0000
vt 0.5062 0.5698 0.0000
vt 0.5133 0.5733 0.0000
vt 0.4888 0.5697 0.0000
vt 0.4814 0.5666 0.0000
vt 0.4851 0.5591 0.0000
vt 0.4922 0.5627 0.0000
vt 0.4741 0.5636 0.0000
vt 0.4668 0.5606 0.0000
vt 0.4710 0.5519 0.0000
vt 0.4781 0.5555 0.0000
vt 0.4594 0.5576 0.0000
vt 0.4521 0.5546 0.0000
vt 0.4569 0.5448 0.0000
vt 0.4639 0.5483 0.0000
vt 0.4449 0.5516 0.0000
vt 0.4376 0.5486 0.0000
vt 0.4429 0.5377 0.0000
vt 0.4499 0.5412 0.0000
vt 0.4303 0.5456 0.0000
vt 0.4231 0.5427 0.0000
vt 0.4289 0.5306 0.0000
vt 0.4360 0.5342 0.0000
vt 0.8970 0.4937 0.0000
vt 0.8986 0.5011 0.0000
vt 0.9001 0.5086 0.0000
vt 0.8878 0.5115 0.0000
vt 0.8857 0.5041 0.0000
vt 0.8835 0.4968 0.0000
vt 0.9016 0.5161 0.0000
vt 0.9031 0.5235 0.0000
vt 0.8921 0.5261 0.0000
vt 0.8899 0.5188 0.0000
vt 0.9046 0.5311 0.0000
vt 0.9060 0.5386 0.0000
vt 0.8963 0.5409 0.0000
vt 0.8942 0.5335 0.0000
vt 0.9075 0.5461 0.0000
vt 0.9090 0.5537 0.0000
vt 0.9006 0.5557 0.0000
vt 0.8985 0.5482 0.0000
vt 0.9105 0.5612 0.0000
vt 0.9120 0.5688 0.0000
vt 0.9049 0.5705 0.0000
vt 0.9027 0.5631 0.0000
vt 0.9136 0.5762 0.0000
vt 0.9152 0.5837 0.0000
vt 0.9094 0.5850 0.0000
vt 0.9071 0.5778 0.0000
vt 0.5163 0.5682 0.0000
vt 0.5096 0.5641 0.0000
vt 0.5029 0.5601 0.0000
vt 0.5071 0.5542 0.0000
vt 0.5135 0.5588 0.0000
vt 0.5197 0.5633 0.0000
vt 0.4962 0.5560 0.0000
vt 0.4895 0.5518 0.0000
vt 0.4944 0.5449 0.0000
vt 0.5008 0.5496 0.0000
vt 0.4827 0.5477 0.0000
vt 0.4760 0.5436 0.0000
vt 0.4816 0.5357 0.0000
vt 0.4880 0.5403 0.0000
vt 0.4693 0.5395 0.0000
vt 0.4625 0.5354 0.0000
vt 0.4690 0.5265 0.0000
vt 0.4753 0.5311 0.0000
vt 0.4559 0.5313 0.0000
vt 0.4492 0.5272 0.0000
vt 0.4564 0.5173 0.0000
vt 0.4627 0.5219 0.0000
vt 0.4425 0.5232 0.0000
vt 0.4359 0.5191 0.0000
vt 0.4438 0.5081 0.0000
vt 0.4500 0.5127 0.0000
vt 0.8703 0.5011 0.0000
vt 0.8731 0.5082 0.0000
vt 0.8758 0.5153 0.0000
vt 0.8642 0.5200 0.0000
vt 0.8609 0.5131 0.0000
vt 0.8575 0.5063 0.0000
vt 0.8786 0.5224 0.0000
vt 0.8813 0.5296 0.0000
vt 0.8710 0.5338 0.0000
vt 0.8676 0.5269 0.0000
vt 0.8841 0.5367 0.0000
vt 0.8869 0.5439 0.0000
vt 0.8777 0.5477 0.0000
vt 0.8743 0.5407 0.0000
vt 0.8896 0.5511 0.0000
vt 0.8924 0.5583 0.0000
vt 0.8844 0.5616 0.0000
vt 0.8811 0.5546 0.0000
vt 0.8952 0.5655 0.0000
vt 0.8980 0.5727 0.0000
vt 0.8912 0.5755 0.0000
vt 0.8878 0.5686 0.0000
vt 0.9008 0.5799 0.0000
vt 0.9036 0.5869 0.0000
vt 0.8980 0.5893 0.0000
vt 0.8946 0.5824 0.0000
vt 0.5236 0.5588 0.0000
vt 0.5177 0.5537 0.0000
vt 0.5118 0.5487 0.0000
vt 0.5169 0.5435 0.0000
vt 0.5224 0.5491 0.0000
vt 0.5279 0.5545 0.0000
vt 0.5059 0.5436 0.0000
vt 0.4999 0.5384 0.0000
vt 0.5059 0.5324 0.0000
vt 0.5114 0.5380 0.0000
vt 0.4939 0.5333 0.0000
vt 0.4880 0.5283 0.0000
vt 0.4949 0.5213 0.0000
vt 0.5004 0.5269 0.0000
vt 0.4820 0.5231 0.0000
vt 0.4761 0.5181 0.0000
vt 0.4839 0.5102 0.0000
vt 0.4894 0.5158 0.0000
vt 0.4702 0.5130 0.0000
vt 0.4643 0.5079 0.0000
vt 0.4730 0.4992 0.0000
vt 0.4785 0.5048 0.0000
vt 0.4584 0.5029 0.0000
vt 0.4525 0.4978 0.0000
vt 0.4621 0.4882 0.0000
vt 0.4675 0.4937 0.0000
vt 0.8453 0.5125 0.0000
vt 0.8492 0.5190 0.0000
vt 0.8531 0.5256 0.0000
vt 0.8425 0.5321 0.0000
vt 0.8380 0.5258 0.0000
vt 0.8336 0.5196 0.0000
vt 0.8570 0.5322 0.0000
vt 0.8610 0.5389 0.0000
vt 0.8515 0.5447 0.0000
vt 0.8470 0.5384 0.0000
vt 0.8649 0.5455 0.0000
vt 0.8688 0.5521 0.0000
vt 0.8604 0.5573 0.0000
vt 0.8559 0.5509 0.0000
vt 0.8728 0.5588 0.0000
vt 0.8768 0.5655 0.0000
vt 0.8694 0.5700 0.0000
vt 0.8649 0.5636 0.0000
vt 0.8807 0.5722 0.0000
vt 0.8847 0.5789 0.0000
vt 0.8785 0.5827 0.0000
vt 0.8740 0.5763 0.0000
vt 0.8887 0.5855 0.0000
vt 0.8926 0.5921 0.0000
vt 0.8875 0.5953 0.0000
vt 0.8829 0.5889 0.0000
vt 0.5325 0.5507 0.0000
vt 0.5275 0.5448 0.0000
vt 0.5225 0.5388 0.0000
vt 0.5284 0.5346 0.0000
vt 0.5329 0.5408 0.0000
vt 0.5374 0.5472 0.0000
vt 0.5175 0.5329 0.0000
vt 0.5124 0.5269 0.0000
vt 0.5194 0.5219 0.0000
vt 0.5239 0.5282 0.0000
vt 0.5074 0.5209 0.0000
vt 0.5023 0.5149 0.0000
vt 0.5103 0.5092 0.0000
vt 0.5148 0.5155 0.0000
vt 0.4973 0.5090 0.0000
vt 0.4923 0.5031 0.0000
vt 0.5014 0.4966 0.0000
vt 0.5058 0.5028 0.0000
vt 0.4874 0.4971 0.0000
vt 0.4824 0.4912 0.0000
vt 0.4924 0.4840 0.0000
vt 0.4969 0.4903 0.0000
vt 0.4774 0.4853 0.0000
vt 0.4725 0.4794 0.0000
vt 0.4835 0.4715 0.0000
vt 0.4880 0.4777 0.0000
vt 0.8226 0.5275 0.0000
vt 0.8275 0.5334 0.0000
vt 0.8325 0.5393 0.0000
vt 0.8231 0.5473 0.0000
vt 0.8176 0.5418 0.0000
vt 0.8122 0.5363 0.0000
vt 0.8375 0.5452 0.0000
vt 0.8424 0.5512 0.0000
vt 0.8340 0.5583 0.0000
vt 0.8285 0.5529 0.0000
vt 0.8474 0.5571 0.0000
vt 0.8524 0.5630 0.0000
vt 0.8450 0.5694 0.0000
vt 0.8395 0.5639 0.0000
vt 0.8575 0.5690 0.0000
vt 0.8625 0.5750 0.0000
vt 0.8560 0.5806 0.0000
vt 0.8505 0.5750 0.0000
vt 0.8675 0.5810 0.0000
vt 0.8726 0.5869 0.0000
vt 0.8670 0.5916 0.0000
vt 0.8615 0.5861 0.0000
vt 0.8776 0.5929 0.0000
vt 0.8826 0.5988 0.0000
vt 0.8779 0.6027 0.0000
vt 0.8725 0.5972 0.0000
vt 0.5425 0.5439 0.0000
vt 0.5386 0.5374 0.0000
vt 0.5346 0.5308 0.0000
vt 0.5411 0.5274 0.0000
vt 0.5445 0.5343 0.0000
vt 0.5479 0.5412 0.0000
vt 0.5306 0.5241 0.0000
vt 0.5267 0.5174 0.0000
vt 0.5344 0.5135 0.0000
vt 0.5377 0.5205 0.0000
vt 0.5227 0.5107 0.0000
vt 0.5188 0.5040 0.0000
vt 0.5276 0.4996 0.0000
vt 0.5310 0.5065 0.0000
vt 0.5148 0.4974 0.0000
vt 0.5109 0.4908 0.0000
vt 0.5209 0.4857 0.0000
vt 0.5243 0.4926 0.0000
vt 0.5070 0.4841 0.0000
vt 0.5030 0.4775 0.0000
vt 0.5142 0.4719 0.0000
vt 0.5175 0.4788 0.0000
vt 0.4991 0.4709 0.0000
vt 0.4952 0.4644 0.0000
vt 0.5074 0.4582 0.0000
vt 0.5108 0.4650 0.0000
vt 0.8026 0.5459 0.0000
vt 0.8085 0.5510 0.0000
vt 0.8144 0.5560 0.0000
vt 0.8064 0.5654 0.0000
vt 0.8001 0.5608 0.0000
vt 0.7939 0.5562 0.0000
vt 0.8203 0.5611 0.0000
vt 0.8262 0.5662 0.0000
vt 0.8190 0.5746 0.0000
vt 0.8128 0.5700 0.0000
vt 0.8321 0.5712 0.0000
vt 0.8381 0.5764 0.0000
vt 0.8317 0.5838 0.0000
vt 0.8254 0.5792 0.0000
vt 0.8440 0.5814 0.0000
vt 0.8500 0.5865 0.0000
vt 0.8445 0.5930 0.0000
vt 0.8381 0.5884 0.0000
vt 0.8560 0.5917 0.0000
vt 0.8619 0.5968 0.0000
vt 0.8572 0.6023 0.0000
vt 0.8509 0.5977 0.0000
vt 0.8678 0.6018 0.0000
vt 0.8737 0.6069 0.0000
vt 0.8698 0.6114 0.0000
vt 0.8636 0.6069 0.0000
vt 0.5535 0.5388 0.0000
vt 0.5507 0.5318 0.0000
vt 0.5479 0.5246 0.0000
vt 0.5549 0.5224 0.0000
vt 0.5571 0.5297 0.0000
vt 0.5593 0.5369 0.0000
vt 0.5451 0.5174 0.0000
vt 0.5423 0.5102 0.0000
vt 0.5505 0.5076 0.0000
vt 0.5526 0.5150 0.0000
vt 0.5395 0.5030 0.0000
vt 0.5368 0.4958 0.0000
vt 0.5462 0.4927 0.0000
vt 0.5484 0.5001 0.0000
vt 0.5340 0.4886 0.0000
vt 0.5313 0.4815 0.0000
vt 0.5420 0.4780 0.0000
vt 0.5441 0.4854 0.0000
vt 0.5285 0.4743 0.0000
vt 0.5258 0.4672 0.0000
vt 0.5377 0.4634 0.0000
vt 0.5398 0.4707 0.0000
vt 0.5230 0.4601 0.0000
vt 0.5202 0.4529 0.0000
vt 0.5334 0.4487 0.0000
vt 0.5356 0.4560 0.0000
vt 0.7860 0.5672 0.0000
vt 0.7926 0.5713 0.0000
vt 0.7993 0.5753 0.0000
vt 0.7930 0.5858 0.0000
vt 0.7861 0.5823 0.0000
vt 0.7790 0.5787 0.0000
vt 0.8060 0.5794 0.0000
vt 0.8126 0.5835 0.0000
vt 0.8070 0.5929 0.0000
vt 0.8000 0.5893 0.0000
vt 0.8194 0.5876 0.0000
vt 0.8261 0.5917 0.0000
vt 0.8211 0.6000 0.0000
vt 0.8140 0.5964 0.0000
vt 0.8328 0.5958 0.0000
vt 0.8396 0.5999 0.0000
vt 0.8352 0.6072 0.0000
vt 0.8282 0.6036 0.0000
vt 0.8463 0.6041 0.0000
vt 0.8530 0.6082 0.0000
vt 0.8493 0.6143 0.0000
vt 0.8423 0.6108 0.0000
vt 0.8597 0.6123 0.0000
vt 0.8664 0.6163 0.0000
vt 0.8634 0.6214 0.0000
vt 0.8563 0.6179 0.0000
vt 0.5652 0.5356 0.0000
vt 0.5636 0.5281 0.0000
vt 0.5619 0.5206 0.0000
vt 0.5692 0.5195 0.0000
vt 0.5701 0.5271 0.0000
vt 0.5712 0.5347 0.0000
vt 0.5604 0.5131 0.0000
vt 0.5589 0.5056 0.0000
vt 0.5674 0.5042 0.0000
vt 0.5683 0.5118 0.0000
vt 0.5574 0.4980 0.0000
vt 0.5559 0.4905 0.0000
vt 0.5658 0.4889 0.0000
vt 0.5666 0.4966 0.0000
vt 0.5545 0.4830 0.0000
vt 0.5530 0.4754 0.0000
vt 0.5642 0.4737 0.0000
vt 0.5650 0.4813 0.0000
vt 0.5515 0.4679 0.0000
vt 0.5500 0.4605 0.0000
vt 0.5625 0.4586 0.0000
vt 0.5634 0.4662 0.0000
vt 0.5485 0.4530 0.0000
vt 0.5469 0.4456 0.0000
vt 0.5608 0.4435 0.0000
vt 0.5617 0.4511 0.0000
vt 0.7731 0.5908 0.0000
vt 0.7804 0.5937 0.0000
vt 0.7877 0.5967 0.0000
vt 0.7833 0.6080 0.0000
vt 0.7758 0.6056 0.0000
vt 0.7683 0.6033 0.0000
vt 0.7949 0.5997 0.0000
vt 0.8022 0.6027 0.0000
vt 0.7982 0.6128 0.0000
vt 0.7907 0.6104 0.0000
vt 0.8095 0.6057 0.0000
vt 0.8168 0.6087 0.0000
vt 0.8133 0.6177 0.0000
vt 0.8058 0.6153 0.0000
vt 0.8241 0.6117 0.0000
vt 0.8315 0.6147 0.0000
vt 0.8284 0.6226 0.0000
vt 0.8209 0.6201 0.0000
vt 0.8388 0.6178 0.0000
vt 0.8462 0.6208 0.0000
vt 0.8436 0.6275 0.0000
vt 0.8360 0.6250 0.0000
vt 0.8535 0.6238 0.0000
vt 0.8606 0.6267 0.0000
vt 0.8585 0.6323 0.0000
vt 0.8511 0.6299 0.0000
vt 0.5772 0.5341 0.0000
vt 0.5768 0.5266 0.0000
vt 0.5764 0.5189 0.0000
vt 0.5836 0.5188 0.0000
vt 0.5833 0.5265 0.0000
vt 0.5832 0.5341 0.0000
vt 0.5761 0.5112 0.0000
vt 0.5760 0.5035 0.0000
vt 0.5846 0.5035 0.0000
vt 0.5840 0.5112 0.0000
vt 0.5759 0.4958 0.0000
vt 0.5758 0.4882 0.0000
vt 0.5858 0.4883 0.0000
vt 0.5851 0.4959 0.0000
vt 0.5757 0.4806 0.0000
vt 0.5755 0.4730 0.0000
vt 0.5869 0.4731 0.0000
vt 0.5864 0.4807 0.0000
vt 0.5754 0.4654 0.0000
vt 0.5752 0.4578 0.0000
vt 0.5880 0.4580 0.0000
vt 0.5875 0.4656 0.0000
vt 0.5750 0.4502 0.0000
vt 0.5748 0.4426 0.0000
vt 0.5889 0.4429 0.0000
vt 0.5885 0.4504 0.0000
vt 0.7645 0.6160 0.0000
vt 0.7721 0.6178 0.0000
vt 0.7798 0.6196 0.0000
vt 0.7773 0.6315 0.0000
vt 0.7695 0.6302 0.0000
vt 0.7617 0.6290 0.0000
vt 0.7874 0.6215 0.0000
vt 0.7951 0.6233 0.0000
vt 0.7928 0.6339 0.0000
vt 0.7851 0.6327 0.0000
vt 0.8028 0.6251 0.0000
vt 0.8106 0.6269 0.0000
vt 0.8085 0.6364 0.0000
vt 0.8007 0.6351 0.0000
vt 0.8182 0.6288 0.0000
vt 0.8260 0.6306 0.0000
vt 0.8243 0.6388 0.0000
vt 0.8164 0.6376 0.0000
vt 0.8338 0.6325 0.0000
vt 0.8415 0.6343 0.0000
vt 0.8400 0.6413 0.0000
vt 0.8322 0.6401 0.0000
vt 0.8492 0.6361 0.0000
vt 0.8569 0.6380 0.0000
vt 0.8555 0.6437 0.0000
vt 0.8478 0.6425 0.0000
vt 0.5893 0.5345 0.0000
vt 0.5899 0.5269 0.0000
vt 0.5907 0.5193 0.0000
vt 0.5977 0.5203 0.0000
vt 0.5964 0.5278 0.0000
vt 0.5952 0.5353 0.0000
vt 0.5918 0.5117 0.0000
vt 0.5930 0.5041 0.0000
vt 0.6013 0.5055 0.0000
vt 0.5994 0.5129 0.0000
vt 0.5944 0.4966 0.0000
vt 0.5958 0.4891 0.0000
vt 0.6057 0.4908 0.0000
vt 0.6035 0.4981 0.0000
vt 0.5971 0.4817 0.0000
vt 0.5984 0.4742 0.0000
vt 0.6098 0.4762 0.0000
vt 0.6078 0.4835 0.0000
vt 0.5996 0.4667 0.0000
vt 0.6008 0.4593 0.0000
vt 0.6136 0.4616 0.0000
vt 0.6117 0.4689 0.0000
vt 0.6019 0.4518 0.0000
vt 0.6029 0.4443 0.0000
vt 0.6169 0.4467 0.0000
vt 0.6152 0.4542 0.0000
vt 0.7601 0.6422 0.0000
vt 0.7679 0.6428 0.0000
vt 0.7758 0.6435 0.0000
vt 0.7753 0.6555 0.0000
vt 0.7674 0.6555 0.0000
vt 0.7596 0.6555 0.0000
vt 0.7837 0.6441 0.0000
vt 0.7916 0.6447 0.0000
vt 0.7911 0.6555 0.0000
vt 0.7832 0.6555 0.0000
vt 0.7995 0.6453 0.0000
vt 0.8073 0.6459 0.0000
vt 0.8070 0.6555 0.0000
vt 0.7990 0.6555 0.0000
vt 0.8153 0.6466 0.0000
vt 0.8232 0.6471 0.0000
vt 0.8229 0.6555 0.0000
vt 0.8149 0.6555 0.0000
vt 0.8312 0.6478 0.0000
vt 0.8391 0.6484 0.0000
vt 0.8388 0.6555 0.0000
vt 0.8309 0.6555 0.0000
vt 0.8470 0.6490 0.0000
vt 0.8549 0.6496 0.0000
vt 0.8547 0.6555 0.0000
vt 0.8468 0.6555 0.0000
vt 0.6012 0.5364 0.0000
vt 0.6027 0.5290 0.0000
vt 0.6045 0.5217 0.0000
vt 0.6110 0.5235 0.0000
vt 0.6089 0.5305 0.0000
vt 0.6073 0.5378 0.0000
vt 0.6068 0.5145 0.0000
vt 0.6094 0.5075 0.0000
vt 0.6171 0.5102 0.0000
vt 0.6139 0.5168 0.0000
vt 0.6124 0.5005 0.0000
vt 0.6154 0.4934 0.0000
vt 0.6248 0.4971 0.0000
vt 0.6209 0.5037 0.0000
vt 0.6183 0.4864 0.0000
vt 0.6212 0.4793 0.0000
vt 0.6323 0.4834 0.0000
vt 0.6286 0.4903 0.0000
vt 0.6238 0.4721 0.0000
vt 0.6262 0.4649 0.0000
vt 0.6388 0.4692 0.0000
vt 0.6357 0.4763 0.0000
vt 0.6285 0.4576 0.0000
vt 0.6307 0.4503 0.0000
vt 0.6441 0.4546 0.0000
vt 0.6416 0.4619 0.0000
vt 0.7601 0.6688 0.0000
vt 0.7679 0.6682 0.0000
vt 0.7758 0.6676 0.0000
vt 0.7773 0.6796 0.0000
vt 0.7695 0.6808 0.0000
vt 0.7617 0.6819 0.0000
vt 0.7837 0.6670 0.0000
vt 0.7916 0.6664 0.0000
vt 0.7928 0.6772 0.0000
vt 0.7851 0.6783 0.0000
vt 0.7995 0.6657 0.0000
vt 0.8074 0.6652 0.0000
vt 0.8086 0.6747 0.0000
vt 0.8007 0.6759 0.0000
vt 0.8153 0.6645 0.0000
vt 0.8232 0.6639 0.0000
vt 0.8243 0.6722 0.0000
vt 0.8164 0.6734 0.0000
vt 0.8312 0.6633 0.0000
vt 0.8391 0.6627 0.0000
vt 0.8400 0.6698 0.0000
vt 0.8322 0.6710 0.0000
vt 0.8471 0.6621 0.0000
vt 0.8548 0.6614 0.0000
vt 0.8556 0.6673 0.0000
vt 0.8479 0.6685 0.0000
vt 0.6011 0.6784 0.0000
vt 0.6071 0.6770 0.0000
vt 0.6087 0.6843 0.0000
vt 0.6026 0.6857 0.0000
vt 0.6109 0.6912 0.0000
vt 0.6044 0.6930 0.0000
vt 0.5976 0.6945 0.0000
vt 0.5963 0.6870 0.0000
vt 0.5951 0.6795 0.0000
vt 0.6137 0.6979 0.0000
vt 0.6067 0.7002 0.0000
vt 0.6171 0.7045 0.0000
vt 0.6094 0.7073 0.0000
vt 0.6013 0.7093 0.0000
vt 0.5993 0.7019 0.0000
vt 0.6208 0.7110 0.0000
vt 0.6123 0.7143 0.0000
vt 0.6247 0.7176 0.0000
vt 0.6153 0.7213 0.0000
vt 0.6056 0.7239 0.0000
vt 0.6035 0.7166 0.0000
vt 0.6286 0.7244 0.0000
vt 0.6183 0.7283 0.0000
vt 0.6323 0.7313 0.0000
vt 0.6211 0.7354 0.0000
vt 0.6098 0.7385 0.0000
vt 0.6078 0.7312 0.0000
vt 0.6357 0.7384 0.0000
vt 0.6238 0.7426 0.0000
vt 0.6388 0.7456 0.0000
vt 0.6262 0.7498 0.0000
vt 0.6135 0.7532 0.0000
vt 0.6117 0.7458 0.0000
vt 0.6416 0.7528 0.0000
vt 0.6285 0.7571 0.0000
vt 0.6440 0.7601 0.0000
vt 0.6307 0.7644 0.0000
vt 0.6170 0.7679 0.0000
vt 0.6152 0.7605 0.0000
vt 0.7644 0.6949 0.0000
vt 0.7721 0.6932 0.0000
vt 0.7798 0.6914 0.0000
vt 0.7832 0.7030 0.0000
vt 0.7757 0.7054 0.0000
vt 0.7682 0.7078 0.0000
vt 0.7874 0.6896 0.0000
vt 0.7951 0.6878 0.0000
vt 0.7982 0.6982 0.0000
vt 0.7907 0.7006 0.0000
vt 0.8028 0.6859 0.0000
vt 0.8105 0.6841 0.0000
vt 0.8133 0.6934 0.0000
vt 0.8057 0.6958 0.0000
vt 0.8183 0.6823 0.0000
vt 0.8260 0.6804 0.0000
vt 0.8284 0.6885 0.0000
vt 0.8208 0.6909 0.0000
vt 0.8338 0.6786 0.0000
vt 0.8415 0.6768 0.0000
vt 0.8436 0.6836 0.0000
vt 0.8360 0.6860 0.0000
vt 0.8492 0.6749 0.0000
vt 0.8569 0.6731 0.0000
vt 0.8586 0.6788 0.0000
vt 0.8511 0.6812 0.0000
vt 0.5891 0.6802 0.0000
vt 0.5898 0.6879 0.0000
vt 0.5906 0.6955 0.0000
vt 0.5835 0.6959 0.0000
vt 0.5832 0.6883 0.0000
vt 0.5831 0.6807 0.0000
vt 0.5917 0.7030 0.0000
vt 0.5930 0.7106 0.0000
vt 0.5845 0.7113 0.0000
vt 0.5839 0.7036 0.0000
vt 0.5943 0.7182 0.0000
vt 0.5957 0.7256 0.0000
vt 0.5857 0.7265 0.0000
vt 0.5851 0.7189 0.0000
vt 0.5971 0.7331 0.0000
vt 0.5984 0.7406 0.0000
vt 0.5869 0.7417 0.0000
vt 0.5864 0.7341 0.0000
vt 0.5996 0.7480 0.0000
vt 0.6008 0.7555 0.0000
vt 0.5880 0.7568 0.0000
vt 0.5875 0.7492 0.0000
vt 0.6019 0.7630 0.0000
vt 0.6030 0.7705 0.0000
vt 0.5890 0.7719 0.0000
vt 0.5885 0.7644 0.0000
vt 0.7731 0.7202 0.0000
vt 0.7804 0.7173 0.0000
vt 0.7876 0.7143 0.0000
vt 0.7930 0.7252 0.0000
vt 0.7860 0.7288 0.0000
vt 0.7789 0.7323 0.0000
vt 0.7949 0.7114 0.0000
vt 0.8021 0.7084 0.0000
vt 0.8070 0.7182 0.0000
vt 0.8000 0.7217 0.0000
vt 0.8095 0.7054 0.0000
vt 0.8168 0.7024 0.0000
vt 0.8210 0.7110 0.0000
vt 0.8140 0.7146 0.0000
vt 0.8241 0.6993 0.0000
vt 0.8315 0.6963 0.0000
vt 0.8352 0.7039 0.0000
vt 0.8281 0.7075 0.0000
vt 0.8388 0.6933 0.0000
vt 0.8461 0.6903 0.0000
vt 0.8493 0.6967 0.0000
vt 0.8423 0.7003 0.0000
vt 0.8534 0.6873 0.0000
vt 0.8607 0.6843 0.0000
vt 0.8633 0.6897 0.0000
vt 0.8563 0.6932 0.0000
vt 0.5770 0.6807 0.0000
vt 0.5766 0.6883 0.0000
vt 0.5763 0.6959 0.0000
vt 0.5691 0.6953 0.0000
vt 0.5700 0.6877 0.0000
vt 0.5710 0.6802 0.0000
vt 0.5761 0.7036 0.0000
vt 0.5759 0.7113 0.0000
vt 0.5673 0.7106 0.0000
vt 0.5682 0.7030 0.0000
vt 0.5758 0.7190 0.0000
vt 0.5757 0.7266 0.0000
vt 0.5658 0.7259 0.0000
vt 0.5665 0.7182 0.0000
vt 0.5756 0.7342 0.0000
vt 0.5755 0.7419 0.0000
vt 0.5642 0.7411 0.0000
vt 0.5650 0.7335 0.0000
vt 0.5753 0.7494 0.0000
vt 0.5752 0.7570 0.0000
vt 0.5625 0.7562 0.0000
vt 0.5633 0.7486 0.0000
vt 0.5750 0.7646 0.0000
vt 0.5749 0.7722 0.0000
vt 0.5608 0.7714 0.0000
vt 0.5617 0.7637 0.0000
vt 0.7859 0.7439 0.0000
vt 0.7925 0.7398 0.0000
vt 0.7992 0.7357 0.0000
vt 0.8064 0.7456 0.0000
vt 0.8001 0.7503 0.0000
vt 0.7938 0.7549 0.0000
vt 0.8059 0.7316 0.0000
vt 0.8126 0.7276 0.0000
vt 0.8190 0.7365 0.0000
vt 0.8127 0.7411 0.0000
vt 0.8193 0.7234 0.0000
vt 0.8260 0.7194 0.0000
vt 0.8317 0.7273 0.0000
vt 0.8253 0.7319 0.0000
vt 0.8328 0.7153 0.0000
vt 0.8395 0.7111 0.0000
vt 0.8444 0.7180 0.0000
vt 0.8381 0.7226 0.0000
vt 0.8462 0.7070 0.0000
vt 0.8530 0.7029 0.0000
vt 0.8572 0.7088 0.0000
vt 0.8508 0.7134 0.0000
vt 0.8597 0.6988 0.0000
vt 0.8663 0.6948 0.0000
vt 0.8698 0.6996 0.0000
vt 0.8635 0.7042 0.0000
vt 0.5650 0.6793 0.0000
vt 0.5635 0.6867 0.0000
vt 0.5619 0.6942 0.0000
vt 0.5548 0.6925 0.0000
vt 0.5570 0.6851 0.0000
vt 0.5592 0.6779 0.0000
vt 0.5604 0.7017 0.0000
vt 0.5588 0.7093 0.0000
vt 0.5505 0.7073 0.0000
vt 0.5526 0.6999 0.0000
vt 0.5574 0.7168 0.0000
vt 0.5559 0.7244 0.0000
vt 0.5462 0.7221 0.0000
vt 0.5483 0.7147 0.0000
vt 0.5544 0.7319 0.0000
vt 0.5529 0.7394 0.0000
vt 0.5420 0.7368 0.0000
vt 0.5441 0.7295 0.0000
vt 0.5515 0.7469 0.0000
vt 0.5500 0.7543 0.0000
vt 0.5377 0.7515 0.0000
vt 0.5398 0.7442 0.0000
vt 0.5485 0.7618 0.0000
vt 0.5469 0.7693 0.0000
vt 0.5334 0.7661 0.0000
vt 0.5355 0.7588 0.0000
vt 0.8026 0.7651 0.0000
vt 0.8084 0.7601 0.0000
vt 0.8143 0.7550 0.0000
vt 0.8230 0.7637 0.0000
vt 0.8176 0.7692 0.0000
vt 0.8122 0.7747 0.0000
vt 0.8202 0.7500 0.0000
vt 0.8261 0.7449 0.0000
vt 0.8339 0.7527 0.0000
vt 0.8285 0.7582 0.0000
vt 0.8320 0.7398 0.0000
vt 0.8380 0.7347 0.0000
vt 0.8449 0.7417 0.0000
vt 0.8394 0.7472 0.0000
vt 0.8439 0.7296 0.0000
vt 0.8500 0.7245 0.0000
vt 0.8559 0.7305 0.0000
vt 0.8504 0.7361 0.0000
vt 0.8559 0.7194 0.0000
vt 0.8618 0.7143 0.0000
vt 0.8670 0.7194 0.0000
vt 0.8615 0.7250 0.0000
vt 0.8678 0.7092 0.0000
vt 0.8737 0.7042 0.0000
vt 0.8779 0.7085 0.0000
vt 0.8724 0.7139 0.0000
vt 0.5534 0.6759 0.0000
vt 0.5506 0.6831 0.0000
vt 0.5478 0.6902 0.0000
vt 0.5410 0.6874 0.0000
vt 0.5444 0.6805 0.0000
vt 0.5478 0.6737 0.0000
vt 0.5450 0.6974 0.0000
vt 0.5422 0.7046 0.0000
vt 0.5343 0.7014 0.0000
vt 0.5377 0.6944 0.0000
vt 0.5395 0.7119 0.0000
vt 0.5367 0.7190 0.0000
vt 0.5275 0.7153 0.0000
vt 0.5309 0.7084 0.0000
vt 0.5340 0.7263 0.0000
vt 0.5312 0.7334 0.0000
vt 0.5208 0.7292 0.0000
vt 0.5242 0.7223 0.0000
vt 0.5285 0.7406 0.0000
vt 0.5257 0.7477 0.0000
vt 0.5141 0.7429 0.0000
vt 0.5175 0.7361 0.0000
vt 0.5230 0.7548 0.0000
vt 0.5202 0.7619 0.0000
vt 0.5074 0.7567 0.0000
vt 0.5108 0.7498 0.0000
vt 0.8225 0.7835 0.0000
vt 0.8275 0.7776 0.0000
vt 0.8324 0.7717 0.0000
vt 0.8425 0.7790 0.0000
vt 0.8380 0.7853 0.0000
vt 0.8336 0.7915 0.0000
vt 0.8374 0.7658 0.0000
vt 0.8424 0.7599 0.0000
vt 0.8514 0.7664 0.0000
vt 0.8469 0.7727 0.0000
vt 0.8474 0.7540 0.0000
vt 0.8524 0.7480 0.0000
vt 0.8604 0.7538 0.0000
vt 0.8559 0.7601 0.0000
vt 0.8574 0.7420 0.0000
vt 0.8624 0.7361 0.0000
vt 0.8694 0.7411 0.0000
vt 0.8649 0.7475 0.0000
vt 0.8675 0.7301 0.0000
vt 0.8725 0.7242 0.0000
vt 0.8784 0.7284 0.0000
vt 0.8739 0.7348 0.0000
vt 0.8775 0.7182 0.0000
vt 0.8825 0.7124 0.0000
vt 0.8874 0.7159 0.0000
vt 0.8829 0.7222 0.0000
vt 0.5424 0.6709 0.0000
vt 0.5385 0.6775 0.0000
vt 0.5345 0.6841 0.0000
vt 0.5283 0.6803 0.0000
vt 0.5328 0.6741 0.0000
vt 0.5373 0.6678 0.0000
vt 0.5306 0.6908 0.0000
vt 0.5266 0.6975 0.0000
vt 0.5193 0.6930 0.0000
vt 0.5238 0.6867 0.0000
vt 0.5227 0.7041 0.0000
vt 0.5187 0.7109 0.0000
vt 0.5103 0.7057 0.0000
vt 0.5148 0.6994 0.0000
vt 0.5148 0.7175 0.0000
vt 0.5108 0.7241 0.0000
vt 0.5013 0.7183 0.0000
vt 0.5058 0.7120 0.0000
vt 0.5069 0.7307 0.0000
vt 0.5030 0.7373 0.0000
vt 0.4924 0.7309 0.0000
vt 0.4968 0.7246 0.0000
vt 0.4991 0.7439 0.0000
vt 0.4951 0.7505 0.0000
vt 0.4835 0.7434 0.0000
vt 0.4879 0.7372 0.0000
vt 0.8452 0.7986 0.0000
vt 0.8492 0.7920 0.0000
vt 0.8531 0.7854 0.0000
vt 0.8642 0.7910 0.0000
vt 0.8609 0.7979 0.0000
vt 0.8575 0.8048 0.0000
vt 0.8570 0.7788 0.0000
vt 0.8609 0.7722 0.0000
vt 0.8709 0.7773 0.0000
vt 0.8676 0.7842 0.0000
vt 0.8649 0.7656 0.0000
vt 0.8688 0.7590 0.0000
vt 0.8776 0.7634 0.0000
vt 0.8743 0.7704 0.0000
vt 0.8727 0.7522 0.0000
vt 0.8767 0.7456 0.0000
vt 0.8844 0.7495 0.0000
vt 0.8810 0.7565 0.0000
vt 0.8807 0.7389 0.0000
vt 0.8846 0.7322 0.0000
vt 0.8911 0.7355 0.0000
vt 0.8878 0.7425 0.0000
vt 0.8886 0.7256 0.0000
vt 0.8925 0.7191 0.0000
vt 0.8979 0.7218 0.0000
vt 0.8945 0.7286 0.0000
vt 0.5324 0.6643 0.0000
vt 0.5274 0.6701 0.0000
vt 0.5224 0.6761 0.0000
vt 0.5169 0.6713 0.0000
vt 0.5224 0.6658 0.0000
vt 0.5278 0.6604 0.0000
vt 0.5174 0.6820 0.0000
vt 0.5123 0.6880 0.0000
vt 0.5059 0.6824 0.0000
vt 0.5114 0.6769 0.0000
vt 0.5073 0.6939 0.0000
vt 0.5023 0.6999 0.0000
vt 0.4948 0.6936 0.0000
vt 0.5003 0.6880 0.0000
vt 0.4973 0.7059 0.0000
vt 0.4923 0.7118 0.0000
vt 0.4838 0.7046 0.0000
vt 0.4893 0.6991 0.0000
vt 0.4873 0.7177 0.0000
vt 0.4823 0.7236 0.0000
vt 0.4729 0.7156 0.0000
vt 0.4784 0.7101 0.0000
vt 0.4774 0.7295 0.0000
vt 0.4724 0.7354 0.0000
vt 0.4621 0.7266 0.0000
vt 0.4675 0.7211 0.0000
vt 0.8703 0.8100 0.0000
vt 0.8731 0.8029 0.0000
vt 0.8758 0.7958 0.0000
vt 0.8878 0.7996 0.0000
vt 0.8856 0.8069 0.0000
vt 0.8834 0.8142 0.0000
vt 0.8786 0.7887 0.0000
vt 0.8813 0.7815 0.0000
vt 0.8921 0.7850 0.0000
vt 0.8899 0.7923 0.0000
vt 0.8841 0.7744 0.0000
vt 0.8868 0.7671 0.0000
vt 0.8963 0.7702 0.0000
vt 0.8941 0.7776 0.0000
vt 0.8896 0.7600 0.0000
vt 0.8923 0.7527 0.0000
vt 0.9005 0.7554 0.0000
vt 0.8984 0.7628 0.0000
vt 0.8951 0.7455 0.0000
vt 0.8979 0.7383 0.0000
vt 0.9049 0.7406 0.0000
vt 0.9027 0.7480 0.0000
vt 0.9007 0.7312 0.0000
vt 0.9035 0.7240 0.0000
vt 0.9093 0.7260 0.0000
vt 0.9071 0.7333 0.0000
vt 0.5236 0.6561 0.0000
vt 0.5177 0.6611 0.0000
vt 0.5117 0.6662 0.0000
vt 0.5071 0.6607 0.0000
vt 0.5134 0.6561 0.0000
vt 0.5197 0.6515 0.0000
vt 0.5058 0.6713 0.0000
vt 0.4999 0.6764 0.0000
vt 0.4943 0.6699 0.0000
vt 0.5007 0.6653 0.0000
vt 0.4938 0.6815 0.0000
vt 0.4879 0.6866 0.0000
vt 0.4816 0.6792 0.0000
vt 0.4880 0.6745 0.0000
vt 0.4819 0.6917 0.0000
vt 0.4760 0.6968 0.0000
vt 0.4689 0.6884 0.0000
vt 0.4752 0.6838 0.0000
vt 0.4701 0.7019 0.0000
vt 0.4642 0.7069 0.0000
vt 0.4563 0.6976 0.0000
vt 0.4626 0.6930 0.0000
vt 0.4583 0.7120 0.0000
vt 0.4525 0.7170 0.0000
vt 0.4437 0.7068 0.0000
vt 0.4500 0.7022 0.0000
vt 0.8970 0.8174 0.0000
vt 0.8986 0.8099 0.0000
vt 0.9001 0.8025 0.0000
vt 0.9126 0.8043 0.0000
vt 0.9118 0.8119 0.0000
vt 0.9109 0.8194 0.0000
vt 0.9016 0.7950 0.0000
vt 0.9030 0.7875 0.0000
vt 0.9142 0.7892 0.0000
vt 0.9134 0.7967 0.0000
vt 0.9045 0.7800 0.0000
vt 0.9060 0.7725 0.0000
vt 0.9158 0.7740 0.0000
vt 0.9150 0.7816 0.0000
vt 0.9074 0.7650 0.0000
vt 0.9089 0.7574 0.0000
vt 0.9174 0.7587 0.0000
vt 0.9166 0.7664 0.0000
vt 0.9104 0.7498 0.0000
vt 0.9119 0.7423 0.0000
vt 0.9191 0.7435 0.0000
vt 0.9183 0.7511 0.0000
vt 0.9136 0.7348 0.0000
vt 0.9151 0.7274 0.0000
vt 0.9211 0.7283 0.0000
vt 0.9201 0.7358 0.0000
vt 0.5162 0.6467 0.0000
vt 0.5096 0.6507 0.0000
vt 0.5029 0.6548 0.0000
vt 0.4992 0.6486 0.0000
vt 0.5062 0.6451 0.0000
vt 0.5132 0.6416 0.0000
vt 0.4962 0.6589 0.0000
vt 0.4894 0.6630 0.0000
vt 0.4851 0.6558 0.0000
vt 0.4922 0.6522 0.0000
vt 0.4827 0.6672 0.0000
vt 0.4759 0.6713 0.0000
vt 0.4709 0.6629 0.0000
vt 0.4780 0.6593 0.0000
vt 0.4692 0.6753 0.0000
vt 0.4625 0.6795 0.0000
vt 0.4569 0.6701 0.0000
vt 0.4639 0.6665 0.0000
vt 0.4558 0.6835 0.0000
vt 0.4491 0.6876 0.0000
vt 0.4429 0.6771 0.0000
vt 0.4499 0.6736 0.0000
vt 0.4425 0.6917 0.0000
vt 0.4358 0.6958 0.0000
vt 0.4289 0.6842 0.0000
vt 0.4359 0.6807 0.0000
vt 0.9250 0.8203 0.0000
vt 0.9251 0.8127 0.0000
vt 0.9253 0.8051 0.0000
vt 0.9381 0.8049 0.0000
vt 0.9386 0.8125 0.0000
vt 0.9390 0.8200 0.0000
vt 0.9254 0.7975 0.0000
vt 0.9256 0.7900 0.0000
vt 0.9370 0.7898 0.0000
vt 0.9376 0.7973 0.0000
vt 0.9257 0.7823 0.0000
vt 0.9258 0.7747 0.0000
vt 0.9358 0.7747 0.0000
vt 0.9365 0.7822 0.0000
vt 0.9259 0.7671 0.0000
vt 0.9260 0.7594 0.0000
vt 0.9346 0.7594 0.0000
vt 0.9352 0.7670 0.0000
vt 0.9262 0.7517 0.0000
vt 0.9264 0.7440 0.0000
vt 0.9336 0.7441 0.0000
vt 0.9340 0.7517 0.0000
vt 0.9267 0.7364 0.0000
vt 0.9271 0.7288 0.0000
vt 0.9332 0.7288 0.0000
vt 0.9333 0.7364 0.0000
vt 0.5106 0.6362 0.0000
vt 0.5034 0.6392 0.0000
vt 0.4961 0.6422 0.0000
vt 0.4935 0.6355 0.0000
vt 0.5010 0.6331 0.0000
vt 0.5085 0.6307 0.0000
vt 0.4887 0.6452 0.0000
vt 0.4814 0.6482 0.0000
vt 0.4783 0.6404 0.0000
vt 0.4859 0.6379 0.0000
vt 0.4740 0.6512 0.0000
vt 0.4667 0.6543 0.0000
vt 0.4632 0.6453 0.0000
vt 0.4707 0.6428 0.0000
vt 0.4594 0.6572 0.0000
vt 0.4521 0.6603 0.0000
vt 0.4481 0.6501 0.0000
vt 0.4556 0.6477 0.0000
vt 0.4448 0.6633 0.0000
vt 0.4375 0.6662 0.0000
vt 0.4331 0.6549 0.0000
vt 0.4406 0.6525 0.0000
vt 0.4303 0.6692 0.0000
vt 0.4230 0.6721 0.0000
vt 0.4181 0.6596 0.0000
vt 0.4256 0.6573 0.0000
vt 0.9531 0.8186 0.0000
vt 0.9520 0.8111 0.0000
vt 0.9509 0.8036 0.0000
vt 0.9636 0.8013 0.0000
vt 0.9653 0.8086 0.0000
vt 0.9671 0.8160 0.0000
vt 0.9497 0.7961 0.0000
vt 0.9485 0.7887 0.0000
vt 0.9599 0.7867 0.0000
vt 0.9618 0.7939 0.0000
vt 0.9472 0.7812 0.0000
vt 0.9458 0.7737 0.0000
vt 0.9557 0.7720 0.0000
vt 0.9578 0.7793 0.0000
vt 0.9444 0.7663 0.0000
vt 0.9431 0.7587 0.0000
vt 0.9514 0.7574 0.0000
vt 0.9536 0.7647 0.0000
vt 0.9418 0.7512 0.0000
vt 0.9407 0.7436 0.0000
vt 0.9477 0.7426 0.0000
vt 0.9494 0.7500 0.0000
vt 0.9399 0.7360 0.0000
vt 0.9392 0.7283 0.0000
vt 0.9452 0.7276 0.0000
vt 0.9464 0.7351 0.0000
vt 0.5068 0.6250 0.0000
vt 0.4991 0.6268 0.0000
vt 0.4914 0.6287 0.0000
vt 0.4899 0.6217 0.0000
vt 0.4978 0.6204 0.0000
vt 0.5056 0.6192 0.0000
vt 0.4837 0.6305 0.0000
vt 0.4759 0.6323 0.0000
vt 0.4742 0.6241 0.0000
vt 0.4821 0.6229 0.0000
vt 0.4682 0.6342 0.0000
vt 0.4604 0.6360 0.0000
vt 0.4585 0.6266 0.0000
vt 0.4663 0.6253 0.0000
vt 0.4527 0.6378 0.0000
vt 0.4450 0.6397 0.0000
vt 0.4427 0.6290 0.0000
vt 0.4506 0.6278 0.0000
vt 0.4373 0.6415 0.0000
vt 0.4297 0.6433 0.0000
vt 0.4272 0.6314 0.0000
vt 0.4350 0.6302 0.0000
vt 0.4220 0.6451 0.0000
vt 0.4143 0.6468 0.0000
vt 0.4116 0.6338 0.0000
vt 0.4194 0.6327 0.0000
vt 0.9807 0.8125 0.0000
vt 0.9786 0.8052 0.0000
vt 0.9763 0.7979 0.0000
vt 0.9889 0.7937 0.0000
vt 0.9917 0.8010 0.0000
vt 0.9941 0.8082 0.0000
vt 0.9739 0.7907 0.0000
vt 0.9712 0.7835 0.0000
vt 0.9824 0.7794 0.0000
vt 0.9858 0.7865 0.0000
vt 0.9684 0.7764 0.0000
vt 0.9654 0.7694 0.0000
vt 0.9748 0.7657 0.0000
vt 0.9787 0.7725 0.0000
vt 0.9624 0.7624 0.0000
vt 0.9595 0.7554 0.0000
vt 0.9672 0.7526 0.0000
vt 0.9709 0.7591 0.0000
vt 0.9568 0.7483 0.0000
vt 0.9545 0.7411 0.0000
vt 0.9610 0.7393 0.0000
vt 0.9638 0.7460 0.0000
vt 0.9527 0.7338 0.0000
vt 0.9512 0.7265 0.0000
vt 0.9572 0.7251 0.0000
vt 0.9588 0.7324 0.0000
vt 0.5048 0.6133 0.0000
vt 0.4970 0.6140 0.0000
vt 0.4890 0.6145 0.0000
vt 0.4811 0.6152 0.0000
vt 0.4731 0.6158 0.0000
vt 0.4652 0.6164 0.0000
vt 0.4573 0.6170 0.0000
vt 0.4494 0.6176 0.0000
vt 0.4415 0.6183 0.0000
vt 0.4336 0.6189 0.0000
vt 0.4257 0.6195 0.0000
vt 0.4179 0.6201 0.0000
vt 0.4100 0.6206 0.0000
# 6444 texture coords

g 21928_Bullet
usemtl 21928_Bullet
s 2
f 1/1/1 2/2/2 3/3/3 4/4/4 
f 4/4/4 3/3/3 5/5/5 6/6/6 
f 7/7/7 1/1/1 4/4/4 8/8/8 
f 8/8/8 4/4/4 6/6/6 9/9/9 
f 10/10/10 11/11/11 12/12/12 13/13/13 
f 14/14/14 10/10/10 13/13/13 15/15/15 
f 6/6/6 5/5/5 11/11/11 10/10/10 
f 9/9/9 6/6/6 10/10/10 14/14/14 
f 16/16/16 17/17/17 18/18/18 19/19/19 
f 19/19/19 18/18/18 20/20/20 21/21/21 
f 15/15/15 16/16/16 19/19/19 14/14/14 
f 14/14/14 19/19/19 21/21/21 9/9/9 
f 22/22/22 23/23/23 24/24/24 25/25/25 
f 8/8/8 22/22/22 25/25/25 7/7/7 
f 21/21/21 20/20/20 23/23/23 22/22/22 
f 9/9/9 21/21/21 22/22/22 8/8/8 
f 13/13/13 12/12/12 26/26/26 27/27/27 
f 27/27/27 26/26/26 28/28/28 29/29/29 
f 15/15/15 13/13/13 27/27/27 30/30/30 
f 30/30/30 27/27/27 29/29/29 31/31/31 
f 32/32/32 33/33/33 34/34/34 35/35/35 
f 36/36/36 32/32/32 35/35/35 37/37/37 
f 29/29/29 28/28/28 33/33/33 32/32/32 
f 31/31/31 29/29/29 32/32/32 36/36/36 
f 38/38/38 39/39/39 40/40/40 41/41/41 
f 41/41/41 40/40/40 42/42/42 43/43/43 
f 37/37/37 38/38/38 41/41/41 36/36/36 
f 36/36/36 41/41/41 43/43/43 31/31/31 
f 44/44/44 45/45/45 17/17/17 16/16/16 
f 30/30/30 44/44/44 16/16/16 15/15/15 
f 43/43/43 42/42/42 45/45/45 44/44/44 
f 31/31/31 43/43/43 44/44/44 30/30/30 
f 35/35/35 34/34/34 46/46/46 47/47/47 
f 47/47/47 46/46/46 48/48/48 49/49/49 
f 37/37/37 35/35/35 47/47/47 50/50/50 
f 50/50/50 47/47/47 49/49/49 51/51/51 
f 52/52/52 53/53/53 54/54/54 55/55/55 
f 56/56/56 52/52/52 55/55/55 57/57/57 
f 49/49/49 48/48/48 53/53/53 52/52/52 
f 51/51/51 49/49/49 52/52/52 56/56/56 
f 58/58/58 59/59/59 60/60/60 61/61/61 
f 61/61/61 60/60/60 62/62/62 63/63/63 
f 57/57/57 58/58/58 61/61/61 56/56/56 
f 56/56/56 61/61/61 63/63/63 51/51/51 
f 64/64/64 65/65/65 39/39/39 38/38/38 
f 50/50/50 64/64/64 38/38/38 37/37/37 
f 63/63/63 62/62/62 65/65/65 64/64/64 
f 51/51/51 63/63/63 64/64/64 50/50/50 
f 55/55/55 54/54/54 66/66/66 67/67/67 
f 67/67/67 66/66/66 68/68/68 69/69/69 
f 57/57/57 55/55/55 67/67/67 70/70/70 
f 70/70/70 67/67/67 69/69/69 71/71/71 
f 72/72/72 73/73/73 74/74/74 75/75/75 
f 76/76/76 72/72/72 75/75/75 77/77/77 
f 69/69/69 68/68/68 73/73/73 72/72/72 
f 71/71/71 69/69/69 72/72/72 76/76/76 
f 78/78/78 79/79/79 80/80/80 81/81/81 
f 81/81/81 80/80/80 82/82/82 83/83/83 
f 77/77/77 78/78/78 81/81/81 76/76/76 
f 76/76/76 81/81/81 83/83/83 71/71/71 
f 84/84/84 85/85/85 59/59/59 58/58/58 
f 70/70/70 84/84/84 58/58/58 57/57/57 
f 83/83/83 82/82/82 85/85/85 84/84/84 
f 71/71/71 83/83/83 84/84/84 70/70/70 
f 75/75/75 74/74/74 86/86/86 87/87/87 
f 87/87/87 86/86/86 88/88/88 89/89/89 
f 77/77/77 75/75/75 87/87/87 90/90/90 
f 90/90/90 87/87/87 89/89/89 91/91/91 
f 92/92/92 93/93/93 94/94/94 95/95/95 
f 96/96/96 92/92/92 95/95/95 97/97/97 
f 89/89/89 88/88/88 93/93/93 92/92/92 
f 91/91/91 89/89/89 92/92/92 96/96/96 
f 98/98/98 99/99/99 100/100/100 101/101/101 
f 101/101/101 100/100/100 102/102/102 103/103/103 
f 97/97/97 98/98/98 101/101/101 96/96/96 
f 96/96/96 101/101/101 103/103/103 91/91/91 
f 104/104/104 105/105/105 79/79/79 78/78/78 
f 90/90/90 104/104/104 78/78/78 77/77/77 
f 103/103/103 102/102/102 105/105/105 104/104/104 
f 91/91/91 103/103/103 104/104/104 90/90/90 
f 95/95/95 94/94/94 106/106/106 107/107/107 
f 107/107/107 106/106/106 108/108/108 109/109/109 
f 97/97/97 95/95/95 107/107/107 110/110/110 
f 110/110/110 107/107/107 109/109/109 111/111/111 
f 112/112/112 113/113/113 114/114/114 115/115/115 
f 116/116/116 112/112/112 115/115/115 117/117/117 
f 109/109/109 108/108/108 113/113/113 112/112/112 
f 111/111/111 109/109/109 112/112/112 116/116/116 
f 118/118/118 119/119/119 120/120/120 121/121/121 
f 121/121/121 120/120/120 122/122/122 123/123/123 
f 117/117/117 118/118/118 121/121/121 116/116/116 
f 116/116/116 121/121/121 123/123/123 111/111/111 
f 124/124/124 125/125/125 99/99/99 98/98/98 
f 110/110/110 124/124/124 98/98/98 97/97/97 
f 123/123/123 122/122/122 125/125/125 124/124/124 
f 111/111/111 123/123/123 124/124/124 110/110/110 
f 115/115/115 114/114/114 126/126/126 127/127/127 
f 127/127/127 126/126/126 128/128/128 129/129/129 
f 117/117/117 115/115/115 127/127/127 130/130/130 
f 130/130/130 127/127/127 129/129/129 131/131/131 
f 132/132/132 133/133/133 134/134/134 135/135/135 
f 136/136/136 132/132/132 135/135/135 137/137/137 
f 129/129/129 128/128/128 133/133/133 132/132/132 
f 131/131/131 129/129/129 132/132/132 136/136/136 
f 138/138/138 139/139/139 140/140/140 141/141/141 
f 141/141/141 140/140/140 142/142/142 143/143/143 
f 137/137/137 138/138/138 141/141/141 136/136/136 
f 136/136/136 141/141/141 143/143/143 131/131/131 
f 144/144/144 145/145/145 119/119/119 118/118/118 
f 130/130/130 144/144/144 118/118/118 117/117/117 
f 143/143/143 142/142/142 145/145/145 144/144/144 
f 131/131/131 143/143/143 144/144/144 130/130/130 
f 135/135/135 134/134/134 146/146/146 147/147/147 
f 147/147/147 146/146/146 148/148/148 149/149/149 
f 137/137/137 135/135/135 147/147/147 150/150/150 
f 150/150/150 147/147/147 149/149/149 151/151/151 
f 152/152/152 153/153/153 154/154/154 155/155/155 
f 156/156/156 152/152/152 155/155/155 157/157/157 
f 149/149/149 148/148/148 153/153/153 152/152/152 
f 151/151/151 149/149/149 152/152/152 156/156/156 
f 158/158/158 159/159/159 160/160/160 161/161/161 
f 161/161/161 160/160/160 162/162/162 163/163/163 
f 157/157/157 158/158/158 161/161/161 156/156/156 
f 156/156/156 161/161/161 163/163/163 151/151/151 
f 164/164/164 165/165/165 139/139/139 138/138/138 
f 150/150/150 164/164/164 138/138/138 137/137/137 
f 163/163/163 162/162/162 165/165/165 164/164/164 
f 151/151/151 163/163/163 164/164/164 150/150/150 
f 155/155/155 154/154/154 166/166/166 167/167/167 
f 167/167/167 166/166/166 168/168/168 169/169/169 
f 157/157/157 155/155/155 167/167/167 170/170/170 
f 170/170/170 167/167/167 169/169/169 171/171/171 
f 172/172/172 173/173/173 174/174/174 175/175/175 
f 176/176/176 172/172/172 175/175/175 177/177/177 
f 169/169/169 168/168/168 173/173/173 172/172/172 
f 171/171/171 169/169/169 172/172/172 176/176/176 
f 178/178/178 179/179/179 180/180/180 181/181/181 
f 181/181/181 180/180/180 182/182/182 183/183/183 
f 177/177/177 178/178/178 181/181/181 176/176/176 
f 176/176/176 181/181/181 183/183/183 171/171/171 
f 184/184/184 185/185/185 159/159/159 158/158/158 
f 170/170/170 184/184/184 158/158/158 157/157/157 
f 183/183/183 182/182/182 185/185/185 184/184/184 
f 171/171/171 183/183/183 184/184/184 170/170/170 
f 175/175/175 174/174/174 186/186/186 187/187/187 
f 187/187/187 186/186/186 188/188/188 189/189/189 
f 177/177/177 175/175/175 187/187/187 190/190/190 
f 190/190/190 187/187/187 189/189/189 191/191/191 
f 192/192/192 193/193/193 194/194/194 195/195/195 
f 196/196/196 192/192/192 195/195/195 197/197/197 
f 189/189/189 188/188/188 193/193/193 192/192/192 
f 191/191/191 189/189/189 192/192/192 196/196/196 
f 198/198/198 199/199/199 200/200/200 201/201/201 
f 201/201/201 200/200/200 202/202/202 203/203/203 
f 197/197/197 198/198/198 201/201/201 196/196/196 
f 196/196/196 201/201/201 203/203/203 191/191/191 
f 204/204/204 205/205/205 179/179/179 178/178/178 
f 190/190/190 204/204/204 178/178/178 177/177/177 
f 203/203/203 202/202/202 205/205/205 204/204/204 
f 191/191/191 203/203/203 204/204/204 190/190/190 
f 195/195/195 194/194/194 206/206/206 207/207/207 
f 207/207/207 206/206/206 208/208/208 209/209/209 
f 197/197/197 195/195/195 207/207/207 210/210/210 
f 210/210/210 207/207/207 209/209/209 211/211/211 
f 212/212/212 213/213/213 214/214/214 215/215/215 
f 216/216/216 212/212/212 215/215/215 217/217/217 
f 209/209/209 208/208/208 213/213/213 212/212/212 
f 211/211/211 209/209/209 212/212/212 216/216/216 
f 218/218/218 219/219/219 220/220/220 221/221/221 
f 221/221/221 220/220/220 222/222/222 223/223/223 
f 217/217/217 218/218/218 221/221/221 216/216/216 
f 216/216/216 221/221/221 223/223/223 211/211/211 
f 224/224/224 225/225/225 199/199/199 198/198/198 
f 210/210/210 224/224/224 198/198/198 197/197/197 
f 223/223/223 222/222/222 225/225/225 224/224/224 
f 211/211/211 223/223/223 224/224/224 210/210/210 
f 215/215/215 214/214/214 226/226/226 227/227/227 
f 227/227/227 226/226/226 228/228/228 229/229/229 
f 217/217/217 215/215/215 227/227/227 230/230/230 
f 230/230/230 227/227/227 229/229/229 231/231/231 
f 232/232/232 233/233/233 234/234/234 235/235/235 
f 236/236/236 232/232/232 235/235/235 237/237/237 
f 229/229/229 228/228/228 233/233/233 232/232/232 
f 231/231/231 229/229/229 232/232/232 236/236/236 
f 238/238/238 239/239/239 240/240/240 241/241/241 
f 241/241/241 240/240/240 242/242/242 243/243/243 
f 237/237/237 238/238/238 241/241/241 236/236/236 
f 236/236/236 241/241/241 243/243/243 231/231/231 
f 244/244/244 245/245/245 219/219/219 218/218/218 
f 230/230/230 244/244/244 218/218/218 217/217/217 
f 243/243/243 242/242/242 245/245/245 244/244/244 
f 231/231/231 243/243/243 244/244/244 230/230/230 
f 235/235/235 234/234/234 246/246/246 247/247/247 
f 247/247/247 246/246/246 248/248/248 249/249/249 
f 237/237/237 235/235/235 247/247/247 250/250/250 
f 250/250/250 247/247/247 249/249/249 251/251/251 
f 252/252/252 253/253/253 254/254/254 255/255/255 
f 256/256/256 252/252/252 255/255/255 257/257/257 
f 249/249/249 248/248/248 253/253/253 252/252/252 
f 251/251/251 249/249/249 252/252/252 256/256/256 
f 258/258/258 259/259/259 260/260/260 261/261/261 
f 261/261/261 260/260/260 262/262/262 263/263/263 
f 257/257/257 258/258/258 261/261/261 256/256/256 
f 256/256/256 261/261/261 263/263/263 251/251/251 
f 264/264/264 265/265/265 239/239/239 238/238/238 
f 250/250/250 264/264/264 238/238/238 237/237/237 
f 263/263/263 262/262/262 265/265/265 264/264/264 
f 251/251/251 263/263/263 264/264/264 250/250/250 
f 255/255/255 254/254/254 266/266/266 267/267/267 
f 267/267/267 266/266/266 268/268/268 269/269/269 
f 257/257/257 255/255/255 267/267/267 270/270/270 
f 270/270/270 267/267/267 269/269/269 271/271/271 
f 272/272/272 273/273/273 274/274/274 275/275/275 
f 276/276/276 272/272/272 275/275/275 277/277/277 
f 269/269/269 268/268/268 273/273/273 272/272/272 
f 271/271/271 269/269/269 272/272/272 276/276/276 
f 278/278/278 279/279/279 280/280/280 281/281/281 
f 281/281/281 280/280/280 282/282/282 283/283/283 
f 277/277/277 278/278/278 281/281/281 276/276/276 
f 276/276/276 281/281/281 283/283/283 271/271/271 
f 284/284/284 285/285/285 259/259/259 258/258/258 
f 270/270/270 284/284/284 258/258/258 257/257/257 
f 283/283/283 282/282/282 285/285/285 284/284/284 
f 271/271/271 283/283/283 284/284/284 270/270/270 
f 275/275/275 274/274/274 286/286/286 287/287/287 
f 287/287/287 286/286/286 288/288/288 289/289/289 
f 277/277/277 275/275/275 287/287/287 290/290/290 
f 290/290/290 287/287/287 289/289/289 291/291/291 
f 292/292/292 293/293/293 294/294/294 295/295/295 
f 296/296/296 292/292/292 295/295/295 297/297/297 
f 289/289/289 288/288/288 293/293/293 292/292/292 
f 291/291/291 289/289/289 292/292/292 296/296/296 
f 298/298/298 299/299/299 300/300/300 301/301/301 
f 301/301/301 300/300/300 302/302/302 303/303/303 
f 297/297/297 298/298/298 301/301/301 296/296/296 
f 296/296/296 301/301/301 303/303/303 291/291/291 
f 304/304/304 305/305/305 279/279/279 278/278/278 
f 290/290/290 304/304/304 278/278/278 277/277/277 
f 303/303/303 302/302/302 305/305/305 304/304/304 
f 291/291/291 303/303/303 304/304/304 290/290/290 
f 295/306/295 294/307/294 306/308/306 307/309/307 
f 307/309/307 306/308/306 308/310/308 309/311/309 
f 297/312/297 295/306/295 307/309/307 310/313/310 
f 310/313/310 307/309/307 309/311/309 311/314/311 
f 312/315/312 313/316/313 314/317/314 315/318/315 
f 316/319/316 312/315/312 315/318/315 317/320/317 
f 309/311/309 308/310/308 313/316/313 312/315/312 
f 311/314/311 309/311/309 312/315/312 316/319/316 
f 318/321/318 319/322/319 320/323/320 321/324/321 
f 321/324/321 320/323/320 322/325/322 323/326/323 
f 317/320/317 318/321/318 321/324/321 316/319/316 
f 316/319/316 321/324/321 323/326/323 311/314/311 
f 324/327/324 325/328/325 299/329/299 298/330/298 
f 310/313/310 324/327/324 298/330/298 297/312/297 
f 323/326/323 322/325/322 325/328/325 324/327/324 
f 311/314/311 323/326/323 324/327/324 310/313/310 
f 315/318/315 314/317/314 326/331/326 327/332/327 
f 327/332/327 326/331/326 328/333/328 329/334/329 
f 317/320/317 315/318/315 327/332/327 330/335/330 
f 330/335/330 327/332/327 329/334/329 331/336/331 
f 332/337/332 333/338/333 334/339/334 335/340/335 
f 336/341/336 332/337/332 335/340/335 337/342/337 
f 329/334/329 328/333/328 333/338/333 332/337/332 
f 331/336/331 329/334/329 332/337/332 336/341/336 
f 338/343/338 339/344/339 340/345/340 341/346/341 
f 341/346/341 340/345/340 342/347/342 343/348/343 
f 337/342/337 338/343/338 341/346/341 336/341/336 
f 336/341/336 341/346/341 343/348/343 331/336/331 
f 344/349/344 345/350/345 319/322/319 318/321/318 
f 330/335/330 344/349/344 318/321/318 317/320/317 
f 343/348/343 342/347/342 345/350/345 344/349/344 
f 331/336/331 343/348/343 344/349/344 330/335/330 
f 335/340/335 334/339/334 346/351/346 347/352/347 
f 347/352/347 346/351/346 348/353/348 349/354/349 
f 337/342/337 335/340/335 347/352/347 350/355/350 
f 350/355/350 347/352/347 349/354/349 351/356/351 
f 352/357/352 353/358/353 2/2/2 1/1/1 
f 354/359/354 352/357/352 1/1/1 7/7/7 
f 349/354/349 348/353/348 353/358/353 352/357/352 
f 351/356/351 349/354/349 352/357/352 354/359/354 
f 25/25/25 24/24/24 355/360/355 356/361/356 
f 356/361/356 355/360/355 357/362/357 358/363/358 
f 7/7/7 25/25/25 356/361/356 354/359/354 
f 354/359/354 356/361/356 358/363/358 351/356/351 
f 359/364/359 360/365/360 339/344/339 338/343/338 
f 350/355/350 359/364/359 338/343/338 337/342/337 
f 358/363/358 357/362/357 360/365/360 359/364/359 
f 351/356/351 358/363/358 359/364/359 350/355/350 
f 361/366/361 24/24/24 23/23/23 362/367/362 
f 362/367/362 23/23/23 20/20/20 363/368/363 
f 364/369/364 361/366/361 362/367/362 365/370/365 
f 365/370/365 362/367/362 363/368/363 366/371/366 
f 367/372/367 18/18/18 17/17/17 368/373/368 
f 369/374/369 367/372/367 368/373/368 370/375/370 
f 363/368/363 20/20/20 18/18/18 367/372/367 
f 366/371/366 363/368/363 367/372/367 369/374/369 
f 371/376/371 372/377/372 373/378/373 374/379/374 
f 374/379/374 373/378/373 375/380/375 376/381/376 
f 370/375/370 371/376/371 374/379/374 369/374/369 
f 369/374/369 374/379/374 376/381/376 366/371/366 
f 377/382/377 378/383/378 379/384/379 380/385/380 
f 365/370/365 377/382/377 380/385/380 364/369/364 
f 376/381/376 375/380/375 378/383/378 377/382/377 
f 366/371/366 376/381/376 377/382/377 365/370/365 
f 368/373/368 17/17/17 45/45/45 381/386/381 
f 381/386/381 45/45/45 42/42/42 382/387/382 
f 370/375/370 368/373/368 381/386/381 383/388/383 
f 383/388/383 381/386/381 382/387/382 384/389/384 
f 385/390/385 40/40/40 39/39/39 386/391/386 
f 387/392/387 385/390/385 386/391/386 388/393/388 
f 382/387/382 42/42/42 40/40/40 385/390/385 
f 384/389/384 382/387/382 385/390/385 387/392/387 
f 389/394/389 390/395/390 391/396/391 392/397/392 
f 392/397/392 391/396/391 393/398/393 394/399/394 
f 388/393/388 389/394/389 392/397/392 387/392/387 
f 387/392/387 392/397/392 394/399/394 384/389/384 
f 395/400/395 396/401/396 372/377/372 371/376/371 
f 383/388/383 395/400/395 371/376/371 370/375/370 
f 394/399/394 393/398/393 396/401/396 395/400/395 
f 384/389/384 394/399/394 395/400/395 383/388/383 
f 386/391/386 39/39/39 65/65/65 397/402/397 
f 397/402/397 65/65/65 62/62/62 398/403/398 
f 388/393/388 386/391/386 397/402/397 399/404/399 
f 399/404/399 397/402/397 398/403/398 400/405/400 
f 401/406/401 60/60/60 59/59/59 402/407/402 
f 403/408/403 401/406/401 402/407/402 404/409/404 
f 398/403/398 62/62/62 60/60/60 401/406/401 
f 400/405/400 398/403/398 401/406/401 403/408/403 
f 405/410/405 406/411/406 407/412/407 408/413/408 
f 408/413/408 407/412/407 409/414/409 410/415/410 
f 404/409/404 405/410/405 408/413/408 403/408/403 
f 403/408/403 408/413/408 410/415/410 400/405/400 
f 411/416/411 412/417/412 390/395/390 389/394/389 
f 399/404/399 411/416/411 389/394/389 388/393/388 
f 410/415/410 409/414/409 412/417/412 411/416/411 
f 400/405/400 410/415/410 411/416/411 399/404/399 
f 402/407/402 59/59/59 85/85/85 413/418/413 
f 413/418/413 85/85/85 82/82/82 414/419/414 
f 404/409/404 402/407/402 413/418/413 415/420/415 
f 415/420/415 413/418/413 414/419/414 416/421/416 
f 417/422/417 80/80/80 79/79/79 418/423/418 
f 419/424/419 417/422/417 418/423/418 420/425/420 
f 414/419/414 82/82/82 80/80/80 417/422/417 
f 416/421/416 414/419/414 417/422/417 419/424/419 
f 421/426/421 422/427/422 423/428/423 424/429/424 
f 424/429/424 423/428/423 425/430/425 426/431/426 
f 420/425/420 421/426/421 424/429/424 419/424/419 
f 419/424/419 424/429/424 426/431/426 416/421/416 
f 427/432/427 428/433/428 406/411/406 405/410/405 
f 415/420/415 427/432/427 405/410/405 404/409/404 
f 426/431/426 425/430/425 428/433/428 427/432/427 
f 416/421/416 426/431/426 427/432/427 415/420/415 
f 418/423/418 79/79/79 105/105/105 429/434/429 
f 429/434/429 105/105/105 102/102/102 430/435/430 
f 420/425/420 418/423/418 429/434/429 431/436/431 
f 431/436/431 429/434/429 430/435/430 432/437/432 
f 433/438/433 100/100/100 99/99/99 434/439/434 
f 435/440/435 433/438/433 434/439/434 436/441/436 
f 430/435/430 102/102/102 100/100/100 433/438/433 
f 432/437/432 430/435/430 433/438/433 435/440/435 
f 437/442/437 438/443/438 439/444/439 440/445/440 
f 440/445/440 439/444/439 441/446/441 442/447/442 
f 436/441/436 437/442/437 440/445/440 435/440/435 
f 435/440/435 440/445/440 442/447/442 432/437/432 
f 443/448/443 444/449/444 422/427/422 421/426/421 
f 431/436/431 443/448/443 421/426/421 420/425/420 
f 442/447/442 441/446/441 444/449/444 443/448/443 
f 432/437/432 442/447/442 443/448/443 431/436/431 
f 434/439/434 99/99/99 125/125/125 445/450/445 
f 445/450/445 125/125/125 122/122/122 446/451/446 
f 436/441/436 434/439/434 445/450/445 447/452/447 
f 447/452/447 445/450/445 446/451/446 448/453/448 
f 449/454/449 120/120/120 119/119/119 450/455/450 
f 451/456/451 449/454/449 450/455/450 452/457/452 
f 446/451/446 122/122/122 120/120/120 449/454/449 
f 448/453/448 446/451/446 449/454/449 451/456/451 
f 453/458/453 454/459/454 455/460/455 456/461/456 
f 456/461/456 455/460/455 457/462/457 458/463/458 
f 452/457/452 453/458/453 456/461/456 451/456/451 
f 451/456/451 456/461/456 458/463/458 448/453/448 
f 459/464/459 460/465/460 438/443/438 437/442/437 
f 447/452/447 459/464/459 437/442/437 436/441/436 
f 458/463/458 457/462/457 460/465/460 459/464/459 
f 448/453/448 458/463/458 459/464/459 447/452/447 
f 450/455/450 119/119/119 145/145/145 461/466/461 
f 461/466/461 145/145/145 142/142/142 462/467/462 
f 452/457/452 450/455/450 461/466/461 463/468/463 
f 463/468/463 461/466/461 462/467/462 464/469/464 
f 465/470/465 140/140/140 139/139/139 466/471/466 
f 467/472/467 465/470/465 466/471/466 468/473/468 
f 462/467/462 142/142/142 140/140/140 465/470/465 
f 464/469/464 462/467/462 465/470/465 467/472/467 
f 469/474/469 470/475/470 471/476/471 472/477/472 
f 472/477/472 471/476/471 473/478/473 474/479/474 
f 468/473/468 469/474/469 472/477/472 467/472/467 
f 467/472/467 472/477/472 474/479/474 464/469/464 
f 475/480/475 476/481/476 454/459/454 453/458/453 
f 463/468/463 475/480/475 453/458/453 452/457/452 
f 474/479/474 473/478/473 476/481/476 475/480/475 
f 464/469/464 474/479/474 475/480/475 463/468/463 
f 466/471/466 139/139/139 165/165/165 477/482/477 
f 477/482/477 165/165/165 162/162/162 478/483/478 
f 468/473/468 466/471/466 477/482/477 479/484/479 
f 479/484/479 477/482/477 478/483/478 480/485/480 
f 481/486/481 160/160/160 159/159/159 482/487/482 
f 483/488/483 481/486/481 482/487/482 484/489/484 
f 478/483/478 162/162/162 160/160/160 481/486/481 
f 480/485/480 478/483/478 481/486/481 483/488/483 
f 485/490/485 486/491/486 487/492/487 488/493/488 
f 488/493/488 487/492/487 489/494/489 490/495/490 
f 484/489/484 485/490/485 488/493/488 483/488/483 
f 483/488/483 488/493/488 490/495/490 480/485/480 
f 491/496/491 492/497/492 470/475/470 469/474/469 
f 479/484/479 491/496/491 469/474/469 468/473/468 
f 490/495/490 489/494/489 492/497/492 491/496/491 
f 480/485/480 490/495/490 491/496/491 479/484/479 
f 482/487/482 159/159/159 185/185/185 493/498/493 
f 493/498/493 185/185/185 182/182/182 494/499/494 
f 484/489/484 482/487/482 493/498/493 495/500/495 
f 495/500/495 493/498/493 494/499/494 496/501/496 
f 497/502/497 180/180/180 179/179/179 498/503/498 
f 499/504/499 497/502/497 498/503/498 500/505/500 
f 494/499/494 182/182/182 180/180/180 497/502/497 
f 496/501/496 494/499/494 497/502/497 499/504/499 
f 501/506/501 502/507/502 503/508/503 504/509/504 
f 504/509/504 503/508/503 505/510/505 506/511/506 
f 500/505/500 501/506/501 504/509/504 499/504/499 
f 499/504/499 504/509/504 506/511/506 496/501/496 
f 507/512/507 508/513/508 486/491/486 485/490/485 
f 495/500/495 507/512/507 485/490/485 484/489/484 
f 506/511/506 505/510/505 508/513/508 507/512/507 
f 496/501/496 506/511/506 507/512/507 495/500/495 
f 498/503/498 179/179/179 205/205/205 509/514/509 
f 509/514/509 205/205/205 202/202/202 510/515/510 
f 500/505/500 498/503/498 509/514/509 511/516/511 
f 511/516/511 509/514/509 510/515/510 512/517/512 
f 513/518/513 200/200/200 199/199/199 514/519/514 
f 515/520/515 513/518/513 514/519/514 516/521/516 
f 510/515/510 202/202/202 200/200/200 513/518/513 
f 512/517/512 510/515/510 513/518/513 515/520/515 
f 517/522/517 518/523/518 519/524/519 520/525/520 
f 520/525/520 519/524/519 521/526/521 522/527/522 
f 516/521/516 517/522/517 520/525/520 515/520/515 
f 515/520/515 520/525/520 522/527/522 512/517/512 
f 523/528/523 524/529/524 502/507/502 501/506/501 
f 511/516/511 523/528/523 501/506/501 500/505/500 
f 522/527/522 521/526/521 524/529/524 523/528/523 
f 512/517/512 522/527/522 523/528/523 511/516/511 
f 514/519/514 199/199/199 225/225/225 525/530/525 
f 525/530/525 225/225/225 222/222/222 526/531/526 
f 516/521/516 514/519/514 525/530/525 527/532/527 
f 527/532/527 525/530/525 526/531/526 528/533/528 
f 529/534/529 220/220/220 219/219/219 530/535/530 
f 531/536/531 529/534/529 530/535/530 532/537/532 
f 526/531/526 222/222/222 220/220/220 529/534/529 
f 528/533/528 526/531/526 529/534/529 531/536/531 
f 533/538/533 534/539/534 535/540/535 536/541/536 
f 536/541/536 535/540/535 537/542/537 538/543/538 
f 532/537/532 533/538/533 536/541/536 531/536/531 
f 531/536/531 536/541/536 538/543/538 528/533/528 
f 539/544/539 540/545/540 518/523/518 517/522/517 
f 527/532/527 539/544/539 517/522/517 516/521/516 
f 538/543/538 537/542/537 540/545/540 539/544/539 
f 528/533/528 538/543/538 539/544/539 527/532/527 
f 530/535/530 219/219/219 245/245/245 541/546/541 
f 541/546/541 245/245/245 242/242/242 542/547/542 
f 532/537/532 530/535/530 541/546/541 543/548/543 
f 543/548/543 541/546/541 542/547/542 544/549/544 
f 545/550/545 240/240/240 239/239/239 546/551/546 
f 547/552/547 545/550/545 546/551/546 548/553/548 
f 542/547/542 242/242/242 240/240/240 545/550/545 
f 544/549/544 542/547/542 545/550/545 547/552/547 
f 549/554/549 550/555/550 551/556/551 552/557/552 
f 552/557/552 551/556/551 553/558/553 554/559/554 
f 548/553/548 549/554/549 552/557/552 547/552/547 
f 547/552/547 552/557/552 554/559/554 544/549/544 
f 555/560/555 556/561/556 534/539/534 533/538/533 
f 543/548/543 555/560/555 533/538/533 532/537/532 
f 554/559/554 553/558/553 556/561/556 555/560/555 
f 544/549/544 554/559/554 555/560/555 543/548/543 
f 546/551/546 239/239/239 265/265/265 557/562/557 
f 557/562/557 265/265/265 262/262/262 558/563/558 
f 548/553/548 546/551/546 557/562/557 559/564/559 
f 559/564/559 557/562/557 558/563/558 560/565/560 
f 561/566/561 260/260/260 259/259/259 562/567/562 
f 563/568/563 561/566/561 562/567/562 564/569/564 
f 558/563/558 262/262/262 260/260/260 561/566/561 
f 560/565/560 558/563/558 561/566/561 563/568/563 
f 565/570/565 566/571/566 567/572/567 568/573/568 
f 568/573/568 567/572/567 569/574/569 570/575/570 
f 564/569/564 565/570/565 568/573/568 563/568/563 
f 563/568/563 568/573/568 570/575/570 560/565/560 
f 571/576/571 572/577/572 550/555/550 549/554/549 
f 559/564/559 571/576/571 549/554/549 548/553/548 
f 570/575/570 569/574/569 572/577/572 571/576/571 
f 560/565/560 570/575/570 571/576/571 559/564/559 
f 562/567/562 259/259/259 285/285/285 573/578/573 
f 573/578/573 285/285/285 282/282/282 574/579/574 
f 564/569/564 562/567/562 573/578/573 575/580/575 
f 575/580/575 573/578/573 574/579/574 576/581/576 
f 577/582/577 280/280/280 279/279/279 578/583/578 
f 579/584/579 577/582/577 578/583/578 580/585/580 
f 574/579/574 282/282/282 280/280/280 577/582/577 
f 576/581/576 574/579/574 577/582/577 579/584/579 
f 581/586/581 582/587/582 583/588/583 584/589/584 
f 584/589/584 583/588/583 585/590/585 586/591/586 
f 580/585/580 581/586/581 584/589/584 579/584/579 
f 579/584/579 584/589/584 586/591/586 576/581/576 
f 587/592/587 588/593/588 566/571/566 565/570/565 
f 575/580/575 587/592/587 565/570/565 564/569/564 
f 586/591/586 585/590/585 588/593/588 587/592/587 
f 576/581/576 586/591/586 587/592/587 575/580/575 
f 578/583/578 279/279/279 305/305/305 589/594/589 
f 589/594/589 305/305/305 302/302/302 590/595/590 
f 580/585/580 578/583/578 589/594/589 591/596/591 
f 591/596/591 589/594/589 590/595/590 592/597/592 
f 593/598/593 300/300/300 299/299/299 594/599/594 
f 595/600/595 593/598/593 594/599/594 596/601/596 
f 590/595/590 302/302/302 300/300/300 593/598/593 
f 592/597/592 590/595/590 593/598/593 595/600/595 
f 597/602/597 598/603/598 599/604/599 600/605/600 
f 600/605/600 599/604/599 601/606/601 602/607/602 
f 596/601/596 597/602/597 600/605/600 595/600/595 
f 595/600/595 600/605/600 602/607/602 592/597/592 
f 603/608/603 604/609/604 582/587/582 581/586/581 
f 591/596/591 603/608/603 581/586/581 580/585/580 
f 602/607/602 601/606/601 604/609/604 603/608/603 
f 592/597/592 602/607/602 603/608/603 591/596/591 
f 594/610/594 299/329/299 325/328/325 605/611/605 
f 605/611/605 325/328/325 322/325/322 606/612/606 
f 596/613/596 594/610/594 605/611/605 607/614/607 
f 607/614/607 605/611/605 606/612/606 608/615/608 
f 609/616/609 320/323/320 319/322/319 610/617/610 
f 611/618/611 609/616/609 610/617/610 612/619/612 
f 606/612/606 322/325/322 320/323/320 609/616/609 
f 608/615/608 606/612/606 609/616/609 611/618/611 
f 613/620/613 614/621/614 615/622/615 616/623/616 
f 616/623/616 615/622/615 617/624/617 618/625/618 
f 612/619/612 613/620/613 616/623/616 611/618/611 
f 611/618/611 616/623/616 618/625/618 608/615/608 
f 619/626/619 620/627/620 598/628/598 597/629/597 
f 607/614/607 619/626/619 597/629/597 596/613/596 
f 618/625/618 617/624/617 620/627/620 619/626/619 
f 608/615/608 618/625/618 619/626/619 607/614/607 
f 610/617/610 319/322/319 345/350/345 621/630/621 
f 621/630/621 345/350/345 342/347/342 622/631/622 
f 612/619/612 610/617/610 621/630/621 623/632/623 
f 623/632/623 621/630/621 622/631/622 624/633/624 
f 625/634/625 340/345/340 339/344/339 626/635/626 
f 627/636/627 625/634/625 626/635/626 628/637/628 
f 622/631/622 342/347/342 340/345/340 625/634/625 
f 624/633/624 622/631/622 625/634/625 627/636/627 
f 629/638/629 630/639/630 631/640/631 632/641/632 
f 632/641/632 631/640/631 633/642/633 634/643/634 
f 628/637/628 629/638/629 632/641/632 627/636/627 
f 627/636/627 632/641/632 634/643/634 624/633/624 
f 635/644/635 636/645/636 614/621/614 613/620/613 
f 623/632/623 635/644/635 613/620/613 612/619/612 
f 634/643/634 633/642/633 636/645/636 635/644/635 
f 624/633/624 634/643/634 635/644/635 623/632/623 
f 626/635/626 339/344/339 360/365/360 637/646/637 
f 637/646/637 360/365/360 357/362/357 638/647/638 
f 628/637/628 626/635/626 637/646/637 639/648/639 
f 639/648/639 637/646/637 638/647/638 640/649/640 
f 641/650/641 355/360/355 24/24/24 361/366/361 
f 642/651/642 641/650/641 361/366/361 364/369/364 
f 638/647/638 357/362/357 355/360/355 641/650/641 
f 640/649/640 638/647/638 641/650/641 642/651/642 
f 380/385/380 379/384/379 643/652/643 644/653/644 
f 644/653/644 643/652/643 645/654/645 646/655/646 
f 364/369/364 380/385/380 644/653/644 642/651/642 
f 642/651/642 644/653/644 646/655/646 640/649/640 
f 647/656/647 648/657/648 630/639/630 629/638/629 
f 639/648/639 647/656/647 629/638/629 628/637/628 
f 646/655/646 645/654/645 648/657/648 647/656/647 
f 640/649/640 646/655/646 647/656/647 639/648/639 
f 649/658/649 379/384/379 378/383/378 650/659/650 
f 650/659/650 378/383/378 375/380/375 651/660/651 
f 652/661/652 649/662/649 650/663/650 653/664/653 
f 653/664/653 650/663/650 651/665/651 654/666/654 
f 655/667/655 373/378/373 372/377/372 656/668/656 
f 657/669/657 655/670/655 656/671/656 658/672/658 
f 651/660/651 375/380/375 373/378/373 655/667/655 
f 654/666/654 651/665/651 655/670/655 657/669/657 
f 659/673/659 660/674/660 661/675/661 662/676/662 
f 662/676/662 661/675/661 663/677/663 664/678/664 
f 658/672/658 659/673/659 662/676/662 657/669/657 
f 657/669/657 662/676/662 664/678/664 654/666/654 
f 665/679/665 666/680/666 667/681/667 668/682/668 
f 653/664/653 665/679/665 668/682/668 652/661/652 
f 664/678/664 663/677/663 666/680/666 665/679/665 
f 654/666/654 664/678/664 665/679/665 653/664/653 
f 656/668/656 372/377/372 396/401/396 669/683/669 
f 669/683/669 396/401/396 393/398/393 670/684/670 
f 658/672/658 656/671/656 669/685/669 671/686/671 
f 671/686/671 669/685/669 670/687/670 672/688/672 
f 673/689/673 391/396/391 390/395/390 674/690/674 
f 675/691/675 673/692/673 674/693/674 676/694/676 
f 670/684/670 393/398/393 391/396/391 673/689/673 
f 672/688/672 670/687/670 673/692/673 675/691/675 
f 677/695/677 678/696/678 679/697/679 680/698/680 
f 680/698/680 679/697/679 681/699/681 682/700/682 
f 676/694/676 677/695/677 680/698/680 675/691/675 
f 675/691/675 680/698/680 682/700/682 672/688/672 
f 683/701/683 684/702/684 660/674/660 659/673/659 
f 671/686/671 683/701/683 659/673/659 658/672/658 
f 682/700/682 681/699/681 684/702/684 683/701/683 
f 672/688/672 682/700/682 683/701/683 671/686/671 
f 674/690/674 390/395/390 412/417/412 685/703/685 
f 685/703/685 412/417/412 409/414/409 686/704/686 
f 676/694/676 674/693/674 685/705/685 687/706/687 
f 687/706/687 685/705/685 686/707/686 688/708/688 
f 689/709/689 407/412/407 406/411/406 690/710/690 
f 691/711/691 689/712/689 690/713/690 692/714/692 
f 686/704/686 409/414/409 407/412/407 689/709/689 
f 688/708/688 686/707/686 689/712/689 691/711/691 
f 693/715/693 694/716/694 695/717/695 696/718/696 
f 697/719/697 696/718/696 695/717/695 698/720/698 
f 692/714/692 693/715/693 696/718/696 691/711/691 
f 691/711/691 696/718/696 697/719/697 688/708/688 
f 699/721/699 700/722/700 678/696/678 677/695/677 
f 687/706/687 699/721/699 677/695/677 676/694/676 
f 697/719/697 698/720/698 700/722/700 699/721/699 
f 688/708/688 697/719/697 699/721/699 687/706/687 
f 690/710/690 406/411/406 428/433/428 701/723/701 
f 701/723/701 428/433/428 425/430/425 702/724/702 
f 692/714/692 690/713/690 701/725/701 703/726/703 
f 703/726/703 701/725/701 702/727/702 704/728/704 
f 705/729/705 423/428/423 422/427/422 706/730/706 
f 707/731/707 705/732/705 706/733/706 708/734/708 
f 702/724/702 425/430/425 423/428/423 705/729/705 
f 704/728/704 702/727/702 705/732/705 707/731/707 
f 709/735/709 710/736/710 711/737/711 712/738/712 
f 712/738/712 711/737/711 713/739/713 714/740/714 
f 708/734/708 709/735/709 712/738/712 707/731/707 
f 707/731/707 712/738/712 714/740/714 704/728/704 
f 715/741/715 716/742/716 694/716/694 693/715/693 
f 703/726/703 715/741/715 693/715/693 692/714/692 
f 714/740/714 713/739/713 716/742/716 715/741/715 
f 704/728/704 714/740/714 715/741/715 703/726/703 
f 717/743/717 706/730/706 422/427/422 444/449/444 
f 717/743/717 444/449/444 441/446/441 718/744/718 
f 708/734/708 706/733/706 717/745/717 719/746/719 
f 719/746/719 717/745/717 718/747/718 720/748/720 
f 721/749/721 439/444/439 438/443/438 722/750/722 
f 723/751/723 721/752/721 722/753/722 724/754/724 
f 718/744/718 441/446/441 439/444/439 721/749/721 
f 720/748/720 718/747/718 721/752/721 723/751/723 
f 725/755/725 726/756/726 727/757/727 728/758/728 
f 728/758/728 727/757/727 729/759/729 730/760/730 
f 724/754/724 725/755/725 728/758/728 723/751/723 
f 723/751/723 728/758/728 730/760/730 720/748/720 
f 731/761/731 732/762/732 710/736/710 709/735/709 
f 719/746/719 731/761/731 709/735/709 708/734/708 
f 730/760/730 729/759/729 732/762/732 731/761/731 
f 720/748/720 730/760/730 731/761/731 719/746/719 
f 722/750/722 438/443/438 460/465/460 733/763/733 
f 733/763/733 460/465/460 457/462/457 734/764/734 
f 724/754/724 722/753/722 733/765/733 735/766/735 
f 735/766/735 733/765/733 734/767/734 736/768/736 
f 737/769/737 455/460/455 454/459/454 738/770/738 
f 739/771/739 737/772/737 738/773/738 740/774/740 
f 734/764/734 457/462/457 455/460/455 737/769/737 
f 736/768/736 734/767/734 737/772/737 739/771/739 
f 741/775/741 742/776/742 743/777/743 744/778/744 
f 744/778/744 743/777/743 745/779/745 746/780/746 
f 740/774/740 741/775/741 744/778/744 739/771/739 
f 739/771/739 744/778/744 746/780/746 736/768/736 
f 747/781/747 748/782/748 726/756/726 725/755/725 
f 735/766/735 747/781/747 725/755/725 724/754/724 
f 746/780/746 745/779/745 748/782/748 747/781/747 
f 736/768/736 746/780/746 747/781/747 735/766/735 
f 738/770/738 454/459/454 476/481/476 749/783/749 
f 749/783/749 476/481/476 473/478/473 750/784/750 
f 740/774/740 738/773/738 749/785/749 751/786/751 
f 751/786/751 749/785/749 750/787/750 752/788/752 
f 753/789/753 471/476/471 470/475/470 754/790/754 
f 755/791/755 753/792/753 754/793/754 756/794/756 
f 750/784/750 473/478/473 471/476/471 753/789/753 
f 752/788/752 750/787/750 753/792/753 755/791/755 
f 757/795/757 758/796/758 759/797/759 760/798/760 
f 760/798/760 759/797/759 761/799/761 762/800/762 
f 756/794/756 757/795/757 760/798/760 755/791/755 
f 755/791/755 760/798/760 762/800/762 752/788/752 
f 763/801/763 764/802/764 742/776/742 741/775/741 
f 751/786/751 763/801/763 741/775/741 740/774/740 
f 762/800/762 761/799/761 764/802/764 763/801/763 
f 752/788/752 762/800/762 763/801/763 751/786/751 
f 754/790/754 470/475/470 492/497/492 765/803/765 
f 765/803/765 492/497/492 489/494/489 766/804/766 
f 756/794/756 754/793/754 765/805/765 767/806/767 
f 767/806/767 765/805/765 766/807/766 768/808/768 
f 769/809/769 487/492/487 486/491/486 770/810/770 
f 771/811/771 769/812/769 770/813/770 772/814/772 
f 766/804/766 489/494/489 487/492/487 769/809/769 
f 768/808/768 766/807/766 769/812/769 771/811/771 
f 773/815/773 774/816/774 775/817/775 776/818/776 
f 776/818/776 775/817/775 777/819/777 778/820/778 
f 772/814/772 773/815/773 776/818/776 771/811/771 
f 771/811/771 776/818/776 778/820/778 768/808/768 
f 757/795/757 779/821/779 780/822/780 758/796/758 
f 767/806/767 779/821/779 757/795/757 756/794/756 
f 778/820/778 777/819/777 780/822/780 779/821/779 
f 768/808/768 778/820/778 779/821/779 767/806/767 
f 770/810/770 486/491/486 508/513/508 781/823/781 
f 781/823/781 508/513/508 505/510/505 782/824/782 
f 772/814/772 770/813/770 781/825/781 783/826/783 
f 783/826/783 781/825/781 782/827/782 784/828/784 
f 785/829/785 503/508/503 502/507/502 786/830/786 
f 787/831/787 785/832/785 786/833/786 788/834/788 
f 785/829/785 782/824/782 505/510/505 503/508/503 
f 784/828/784 782/827/782 785/832/785 787/831/787 
f 789/835/789 790/836/790 791/837/791 792/838/792 
f 792/838/792 791/837/791 793/839/793 794/840/794 
f 788/834/788 789/835/789 792/838/792 787/831/787 
f 787/831/787 792/838/792 794/840/794 784/828/784 
f 795/841/795 796/842/796 774/816/774 773/815/773 
f 783/826/783 795/841/795 773/815/773 772/814/772 
f 794/840/794 793/839/793 796/842/796 795/841/795 
f 784/828/784 794/840/794 795/841/795 783/826/783 
f 786/830/786 502/507/502 524/529/524 797/843/797 
f 797/843/797 524/529/524 521/526/521 798/844/798 
f 788/834/788 786/833/786 797/845/797 799/846/799 
f 799/846/799 797/845/797 798/847/798 800/848/800 
f 801/849/801 519/524/519 518/523/518 802/850/802 
f 803/851/803 801/852/801 802/853/802 804/854/804 
f 798/844/798 521/526/521 519/524/519 801/849/801 
f 800/848/800 798/847/798 801/852/801 803/851/803 
f 805/855/805 806/856/806 807/857/807 808/858/808 
f 808/858/808 807/857/807 809/859/809 810/860/810 
f 804/854/804 805/855/805 808/858/808 803/851/803 
f 803/851/803 808/858/808 810/860/810 800/848/800 
f 811/861/811 812/862/812 790/836/790 789/835/789 
f 799/846/799 811/861/811 789/835/789 788/834/788 
f 810/860/810 809/859/809 812/862/812 811/861/811 
f 800/848/800 810/860/810 811/861/811 799/846/799 
f 802/850/802 518/523/518 540/545/540 813/863/813 
f 813/863/813 540/545/540 537/542/537 814/864/814 
f 804/854/804 802/853/802 813/865/813 815/866/815 
f 815/866/815 813/865/813 814/867/814 816/868/816 
f 817/869/817 535/540/535 534/539/534 818/870/818 
f 819/871/819 817/872/817 818/873/818 820/874/820 
f 814/864/814 537/542/537 535/540/535 817/869/817 
f 816/868/816 814/867/814 817/872/817 819/871/819 
f 821/875/821 822/876/822 823/877/823 824/878/824 
f 824/878/824 823/877/823 825/879/825 826/880/826 
f 820/874/820 821/875/821 824/878/824 819/871/819 
f 819/871/819 824/878/824 826/880/826 816/868/816 
f 827/881/827 828/882/828 806/856/806 805/855/805 
f 815/866/815 827/881/827 805/855/805 804/854/804 
f 826/880/826 825/879/825 828/882/828 827/881/827 
f 816/868/816 826/880/826 827/881/827 815/866/815 
f 818/870/818 534/539/534 556/561/556 829/883/829 
f 829/883/829 556/561/556 553/558/553 830/884/830 
f 820/874/820 818/873/818 829/885/829 831/886/831 
f 831/886/831 829/885/829 830/887/830 832/888/832 
f 833/889/833 551/556/551 550/555/550 834/890/834 
f 835/891/835 833/892/833 834/893/834 836/894/836 
f 830/884/830 553/558/553 551/556/551 833/889/833 
f 832/888/832 830/887/830 833/892/833 835/891/835 
f 837/895/837 838/896/838 839/897/839 840/898/840 
f 841/899/841 840/898/840 839/897/839 842/900/842 
f 836/894/836 837/895/837 840/898/840 835/891/835 
f 835/891/835 840/898/840 841/899/841 832/888/832 
f 843/901/843 844/902/844 822/876/822 821/875/821 
f 831/886/831 843/901/843 821/875/821 820/874/820 
f 841/899/841 842/900/842 844/902/844 843/901/843 
f 832/888/832 841/899/841 843/901/843 831/886/831 
f 834/890/834 550/555/550 572/577/572 845/903/845 
f 845/903/845 572/577/572 569/574/569 846/904/846 
f 836/894/836 834/893/834 845/905/845 847/906/847 
f 847/906/847 845/905/845 846/907/846 848/908/848 
f 849/909/849 567/572/567 566/571/566 850/910/850 
f 851/911/851 849/912/849 850/913/850 852/914/852 
f 846/904/846 569/574/569 567/572/567 849/909/849 
f 848/908/848 846/907/846 849/912/849 851/911/851 
f 853/915/853 854/916/854 855/917/855 856/918/856 
f 856/918/856 855/917/855 857/919/857 858/920/858 
f 852/914/852 853/915/853 856/918/856 851/911/851 
f 851/911/851 856/918/856 858/920/858 848/908/848 
f 859/921/859 860/922/860 838/896/838 837/895/837 
f 847/906/847 859/921/859 837/895/837 836/894/836 
f 858/920/858 857/919/857 860/922/860 859/921/859 
f 848/908/848 858/920/858 859/921/859 847/906/847 
f 861/923/861 850/910/850 566/571/566 588/593/588 
f 861/923/861 588/593/588 585/590/585 862/924/862 
f 852/914/852 850/913/850 861/925/861 863/926/863 
f 863/926/863 861/925/861 862/927/862 864/928/864 
f 865/929/865 583/588/583 582/587/582 866/930/866 
f 867/931/867 865/932/865 866/933/866 868/934/868 
f 862/924/862 585/590/585 583/588/583 865/929/865 
f 864/928/864 862/927/862 865/932/865 867/931/867 
f 869/935/869 870/936/870 871/937/871 872/938/872 
f 872/938/872 871/937/871 873/939/873 874/940/874 
f 868/934/868 869/935/869 872/938/872 867/931/867 
f 867/931/867 872/938/872 874/940/874 864/928/864 
f 875/941/875 876/942/876 854/916/854 853/915/853 
f 863/926/863 875/941/875 853/915/853 852/914/852 
f 874/940/874 873/939/873 876/942/876 875/941/875 
f 864/928/864 874/940/874 875/941/875 863/926/863 
f 866/930/866 582/587/582 604/609/604 877/943/877 
f 877/943/877 604/609/604 601/606/601 878/944/878 
f 868/934/868 866/933/866 877/945/877 879/946/879 
f 879/946/879 877/945/877 878/947/878 880/948/880 
f 881/949/881 599/604/599 598/603/598 882/950/882 
f 883/951/883 881/952/881 882/953/882 884/954/884 
f 878/944/878 601/606/601 599/604/599 881/949/881 
f 880/948/880 878/947/878 881/952/881 883/951/883 
f 885/955/885 886/956/886 887/957/887 888/958/888 
f 888/958/888 887/957/887 889/959/889 890/960/890 
f 884/954/884 885/955/885 888/958/888 883/951/883 
f 883/951/883 888/958/888 890/960/890 880/948/880 
f 891/961/891 892/962/892 870/936/870 869/935/869 
f 879/946/879 891/961/891 869/935/869 868/934/868 
f 890/960/890 889/959/889 892/962/892 891/961/891 
f 880/948/880 890/960/890 891/961/891 879/946/879 
f 882/963/882 598/628/598 620/627/620 893/964/893 
f 893/964/893 620/627/620 617/624/617 894/965/894 
f 884/966/884 882/967/882 893/968/893 895/969/895 
f 895/969/895 893/968/893 894/970/894 896/971/896 
f 897/972/897 615/622/615 614/621/614 898/973/898 
f 899/974/899 897/975/897 898/976/898 900/977/900 
f 894/965/894 617/624/617 615/622/615 897/972/897 
f 896/971/896 894/970/894 897/975/897 899/974/899 
f 901/978/901 902/979/902 903/980/903 904/981/904 
f 904/981/904 903/980/903 905/982/905 906/983/906 
f 900/977/900 901/978/901 904/981/904 899/974/899 
f 899/974/899 904/981/904 906/983/906 896/971/896 
f 907/984/907 908/985/908 886/986/886 885/987/885 
f 895/969/895 907/984/907 885/987/885 884/966/884 
f 906/983/906 905/982/905 908/985/908 907/984/907 
f 896/971/896 906/983/906 907/984/907 895/969/895 
f 898/973/898 614/621/614 636/645/636 909/988/909 
f 909/988/909 636/645/636 633/642/633 910/989/910 
f 900/977/900 898/976/898 909/990/909 911/991/911 
f 911/991/911 909/990/909 910/992/910 912/993/912 
f 913/994/913 631/640/631 630/639/630 914/995/914 
f 915/996/915 913/997/913 914/998/914 916/999/916 
f 910/989/910 633/642/633 631/640/631 913/994/913 
f 912/993/912 910/992/910 913/997/913 915/996/915 
f 917/1000/917 918/1001/918 919/1002/919 920/1003/920 
f 920/1003/920 919/1002/919 921/1004/921 922/1005/922 
f 916/999/916 917/1000/917 920/1003/920 915/996/915 
f 915/996/915 920/1003/920 922/1005/922 912/993/912 
f 901/978/901 923/1006/923 924/1007/924 902/979/902 
f 911/991/911 923/1006/923 901/978/901 900/977/900 
f 922/1005/922 921/1004/921 924/1007/924 923/1006/923 
f 912/993/912 922/1005/922 923/1006/923 911/991/911 
f 914/995/914 630/639/630 648/657/648 925/1008/925 
f 925/1008/925 648/657/648 645/654/645 926/1009/926 
f 916/999/916 914/998/914 925/1010/925 927/1011/927 
f 927/1011/927 925/1010/925 926/1012/926 928/1013/928 
f 929/1014/929 643/652/643 379/384/379 649/658/649 
f 930/1015/930 929/1016/929 649/662/649 652/661/652 
f 929/1014/929 926/1009/926 645/654/645 643/652/643 
f 928/1013/928 926/1012/926 929/1016/929 930/1015/930 
f 668/682/668 667/681/667 931/1017/931 932/1018/932 
f 932/1018/932 931/1017/931 933/1019/933 934/1020/934 
f 652/661/652 668/682/668 932/1018/932 930/1015/930 
f 930/1015/930 932/1018/932 934/1020/934 928/1013/928 
f 935/1021/935 936/1022/936 918/1001/918 917/1000/917 
f 927/1011/927 935/1021/935 917/1000/917 916/999/916 
f 934/1020/934 933/1019/933 936/1022/936 935/1021/935 
f 928/1013/928 934/1020/934 935/1021/935 927/1011/927 
f 937/1023/937 667/681/667 666/680/666 938/1024/938 
f 938/1024/938 666/680/666 663/677/663 939/1025/939 
f 940/1026/940 937/1023/937 938/1024/938 941/1027/941 
f 941/1027/941 938/1024/938 939/1025/939 942/1028/942 
f 943/1029/943 944/1030/944 661/675/661 660/674/660 
f 945/1031/945 944/1030/944 943/1029/943 946/1032/946 
f 939/1025/939 663/677/663 661/675/661 944/1030/944 
f 942/1028/942 939/1025/939 944/1030/944 945/1031/945 
f 947/1033/947 948/1034/948 949/1035/949 950/1036/950 
f 950/1036/950 949/1035/949 951/1037/951 952/1038/952 
f 946/1032/946 947/1033/947 950/1036/950 945/1031/945 
f 945/1031/945 950/1036/950 952/1038/952 942/1028/942 
f 953/1039/953 954/1040/954 955/1041/955 956/1042/956 
f 941/1027/941 953/1039/953 956/1042/956 940/1026/940 
f 952/1038/952 951/1037/951 954/1040/954 953/1039/953 
f 942/1028/942 952/1038/952 953/1039/953 941/1027/941 
f 957/1043/957 943/1029/943 660/674/660 684/702/684 
f 957/1043/957 684/702/684 681/699/681 958/1044/958 
f 946/1032/946 943/1029/943 957/1043/957 959/1045/959 
f 959/1045/959 957/1043/957 958/1044/958 960/1046/960 
f 961/1047/961 679/697/679 678/696/678 962/1048/962 
f 963/1049/963 961/1047/961 962/1048/962 964/1050/964 
f 958/1044/958 681/699/681 679/697/679 961/1047/961 
f 960/1046/960 958/1044/958 961/1047/961 963/1049/963 
f 965/1051/965 966/1052/966 967/1053/967 968/1054/968 
f 968/1054/968 967/1053/967 969/1055/969 970/1056/970 
f 964/1050/964 965/1051/965 968/1054/968 963/1049/963 
f 963/1049/963 968/1054/968 970/1056/970 960/1046/960 
f 971/1057/971 972/1058/972 948/1034/948 947/1033/947 
f 959/1045/959 971/1057/971 947/1033/947 946/1032/946 
f 970/1056/970 969/1055/969 972/1058/972 971/1057/971 
f 960/1046/960 970/1056/970 971/1057/971 959/1045/959 
f 962/1048/962 678/696/678 700/722/700 973/1059/973 
f 973/1059/973 700/722/700 698/720/698 974/1060/974 
f 964/1050/964 962/1048/962 973/1059/973 975/1061/975 
f 975/1061/975 973/1059/973 974/1060/974 976/1062/976 
f 977/1063/977 695/717/695 694/716/694 978/1064/978 
f 979/1065/979 977/1063/977 978/1064/978 980/1066/980 
f 974/1060/974 698/720/698 695/717/695 977/1063/977 
f 976/1062/976 974/1060/974 977/1063/977 979/1065/979 
f 981/1067/981 982/1068/982 983/1069/983 984/1070/984 
f 984/1070/984 983/1069/983 985/1071/985 986/1072/986 
f 980/1066/980 981/1067/981 984/1070/984 979/1065/979 
f 979/1065/979 984/1070/984 986/1072/986 976/1062/976 
f 987/1073/987 988/1074/988 966/1052/966 965/1051/965 
f 975/1061/975 987/1073/987 965/1051/965 964/1050/964 
f 986/1072/986 985/1071/985 988/1074/988 987/1073/987 
f 976/1062/976 986/1072/986 987/1073/987 975/1061/975 
f 978/1064/978 694/716/694 716/742/716 989/1075/989 
f 989/1075/989 716/742/716 713/739/713 990/1076/990 
f 980/1066/980 978/1064/978 989/1075/989 991/1077/991 
f 991/1077/991 989/1075/989 990/1076/990 992/1078/992 
f 993/1079/993 711/737/711 710/736/710 994/1080/994 
f 995/1081/995 993/1079/993 994/1080/994 996/1082/996 
f 990/1076/990 713/739/713 711/737/711 993/1079/993 
f 992/1078/992 990/1076/990 993/1079/993 995/1081/995 
f 997/1083/997 998/1084/998 999/1085/999 1000/1086/1000 
f 1000/1086/1000 999/1085/999 1001/1087/1001 1002/1088/1002 
f 996/1082/996 997/1083/997 1000/1086/1000 995/1081/995 
f 995/1081/995 1000/1086/1000 1002/1088/1002 992/1078/992 
f 1003/1089/1003 1004/1090/1004 982/1068/982 981/1067/981 
f 991/1077/991 1003/1089/1003 981/1067/981 980/1066/980 
f 1002/1088/1002 1001/1087/1001 1004/1090/1004 1003/1089/1003 
f 992/1078/992 1002/1088/1002 1003/1089/1003 991/1077/991 
f 994/1080/994 710/736/710 732/762/732 1005/1091/1005 
f 1005/1091/1005 732/762/732 729/759/729 1006/1092/1006 
f 996/1082/996 994/1080/994 1005/1091/1005 1007/1093/1007 
f 1007/1093/1007 1005/1091/1005 1006/1092/1006 1008/1094/1008 
f 1009/1095/1009 727/757/727 726/756/726 1010/1096/1010 
f 1011/1097/1011 1009/1095/1009 1010/1096/1010 1012/1098/1012 
f 1006/1092/1006 729/759/729 727/757/727 1009/1095/1009 
f 1008/1094/1008 1006/1092/1006 1009/1095/1009 1011/1097/1011 
f 1013/1099/1013 1014/1100/1014 1015/1101/1015 1016/1102/1016 
f 1016/1102/1016 1015/1101/1015 1017/1103/1017 1018/1104/1018 
f 1012/1098/1012 1013/1099/1013 1016/1102/1016 1011/1097/1011 
f 1011/1097/1011 1016/1102/1016 1018/1104/1018 1008/1094/1008 
f 1019/1105/1019 1020/1106/1020 998/1084/998 997/1083/997 
f 1007/1093/1007 1019/1105/1019 997/1083/997 996/1082/996 
f 1018/1104/1018 1017/1103/1017 1020/1106/1020 1019/1105/1019 
f 1008/1094/1008 1018/1104/1018 1019/1105/1019 1007/1093/1007 
f 1010/1096/1010 726/756/726 748/782/748 1021/1107/1021 
f 1022/1108/1022 1021/1107/1021 748/782/748 745/779/745 
f 1012/1098/1012 1010/1096/1010 1021/1107/1021 1023/1109/1023 
f 1023/1109/1023 1021/1107/1021 1022/1108/1022 1024/1110/1024 
f 1025/1111/1025 743/777/743 742/776/742 1026/1112/1026 
f 1027/1113/1027 1025/1111/1025 1026/1112/1026 1028/1114/1028 
f 1022/1108/1022 745/779/745 743/777/743 1025/1111/1025 
f 1024/1110/1024 1022/1108/1022 1025/1111/1025 1027/1113/1027 
f 1029/1115/1029 1030/1116/1030 1031/1117/1031 1032/1118/1032 
f 1032/1118/1032 1031/1117/1031 1033/1119/1033 1034/1120/1034 
f 1028/1114/1028 1029/1115/1029 1032/1118/1032 1027/1113/1027 
f 1027/1113/1027 1032/1118/1032 1034/1120/1034 1024/1110/1024 
f 1035/1121/1035 1036/1122/1036 1014/1100/1014 1013/1099/1013 
f 1023/1109/1023 1035/1121/1035 1013/1099/1013 1012/1098/1012 
f 1034/1120/1034 1033/1119/1033 1036/1122/1036 1035/1121/1035 
f 1024/1110/1024 1034/1120/1034 1035/1121/1035 1023/1109/1023 
f 1026/1112/1026 742/776/742 764/802/764 1037/1123/1037 
f 1037/1123/1037 764/802/764 761/799/761 1038/1124/1038 
f 1028/1114/1028 1026/1112/1026 1037/1123/1037 1039/1125/1039 
f 1039/1125/1039 1037/1123/1037 1038/1124/1038 1040/1126/1040 
f 1041/1127/1041 759/797/759 758/796/758 1042/1128/1042 
f 1043/1129/1043 1041/1127/1041 1042/1128/1042 1044/1130/1044 
f 1038/1124/1038 761/799/761 759/797/759 1041/1127/1041 
f 1040/1126/1040 1038/1124/1038 1041/1127/1041 1043/1129/1043 
f 1045/1131/1045 1046/1132/1046 1047/1133/1047 1048/1134/1048 
f 1048/1134/1048 1047/1133/1047 1049/1135/1049 1050/1136/1050 
f 1044/1130/1044 1045/1131/1045 1048/1134/1048 1043/1129/1043 
f 1043/1129/1043 1048/1134/1048 1050/1136/1050 1040/1126/1040 
f 1051/1137/1051 1052/1138/1052 1030/1116/1030 1029/1115/1029 
f 1039/1125/1039 1051/1137/1051 1029/1115/1029 1028/1114/1028 
f 1050/1136/1050 1049/1135/1049 1052/1138/1052 1051/1137/1051 
f 1040/1126/1040 1050/1136/1050 1051/1137/1051 1039/1125/1039 
f 1042/1128/1042 758/796/758 780/822/780 1053/1139/1053 
f 1053/1139/1053 780/822/780 777/819/777 1054/1140/1054 
f 1044/1130/1044 1042/1128/1042 1053/1139/1053 1055/1141/1055 
f 1055/1141/1055 1053/1139/1053 1054/1140/1054 1056/1142/1056 
f 1057/1143/1057 775/817/775 774/816/774 1058/1144/1058 
f 1059/1145/1059 1057/1143/1057 1058/1144/1058 1060/1146/1060 
f 1054/1140/1054 777/819/777 775/817/775 1057/1143/1057 
f 1056/1142/1056 1054/1140/1054 1057/1143/1057 1059/1145/1059 
f 1061/1147/1061 1062/1148/1062 1063/1149/1063 1064/1150/1064 
f 1064/1150/1064 1063/1149/1063 1065/1151/1065 1066/1152/1066 
f 1060/1146/1060 1061/1147/1061 1064/1150/1064 1059/1145/1059 
f 1059/1145/1059 1064/1150/1064 1066/1152/1066 1056/1142/1056 
f 1067/1153/1067 1068/1154/1068 1046/1132/1046 1045/1131/1045 
f 1055/1141/1055 1067/1153/1067 1045/1131/1045 1044/1130/1044 
f 1066/1152/1066 1065/1151/1065 1068/1154/1068 1067/1153/1067 
f 1056/1142/1056 1066/1152/1066 1067/1153/1067 1055/1141/1055 
f 1058/1144/1058 774/816/774 796/842/796 1069/1155/1069 
f 1069/1155/1069 796/842/796 793/839/793 1070/1156/1070 
f 1060/1146/1060 1058/1144/1058 1069/1155/1069 1071/1157/1071 
f 1071/1157/1071 1069/1155/1069 1070/1156/1070 1072/1158/1072 
f 1073/1159/1073 791/837/791 790/836/790 1074/1160/1074 
f 1075/1161/1075 1073/1159/1073 1074/1160/1074 1076/1162/1076 
f 1070/1156/1070 793/839/793 791/837/791 1073/1159/1073 
f 1072/1158/1072 1070/1156/1070 1073/1159/1073 1075/1161/1075 
f 1077/1163/1077 1078/1164/1078 1079/1165/1079 1080/1166/1080 
f 1080/1166/1080 1079/1165/1079 1081/1167/1081 1082/1168/1082 
f 1076/1162/1076 1077/1163/1077 1080/1166/1080 1075/1161/1075 
f 1075/1161/1075 1080/1166/1080 1082/1168/1082 1072/1158/1072 
f 1083/1169/1083 1084/1170/1084 1062/1148/1062 1061/1147/1061 
f 1071/1157/1071 1083/1169/1083 1061/1147/1061 1060/1146/1060 
f 1082/1168/1082 1081/1167/1081 1084/1170/1084 1083/1169/1083 
f 1072/1158/1072 1082/1168/1082 1083/1169/1083 1071/1157/1071 
f 1074/1160/1074 790/836/790 812/862/812 1085/1171/1085 
f 1085/1171/1085 812/862/812 809/859/809 1086/1172/1086 
f 1076/1162/1076 1074/1160/1074 1085/1171/1085 1087/1173/1087 
f 1087/1173/1087 1085/1171/1085 1086/1172/1086 1088/1174/1088 
f 1089/1175/1089 1090/1176/1090 807/857/807 806/856/806 
f 1091/1177/1091 1090/1176/1090 1089/1175/1089 1092/1178/1092 
f 1086/1172/1086 809/859/809 807/857/807 1090/1176/1090 
f 1088/1174/1088 1086/1172/1086 1090/1176/1090 1091/1177/1091 
f 1093/1179/1093 1094/1180/1094 1095/1181/1095 1096/1182/1096 
f 1096/1182/1096 1095/1181/1095 1097/1183/1097 1098/1184/1098 
f 1092/1178/1092 1093/1179/1093 1096/1182/1096 1091/1177/1091 
f 1091/1177/1091 1096/1182/1096 1098/1184/1098 1088/1174/1088 
f 1099/1185/1099 1100/1186/1100 1078/1164/1078 1077/1163/1077 
f 1087/1173/1087 1099/1185/1099 1077/1163/1077 1076/1162/1076 
f 1098/1184/1098 1097/1183/1097 1100/1186/1100 1099/1185/1099 
f 1088/1174/1088 1098/1184/1098 1099/1185/1099 1087/1173/1087 
f 1101/1187/1101 1089/1175/1089 806/856/806 828/882/828 
f 1101/1187/1101 828/882/828 825/879/825 1102/1188/1102 
f 1092/1178/1092 1089/1175/1089 1101/1187/1101 1103/1189/1103 
f 1103/1189/1103 1101/1187/1101 1102/1188/1102 1104/1190/1104 
f 1105/1191/1105 823/877/823 822/876/822 1106/1192/1106 
f 1107/1193/1107 1105/1191/1105 1106/1192/1106 1108/1194/1108 
f 1102/1188/1102 825/879/825 823/877/823 1105/1191/1105 
f 1104/1190/1104 1102/1188/1102 1105/1191/1105 1107/1193/1107 
f 1109/1195/1109 1110/1196/1110 1111/1197/1111 1112/1198/1112 
f 1112/1198/1112 1111/1197/1111 1113/1199/1113 1114/1200/1114 
f 1108/1194/1108 1109/1195/1109 1112/1198/1112 1107/1193/1107 
f 1107/1193/1107 1112/1198/1112 1114/1200/1114 1104/1190/1104 
f 1115/1201/1115 1116/1202/1116 1094/1180/1094 1093/1179/1093 
f 1103/1189/1103 1115/1201/1115 1093/1179/1093 1092/1178/1092 
f 1114/1200/1114 1113/1199/1113 1116/1202/1116 1115/1201/1115 
f 1104/1190/1104 1114/1200/1114 1115/1201/1115 1103/1189/1103 
f 1106/1192/1106 822/876/822 844/902/844 1117/1203/1117 
f 1117/1203/1117 844/902/844 842/900/842 1118/1204/1118 
f 1108/1194/1108 1106/1192/1106 1117/1203/1117 1119/1205/1119 
f 1119/1205/1119 1117/1203/1117 1118/1204/1118 1120/1206/1120 
f 1121/1207/1121 839/897/839 838/896/838 1122/1208/1122 
f 1123/1209/1123 1121/1207/1121 1122/1208/1122 1124/1210/1124 
f 1118/1204/1118 842/900/842 839/897/839 1121/1207/1121 
f 1120/1206/1120 1118/1204/1118 1121/1207/1121 1123/1209/1123 
f 1125/1211/1125 1126/1212/1126 1127/1213/1127 1128/1214/1128 
f 1128/1214/1128 1127/1213/1127 1129/1215/1129 1130/1216/1130 
f 1124/1210/1124 1125/1211/1125 1128/1214/1128 1123/1209/1123 
f 1123/1209/1123 1128/1214/1128 1130/1216/1130 1120/1206/1120 
f 1131/1217/1131 1132/1218/1132 1110/1196/1110 1109/1195/1109 
f 1119/1205/1119 1131/1217/1131 1109/1195/1109 1108/1194/1108 
f 1130/1216/1130 1129/1215/1129 1132/1218/1132 1131/1217/1131 
f 1120/1206/1120 1130/1216/1130 1131/1217/1131 1119/1205/1119 
f 1122/1208/1122 838/896/838 860/922/860 1133/1219/1133 
f 1133/1219/1133 860/922/860 857/919/857 1134/1220/1134 
f 1124/1210/1124 1122/1208/1122 1133/1219/1133 1135/1221/1135 
f 1135/1221/1135 1133/1219/1133 1134/1220/1134 1136/1222/1136 
f 1137/1223/1137 855/917/855 854/916/854 1138/1224/1138 
f 1139/1225/1139 1137/1223/1137 1138/1224/1138 1140/1226/1140 
f 1134/1220/1134 857/919/857 855/917/855 1137/1223/1137 
f 1136/1222/1136 1134/1220/1134 1137/1223/1137 1139/1225/1139 
f 1141/1227/1141 1142/1228/1142 1143/1229/1143 1144/1230/1144 
f 1144/1230/1144 1143/1229/1143 1145/1231/1145 1146/1232/1146 
f 1140/1226/1140 1141/1227/1141 1144/1230/1144 1139/1225/1139 
f 1139/1225/1139 1144/1230/1144 1146/1232/1146 1136/1222/1136 
f 1147/1233/1147 1148/1234/1148 1126/1212/1126 1125/1211/1125 
f 1135/1221/1135 1147/1233/1147 1125/1211/1125 1124/1210/1124 
f 1146/1232/1146 1145/1231/1145 1148/1234/1148 1147/1233/1147 
f 1136/1222/1136 1146/1232/1146 1147/1233/1147 1135/1221/1135 
f 1138/1224/1138 854/916/854 876/942/876 1149/1235/1149 
f 1149/1235/1149 876/942/876 873/939/873 1150/1236/1150 
f 1140/1226/1140 1138/1224/1138 1149/1235/1149 1151/1237/1151 
f 1151/1237/1151 1149/1235/1149 1150/1236/1150 1152/1238/1152 
f 1153/1239/1153 871/937/871 870/936/870 1154/1240/1154 
f 1155/1241/1155 1153/1239/1153 1154/1240/1154 1156/1242/1156 
f 1150/1236/1150 873/939/873 871/937/871 1153/1239/1153 
f 1152/1238/1152 1150/1236/1150 1153/1239/1153 1155/1241/1155 
f 1157/1243/1157 1158/1244/1158 1159/1245/1159 1160/1246/1160 
f 1160/1246/1160 1159/1245/1159 1161/1247/1161 1162/1248/1162 
f 1156/1242/1156 1157/1243/1157 1160/1246/1160 1155/1241/1155 
f 1155/1241/1155 1160/1246/1160 1162/1248/1162 1152/1238/1152 
f 1163/1249/1163 1164/1250/1164 1142/1228/1142 1141/1227/1141 
f 1151/1237/1151 1163/1249/1163 1141/1227/1141 1140/1226/1140 
f 1162/1248/1162 1161/1247/1161 1164/1250/1164 1163/1249/1163 
f 1152/1238/1152 1162/1248/1162 1163/1249/1163 1151/1237/1151 
f 1154/1240/1154 870/936/870 892/962/892 1165/1251/1165 
f 1166/1252/1166 1165/1251/1165 892/962/892 889/959/889 
f 1156/1242/1156 1154/1240/1154 1165/1251/1165 1167/1253/1167 
f 1167/1253/1167 1165/1251/1165 1166/1252/1166 1168/1254/1168 
f 1169/1255/1169 887/957/887 886/956/886 1170/1256/1170 
f 1171/1257/1171 1169/1255/1169 1170/1256/1170 1172/1258/1172 
f 1166/1252/1166 889/959/889 887/957/887 1169/1255/1169 
f 1168/1254/1168 1166/1252/1166 1169/1255/1169 1171/1257/1171 
f 1173/1259/1173 1174/1260/1174 1175/1261/1175 1176/1262/1176 
f 1176/1262/1176 1175/1261/1175 1177/1263/1177 1178/1264/1178 
f 1172/1258/1172 1173/1259/1173 1176/1262/1176 1171/1257/1171 
f 1171/1257/1171 1176/1262/1176 1178/1264/1178 1168/1254/1168 
f 1179/1265/1179 1180/1266/1180 1158/1244/1158 1157/1243/1157 
f 1167/1253/1167 1179/1265/1179 1157/1243/1157 1156/1242/1156 
f 1178/1264/1178 1177/1263/1177 1180/1266/1180 1179/1265/1179 
f 1168/1254/1168 1178/1264/1178 1179/1265/1179 1167/1253/1167 
f 1170/1267/1170 886/986/886 908/985/908 1181/1268/1181 
f 1181/1268/1181 908/985/908 905/982/905 1182/1269/1182 
f 1172/1270/1172 1170/1267/1170 1181/1268/1181 1183/1271/1183 
f 1183/1271/1183 1181/1268/1181 1182/1269/1182 1184/1272/1184 
f 1185/1273/1185 903/980/903 902/979/902 1186/1274/1186 
f 1187/1275/1187 1185/1273/1185 1186/1274/1186 1188/1276/1188 
f 1182/1269/1182 905/982/905 903/980/903 1185/1273/1185 
f 1184/1272/1184 1182/1269/1182 1185/1273/1185 1187/1275/1187 
f 1189/1277/1189 1190/1278/1190 1191/1279/1191 1192/1280/1192 
f 1192/1280/1192 1191/1279/1191 1193/1281/1193 1194/1282/1194 
f 1188/1276/1188 1189/1277/1189 1192/1280/1192 1187/1275/1187 
f 1187/1275/1187 1192/1280/1192 1194/1282/1194 1184/1272/1184 
f 1195/1283/1195 1196/1284/1196 1174/1285/1174 1173/1286/1173 
f 1183/1271/1183 1195/1283/1195 1173/1286/1173 1172/1270/1172 
f 1194/1282/1194 1193/1281/1193 1196/1284/1196 1195/1283/1195 
f 1184/1272/1184 1194/1282/1194 1195/1283/1195 1183/1271/1183 
f 1186/1274/1186 902/979/902 924/1007/924 1197/1287/1197 
f 1197/1287/1197 924/1007/924 921/1004/921 1198/1288/1198 
f 1188/1276/1188 1186/1274/1186 1197/1287/1197 1199/1289/1199 
f 1199/1289/1199 1197/1287/1197 1198/1288/1198 1200/1290/1200 
f 1201/1291/1201 919/1002/919 918/1001/918 1202/1292/1202 
f 1203/1293/1203 1201/1291/1201 1202/1292/1202 1204/1294/1204 
f 1198/1288/1198 921/1004/921 919/1002/919 1201/1291/1201 
f 1200/1290/1200 1198/1288/1198 1201/1291/1201 1203/1293/1203 
f 1205/1295/1205 1206/1296/1206 1207/1297/1207 1208/1298/1208 
f 1208/1298/1208 1207/1297/1207 1209/1299/1209 1210/1300/1210 
f 1204/1294/1204 1205/1295/1205 1208/1298/1208 1203/1293/1203 
f 1203/1293/1203 1208/1298/1208 1210/1300/1210 1200/1290/1200 
f 1211/1301/1211 1212/1302/1212 1190/1278/1190 1189/1277/1189 
f 1199/1289/1199 1211/1301/1211 1189/1277/1189 1188/1276/1188 
f 1210/1300/1210 1209/1299/1209 1212/1302/1212 1211/1301/1211 
f 1200/1290/1200 1210/1300/1210 1211/1301/1211 1199/1289/1199 
f 1202/1292/1202 918/1001/918 936/1022/936 1213/1303/1213 
f 1213/1303/1213 936/1022/936 933/1019/933 1214/1304/1214 
f 1204/1294/1204 1202/1292/1202 1213/1303/1213 1215/1305/1215 
f 1215/1305/1215 1213/1303/1213 1214/1304/1214 1216/1306/1216 
f 1217/1307/1217 931/1017/931 667/681/667 937/1023/937 
f 1218/1308/1218 1217/1307/1217 937/1023/937 940/1026/940 
f 1214/1304/1214 933/1019/933 931/1017/931 1217/1307/1217 
f 1216/1306/1216 1214/1304/1214 1217/1307/1217 1218/1308/1218 
f 956/1042/956 955/1041/955 1219/1309/1219 1220/1310/1220 
f 1220/1310/1220 1219/1309/1219 1221/1311/1221 1222/1312/1222 
f 940/1026/940 956/1042/956 1220/1310/1220 1218/1308/1218 
f 1218/1308/1218 1220/1310/1220 1222/1312/1222 1216/1306/1216 
f 1223/1313/1223 1224/1314/1224 1206/1296/1206 1205/1295/1205 
f 1215/1305/1215 1223/1313/1223 1205/1295/1205 1204/1294/1204 
f 1222/1312/1222 1221/1311/1221 1224/1314/1224 1223/1313/1223 
f 1216/1306/1216 1222/1312/1222 1223/1313/1223 1215/1305/1215 
f 1225/1315/949 1226/1316/948 1227/1317/948 1228/1318/949 
f 1228/1318/949 1227/1317/948 1229/1319/948 1230/1320/949 
f 1231/1321/951 1225/1315/949 1228/1318/949 1232/1322/951 
f 1232/1322/951 1228/1318/949 1230/1320/949 1233/1323/951 
f 1234/1324/949 1235/1325/948 1236/1326/948 1237/1327/949 
f 1238/1328/951 1234/1324/949 1237/1327/949 1239/1329/951 
f 1230/1320/949 1229/1319/948 1235/1325/948 1234/1324/949 
f 1233/1323/951 1230/1320/949 1234/1324/949 1238/1328/951 
f 1240/1330/954 1241/1331/955 1242/1332/1225 1243/1333/954 
f 1243/1333/954 1242/1332/1225 1244/1334/955 1245/1335/954 
f 1239/1329/951 1240/1330/954 1243/1333/954 1238/1328/951 
f 1238/1328/951 1243/1333/954 1245/1335/954 1233/1323/951 
f 1246/1336/954 1247/1337/955 1248/1338/955 1249/1339/954 
f 1232/1322/951 1246/1336/954 1249/1339/954 1231/1321/951 
f 1245/1335/954 1244/1334/955 1247/1337/955 1246/1336/954 
f 1233/1323/951 1245/1335/954 1246/1336/954 1232/1322/951 
f 1250/1340/967 1251/1341/966 1252/1342/966 1253/1343/967 
f 1253/1343/967 1252/1342/966 1254/1344/966 1255/1345/967 
f 1256/1346/969 1250/1340/967 1253/1343/967 1257/1347/969 
f 1257/1347/969 1253/1343/967 1255/1345/967 1258/1348/969 
f 1259/1349/967 1260/1350/966 1261/1351/966 1262/1352/967 
f 1263/1353/969 1259/1349/967 1262/1352/967 1264/1354/969 
f 1255/1345/967 1254/1344/966 1260/1350/966 1259/1349/967 
f 1258/1348/969 1255/1345/967 1259/1349/967 1263/1353/969 
f 1265/1355/972 1236/1326/948 1235/1325/948 1266/1356/972 
f 1266/1356/972 1235/1325/948 1229/1319/948 1267/1357/972 
f 1264/1354/969 1265/1355/972 1266/1356/972 1263/1353/969 
f 1263/1353/969 1266/1356/972 1267/1357/972 1258/1348/969 
f 1268/1358/972 1227/1317/948 1226/1316/948 1269/1359/972 
f 1257/1347/969 1268/1358/972 1269/1359/972 1256/1346/969 
f 1267/1357/972 1229/1319/948 1227/1317/948 1268/1358/972 
f 1258/1348/969 1267/1357/972 1268/1358/972 1257/1347/969 
f 1270/1360/983 1271/1361/982 1272/1362/982 1273/1363/983 
f 1273/1363/983 1272/1362/982 1274/1364/982 1275/1365/983 
f 1276/1366/985 1270/1360/983 1273/1363/983 1277/1367/985 
f 1277/1367/985 1273/1363/983 1275/1365/983 1278/1368/985 
f 1279/1369/983 1280/1370/982 1281/1371/982 1282/1372/983 
f 1283/1373/985 1279/1369/983 1282/1372/983 1284/1374/985 
f 1275/1365/983 1274/1364/982 1280/1370/982 1279/1369/983 
f 1278/1368/985 1275/1365/983 1279/1369/983 1283/1373/985 
f 1285/1375/988 1261/1351/966 1260/1350/966 1286/1376/988 
f 1286/1376/988 1260/1350/966 1254/1344/966 1287/1377/988 
f 1284/1374/985 1285/1375/988 1286/1376/988 1283/1373/985 
f 1283/1373/985 1286/1376/988 1287/1377/988 1278/1368/985 
f 1288/1378/988 1252/1342/966 1251/1341/966 1289/1379/988 
f 1277/1367/985 1288/1378/988 1289/1379/988 1276/1366/985 
f 1287/1377/988 1254/1344/966 1252/1342/966 1288/1378/988 
f 1278/1368/985 1287/1377/988 1288/1378/988 1277/1367/985 
f 1290/1380/999 1291/1381/998 1292/1382/998 1293/1383/999 
f 1293/1383/999 1292/1382/998 1294/1384/998 1295/1385/999 
f 1296/1386/1001 1290/1380/999 1293/1383/999 1297/1387/1001 
f 1297/1387/1001 1293/1383/999 1295/1385/999 1298/1388/1001 
f 1299/1389/999 1300/1390/998 1301/1391/998 1302/1392/999 
f 1303/1393/1001 1299/1389/999 1302/1392/999 1304/1394/1001 
f 1295/1385/999 1294/1384/998 1300/1390/998 1299/1389/999 
f 1298/1388/1001 1295/1385/999 1299/1389/999 1303/1393/1001 
f 1305/1395/1004 1281/1371/982 1280/1370/982 1306/1396/1004 
f 1306/1396/1004 1280/1370/982 1274/1364/982 1307/1397/1004 
f 1304/1394/1001 1305/1395/1004 1306/1396/1004 1303/1393/1001 
f 1303/1393/1001 1306/1396/1004 1307/1397/1004 1298/1388/1001 
f 1308/1398/1004 1272/1362/982 1271/1361/982 1309/1399/1004 
f 1297/1387/1001 1308/1398/1004 1309/1399/1004 1296/1386/1001 
f 1307/1397/1004 1274/1364/982 1272/1362/982 1308/1398/1004 
f 1298/1388/1001 1307/1397/1004 1308/1398/1004 1297/1387/1001 
f 1310/1400/1015 1311/1401/1014 1312/1402/1014 1313/1403/1015 
f 1313/1403/1015 1312/1402/1014 1314/1404/1014 1315/1405/1015 
f 1316/1406/1017 1310/1400/1015 1313/1403/1015 1317/1407/1017 
f 1317/1407/1017 1313/1403/1015 1315/1405/1015 1318/1408/1226 
f 1319/1409/1015 1320/1410/1014 1321/1411/1014 1322/1412/1015 
f 1323/1413/1017 1319/1409/1015 1322/1412/1015 1324/1414/1017 
f 1315/1405/1015 1314/1404/1014 1320/1410/1014 1319/1409/1015 
f 1318/1408/1226 1315/1405/1015 1319/1409/1015 1323/1413/1017 
f 1325/1415/1020 1301/1391/998 1300/1390/998 1326/1416/1020 
f 1326/1416/1020 1300/1390/998 1294/1384/998 1327/1417/1020 
f 1324/1414/1017 1325/1415/1020 1326/1416/1020 1323/1413/1017 
f 1323/1413/1017 1326/1416/1020 1327/1417/1020 1318/1408/1226 
f 1328/1418/1020 1292/1382/998 1291/1381/998 1329/1419/1020 
f 1317/1407/1017 1328/1418/1020 1329/1419/1020 1316/1406/1017 
f 1327/1417/1020 1294/1384/998 1292/1382/998 1328/1418/1020 
f 1318/1408/1226 1327/1417/1020 1328/1418/1020 1317/1407/1017 
f 1330/1420/1031 1331/1421/1030 1332/1422/1030 1333/1423/1031 
f 1333/1423/1031 1332/1422/1030 1334/1424/1030 1335/1425/1031 
f 1336/1426/1033 1330/1420/1031 1333/1423/1031 1337/1427/1033 
f 1337/1427/1033 1333/1423/1031 1335/1425/1031 1338/1428/1033 
f 1339/1429/1031 1340/1430/1030 1341/1431/1030 1342/1432/1031 
f 1343/1433/1033 1339/1429/1031 1342/1432/1031 1344/1434/1033 
f 1335/1425/1031 1334/1424/1030 1340/1430/1030 1339/1429/1031 
f 1338/1428/1033 1335/1425/1031 1339/1429/1031 1343/1433/1033 
f 1345/1435/1036 1321/1411/1014 1320/1410/1014 1346/1436/1036 
f 1346/1436/1036 1320/1410/1014 1314/1404/1014 1347/1437/1036 
f 1344/1434/1033 1345/1435/1036 1346/1436/1036 1343/1433/1033 
f 1343/1433/1033 1346/1436/1036 1347/1437/1036 1338/1428/1033 
f 1348/1438/1036 1312/1402/1014 1311/1401/1014 1349/1439/1036 
f 1337/1427/1033 1348/1438/1036 1349/1439/1036 1336/1426/1033 
f 1347/1437/1036 1314/1404/1014 1312/1402/1014 1348/1438/1036 
f 1338/1428/1033 1347/1437/1036 1348/1438/1036 1337/1427/1033 
f 1350/1440/1047 1351/1441/1046 1352/1442/1046 1353/1443/1047 
f 1353/1443/1047 1352/1442/1046 1354/1444/1046 1355/1445/1047 
f 1356/1446/1049 1350/1440/1047 1353/1443/1047 1357/1447/1049 
f 1357/1447/1049 1353/1443/1047 1355/1445/1047 1358/1448/1049 
f 1359/1449/1047 1360/1450/1046 1361/1451/1046 1362/1452/1047 
f 1363/1453/1049 1359/1449/1047 1362/1452/1047 1364/1454/1049 
f 1355/1445/1047 1354/1444/1046 1360/1450/1046 1359/1449/1047 
f 1358/1448/1049 1355/1445/1047 1359/1449/1047 1363/1453/1049 
f 1365/1455/1052 1341/1431/1030 1340/1430/1030 1366/1456/1052 
f 1366/1456/1052 1340/1430/1030 1334/1424/1030 1367/1457/1052 
f 1364/1454/1049 1365/1455/1052 1366/1456/1052 1363/1453/1049 
f 1363/1453/1049 1366/1456/1052 1367/1457/1052 1358/1448/1049 
f 1368/1458/1052 1332/1422/1030 1331/1421/1030 1369/1459/1052 
f 1357/1447/1049 1368/1458/1052 1369/1459/1052 1356/1446/1049 
f 1367/1457/1052 1334/1424/1030 1332/1422/1030 1368/1458/1052 
f 1358/1448/1049 1367/1457/1052 1368/1458/1052 1357/1447/1049 
f 1370/1460/1063 1371/1461/1062 1372/1462/1062 1373/1463/1063 
f 1373/1463/1063 1372/1462/1062 1374/1464/1062 1375/1465/1063 
f 1376/1466/1065 1370/1460/1063 1373/1463/1063 1377/1467/1065 
f 1377/1467/1065 1373/1463/1063 1375/1465/1063 1378/1468/1065 
f 1379/1469/1063 1380/1470/1062 1381/1471/1062 1382/1472/1063 
f 1383/1473/1065 1379/1469/1063 1382/1472/1063 1384/1474/1065 
f 1375/1465/1063 1374/1464/1062 1380/1470/1062 1379/1469/1063 
f 1378/1468/1065 1375/1465/1063 1379/1469/1063 1383/1473/1065 
f 1385/1475/1068 1361/1451/1046 1360/1450/1046 1386/1476/1068 
f 1386/1476/1068 1360/1450/1046 1354/1444/1046 1387/1477/1068 
f 1384/1474/1065 1385/1475/1068 1386/1476/1068 1383/1473/1065 
f 1383/1473/1065 1386/1476/1068 1387/1477/1068 1378/1468/1065 
f 1388/1478/1068 1352/1442/1046 1351/1441/1046 1389/1479/1068 
f 1377/1467/1065 1388/1478/1068 1389/1479/1068 1376/1466/1065 
f 1387/1477/1068 1354/1444/1046 1352/1442/1046 1388/1478/1068 
f 1378/1468/1065 1387/1477/1068 1388/1478/1068 1377/1467/1065 
f 1390/1480/1079 1391/1481/1078 1392/1482/1078 1393/1483/1079 
f 1393/1483/1079 1392/1482/1078 1394/1484/1227 1395/1485/1079 
f 1396/1486/1081 1390/1480/1079 1393/1483/1079 1397/1487/1081 
f 1397/1487/1081 1393/1483/1079 1395/1485/1079 1398/1488/1081 
f 1399/1489/1079 1400/1490/1227 1401/1491/1227 1402/1492/1079 
f 1403/1493/1081 1399/1489/1079 1402/1492/1079 1404/1494/1081 
f 1395/1485/1079 1394/1484/1227 1400/1490/1227 1399/1489/1079 
f 1398/1488/1081 1395/1485/1079 1399/1489/1079 1403/1493/1081 
f 1405/1495/1084 1381/1471/1062 1380/1470/1062 1406/1496/1084 
f 1406/1496/1084 1380/1470/1062 1374/1464/1062 1407/1497/1084 
f 1404/1494/1081 1405/1495/1084 1406/1496/1084 1403/1493/1081 
f 1403/1493/1081 1406/1496/1084 1407/1497/1084 1398/1488/1081 
f 1408/1498/1084 1372/1462/1062 1371/1461/1062 1409/1499/1084 
f 1397/1487/1081 1408/1498/1084 1409/1499/1084 1396/1486/1081 
f 1407/1497/1084 1374/1464/1062 1372/1462/1062 1408/1498/1084 
f 1398/1488/1081 1407/1497/1084 1408/1498/1084 1397/1487/1081 
f 1410/1500/1095 1411/1501/1094 1412/1502/1094 1413/1503/1095 
f 1413/1503/1095 1412/1502/1094 1414/1504/1094 1415/1505/1095 
f 1416/1506/1097 1410/1500/1095 1413/1503/1095 1417/1507/1097 
f 1417/1507/1097 1413/1503/1095 1415/1505/1095 1418/1508/1097 
f 1419/1509/1095 1420/1510/1094 1421/1511/1094 1422/1512/1095 
f 1423/1513/1097 1419/1509/1095 1422/1512/1095 1424/1514/1097 
f 1415/1505/1095 1414/1504/1094 1420/1510/1094 1419/1509/1095 
f 1418/1508/1097 1415/1505/1095 1419/1509/1095 1423/1513/1097 
f 1425/1515/1100 1401/1491/1227 1400/1490/1227 1426/1516/1100 
f 1426/1516/1100 1400/1490/1227 1394/1484/1227 1427/1517/1100 
f 1424/1514/1097 1425/1515/1100 1426/1516/1100 1423/1513/1097 
f 1423/1513/1097 1426/1516/1100 1427/1517/1100 1418/1508/1097 
f 1428/1518/1100 1392/1482/1078 1391/1481/1078 1429/1519/1100 
f 1417/1507/1097 1428/1518/1100 1429/1519/1100 1416/1506/1097 
f 1427/1517/1100 1394/1484/1227 1392/1482/1078 1428/1518/1100 
f 1418/1508/1097 1427/1517/1100 1428/1518/1100 1417/1507/1097 
f 1430/1520/1111 1431/1521/1110 1432/1522/1110 1433/1523/1111 
f 1433/1523/1111 1432/1522/1110 1434/1524/1110 1435/1525/1111 
f 1436/1526/1113 1430/1520/1111 1433/1523/1111 1437/1527/1113 
f 1437/1527/1113 1433/1523/1111 1435/1525/1111 1438/1528/1113 
f 1439/1529/1111 1440/1530/1110 1441/1531/1110 1442/1532/1111 
f 1443/1533/1113 1439/1529/1111 1442/1532/1111 1444/1534/1113 
f 1435/1525/1111 1434/1524/1110 1440/1530/1110 1439/1529/1111 
f 1438/1528/1113 1435/1525/1111 1439/1529/1111 1443/1533/1113 
f 1445/1535/1116 1421/1511/1094 1420/1510/1094 1446/1536/1116 
f 1446/1536/1116 1420/1510/1094 1414/1504/1094 1447/1537/1116 
f 1444/1534/1113 1445/1535/1116 1446/1536/1116 1443/1533/1113 
f 1443/1533/1113 1446/1536/1116 1447/1537/1116 1438/1528/1113 
f 1448/1538/1116 1412/1502/1094 1411/1501/1094 1449/1539/1116 
f 1437/1527/1113 1448/1538/1116 1449/1539/1116 1436/1526/1113 
f 1447/1537/1116 1414/1504/1094 1412/1502/1094 1448/1538/1116 
f 1438/1528/1113 1447/1537/1116 1448/1538/1116 1437/1527/1113 
f 1450/1540/1127 1451/1541/1126 1452/1542/1126 1453/1543/1127 
f 1453/1543/1127 1452/1542/1126 1454/1544/1126 1455/1545/1127 
f 1456/1546/1129 1450/1540/1127 1453/1543/1127 1457/1547/1129 
f 1457/1547/1129 1453/1543/1127 1455/1545/1127 1458/1548/1129 
f 1459/1549/1127 1460/1550/1126 1461/1551/1126 1462/1552/1127 
f 1463/1553/1129 1459/1549/1127 1462/1552/1127 1464/1554/1129 
f 1455/1545/1127 1454/1544/1126 1460/1550/1126 1459/1549/1127 
f 1458/1548/1129 1455/1545/1127 1459/1549/1127 1463/1553/1129 
f 1465/1555/1132 1441/1531/1110 1440/1530/1110 1466/1556/1132 
f 1466/1556/1132 1440/1530/1110 1434/1524/1110 1467/1557/1132 
f 1464/1554/1129 1465/1555/1132 1466/1556/1132 1463/1553/1129 
f 1463/1553/1129 1466/1556/1132 1467/1557/1132 1458/1548/1129 
f 1468/1558/1132 1432/1522/1110 1431/1521/1110 1469/1559/1132 
f 1457/1547/1129 1468/1558/1132 1469/1559/1132 1456/1546/1129 
f 1467/1557/1132 1434/1524/1110 1432/1522/1110 1468/1558/1132 
f 1458/1548/1129 1467/1557/1132 1468/1558/1132 1457/1547/1129 
f 1470/1560/1143 1471/1561/1142 1472/1562/1142 1473/1563/1143 
f 1473/1563/1143 1472/1562/1142 1474/1564/1142 1475/1565/1143 
f 1476/1566/1145 1470/1560/1143 1473/1563/1143 1477/1567/1145 
f 1477/1567/1145 1473/1563/1143 1475/1565/1143 1478/1568/1145 
f 1479/1569/1143 1480/1570/1142 1481/1571/1142 1482/1572/1143 
f 1483/1573/1145 1479/1569/1143 1482/1572/1143 1484/1574/1145 
f 1475/1565/1143 1474/1564/1142 1480/1570/1142 1479/1569/1143 
f 1478/1568/1145 1475/1565/1143 1479/1569/1143 1483/1573/1145 
f 1485/1575/1148 1461/1551/1126 1460/1550/1126 1486/1576/1148 
f 1486/1576/1148 1460/1550/1126 1454/1544/1126 1487/1577/1148 
f 1484/1574/1145 1485/1575/1148 1486/1576/1148 1483/1573/1145 
f 1483/1573/1145 1486/1576/1148 1487/1577/1148 1478/1568/1145 
f 1488/1578/1148 1452/1542/1126 1451/1541/1126 1489/1579/1148 
f 1477/1567/1145 1488/1578/1148 1489/1579/1148 1476/1566/1145 
f 1487/1577/1148 1454/1544/1126 1452/1542/1126 1488/1578/1148 
f 1478/1568/1145 1487/1577/1148 1488/1578/1148 1477/1567/1145 
f 1490/1580/1159 1491/1581/1158 1492/1582/1158 1493/1583/1159 
f 1493/1583/1159 1492/1582/1158 1494/1584/1158 1495/1585/1159 
f 1496/1586/1161 1490/1580/1159 1493/1583/1159 1497/1587/1228 
f 1497/1587/1228 1493/1583/1159 1495/1585/1159 1498/1588/1161 
f 1499/1589/1159 1500/1590/1158 1501/1591/1158 1502/1592/1159 
f 1503/1593/1228 1499/1589/1159 1502/1592/1159 1504/1594/1161 
f 1495/1585/1159 1494/1584/1158 1500/1590/1158 1499/1589/1159 
f 1498/1588/1161 1495/1585/1159 1499/1589/1159 1503/1593/1228 
f 1505/1595/1164 1481/1571/1142 1480/1570/1142 1506/1596/1164 
f 1506/1596/1164 1480/1570/1142 1474/1564/1142 1507/1597/1164 
f 1504/1594/1161 1505/1595/1164 1506/1596/1164 1503/1593/1228 
f 1503/1593/1228 1506/1596/1164 1507/1597/1164 1498/1588/1161 
f 1508/1598/1164 1472/1562/1142 1471/1561/1142 1509/1599/1164 
f 1497/1587/1228 1508/1598/1164 1509/1599/1164 1496/1586/1161 
f 1507/1597/1164 1474/1564/1142 1472/1562/1142 1508/1598/1164 
f 1498/1588/1161 1507/1597/1164 1508/1598/1164 1497/1587/1228 
f 1510/1600/1175 1511/1601/1174 1512/1602/1174 1513/1603/1175 
f 1513/1603/1175 1512/1602/1174 1514/1604/1174 1515/1605/1175 
f 1516/1606/1177 1510/1600/1175 1513/1603/1175 1517/1607/1177 
f 1517/1607/1177 1513/1603/1175 1515/1605/1175 1518/1608/1177 
f 1519/1609/1175 1520/1610/1174 1521/1611/1174 1522/1612/1175 
f 1523/1613/1177 1519/1609/1175 1522/1612/1175 1524/1614/1177 
f 1515/1605/1175 1514/1604/1174 1520/1610/1174 1519/1609/1175 
f 1518/1608/1177 1515/1605/1175 1519/1609/1175 1523/1613/1177 
f 1525/1615/1180 1501/1591/1158 1500/1590/1158 1526/1616/1180 
f 1526/1616/1180 1500/1590/1158 1494/1584/1158 1527/1617/1180 
f 1524/1614/1177 1525/1615/1180 1526/1616/1180 1523/1613/1177 
f 1523/1613/1177 1526/1616/1180 1527/1617/1180 1518/1608/1177 
f 1528/1618/1180 1492/1582/1158 1491/1581/1158 1529/1619/1180 
f 1517/1607/1177 1528/1618/1180 1529/1619/1180 1516/1606/1177 
f 1527/1617/1180 1494/1584/1158 1492/1582/1158 1528/1618/1180 
f 1518/1608/1177 1527/1617/1180 1528/1618/1180 1517/1607/1177 
f 1530/1620/1191 1531/1621/1190 1532/1622/1190 1533/1623/1191 
f 1533/1623/1191 1532/1622/1190 1534/1624/1190 1535/1625/1191 
f 1536/1626/1193 1530/1620/1191 1533/1623/1191 1537/1627/1193 
f 1537/1627/1193 1533/1623/1191 1535/1625/1191 1538/1628/1193 
f 1539/1629/1191 1540/1630/1190 1541/1631/1190 1542/1632/1191 
f 1543/1633/1193 1539/1629/1191 1542/1632/1191 1544/1634/1193 
f 1535/1625/1191 1534/1624/1190 1540/1630/1190 1539/1629/1191 
f 1538/1628/1193 1535/1625/1191 1539/1629/1191 1543/1633/1193 
f 1545/1635/1196 1521/1636/1174 1520/1637/1174 1546/1638/1196 
f 1546/1638/1196 1520/1637/1174 1514/1639/1174 1547/1640/1196 
f 1544/1634/1193 1545/1635/1196 1546/1638/1196 1543/1633/1193 
f 1543/1633/1193 1546/1638/1196 1547/1640/1196 1538/1628/1193 
f 1548/1641/1196 1512/1642/1174 1511/1643/1174 1549/1644/1196 
f 1537/1627/1193 1548/1641/1196 1549/1644/1196 1536/1626/1193 
f 1547/1640/1196 1514/1639/1174 1512/1642/1174 1548/1641/1196 
f 1538/1628/1193 1547/1640/1196 1548/1641/1196 1537/1627/1193 
f 1550/1645/1207 1551/1646/1206 1552/1647/1206 1553/1648/1207 
f 1553/1648/1207 1552/1647/1206 1554/1649/1206 1555/1650/1207 
f 1556/1651/1209 1550/1645/1207 1553/1648/1207 1557/1652/1209 
f 1557/1652/1209 1553/1648/1207 1555/1650/1207 1558/1653/1209 
f 1559/1654/1207 1560/1655/1206 1561/1656/1206 1562/1657/1207 
f 1563/1658/1209 1559/1654/1207 1562/1657/1207 1564/1659/1209 
f 1555/1650/1207 1554/1649/1206 1560/1655/1206 1559/1654/1207 
f 1558/1653/1209 1555/1650/1207 1559/1654/1207 1563/1658/1209 
f 1565/1660/1212 1541/1631/1190 1540/1630/1190 1566/1661/1212 
f 1566/1661/1212 1540/1630/1190 1534/1624/1190 1567/1662/1212 
f 1564/1659/1209 1565/1660/1212 1566/1661/1212 1563/1658/1209 
f 1563/1658/1209 1566/1661/1212 1567/1662/1212 1558/1653/1209 
f 1568/1663/1212 1532/1622/1190 1531/1621/1190 1569/1664/1212 
f 1557/1652/1209 1568/1663/1212 1569/1664/1212 1556/1651/1209 
f 1567/1662/1212 1534/1624/1190 1532/1622/1190 1568/1663/1212 
f 1558/1653/1209 1567/1662/1212 1568/1663/1212 1557/1652/1209 
f 1570/1665/1219 1248/1338/955 1247/1337/955 1571/1666/1219 
f 1571/1666/1219 1247/1337/955 1244/1334/955 1572/1667/1219 
f 1573/1668/1221 1570/1665/1219 1571/1666/1219 1574/1669/1221 
f 1574/1669/1221 1571/1666/1219 1572/1667/1219 1575/1670/1221 
f 1576/1671/1219 1242/1332/1225 1241/1331/955 1577/1672/1219 
f 1578/1673/1221 1576/1671/1219 1577/1672/1219 1579/1674/1221 
f 1572/1667/1219 1244/1334/955 1242/1332/1225 1576/1671/1219 
f 1575/1670/1221 1572/1667/1219 1576/1671/1219 1578/1673/1221 
f 1580/1675/1224 1561/1656/1206 1560/1655/1206 1581/1676/1224 
f 1581/1676/1224 1560/1655/1206 1554/1649/1206 1582/1677/1224 
f 1579/1674/1221 1580/1675/1224 1581/1676/1224 1578/1673/1221 
f 1578/1673/1221 1581/1676/1224 1582/1677/1224 1575/1670/1221 
f 1583/1678/1224 1552/1647/1206 1551/1646/1206 1584/1679/1224 
f 1574/1669/1221 1583/1678/1224 1584/1679/1224 1573/1668/1221 
f 1582/1677/1224 1554/1649/1206 1552/1647/1206 1583/1678/1224 
f 1575/1670/1221 1582/1677/1224 1583/1678/1224 1574/1669/1221 
f 1585/1680/1229 12/12/12 11/11/11 1586/1681/1230 
f 1586/1681/1230 11/11/11 5/5/5 1587/1682/1231 
f 1588/1683/1232 1585/1680/1229 1586/1681/1230 1589/1684/1233 
f 1589/1684/1233 1586/1681/1230 1587/1682/1231 1590/1685/1234 
f 1591/1686/1235 3/3/3 2/2/2 1592/1687/1236 
f 1593/1688/1237 1591/1686/1235 1592/1687/1236 1594/1689/1238 
f 1587/1682/1231 5/5/5 3/3/3 1591/1686/1235 
f 1590/1685/1234 1587/1682/1231 1591/1686/1235 1593/1688/1237 
f 1595/1690/1239 1596/1691/1239 1597/1692/1240 1598/1693/1241 
f 1596/1691/1239 1599/1694/1239 1600/1695/1242 1597/1692/1240 
f 1598/1693/1241 1597/1692/1240 1593/1696/1237 1594/1697/1238 
f 1597/1692/1240 1600/1695/1242 1590/1698/1234 1593/1696/1237 
f 1601/1699/1239 1602/1700/1239 1603/1701/1243 1604/1702/1244 
f 1604/1702/1244 1603/1701/1243 1588/1703/1232 1589/1704/1233 
f 1599/1694/1239 1601/1699/1239 1604/1702/1244 1600/1695/1242 
f 1600/1695/1242 1604/1702/1244 1589/1704/1233 1590/1698/1234 
f 1605/1705/1245 34/34/34 33/33/33 1606/1706/1246 
f 1606/1706/1246 33/33/33 28/28/28 1607/1707/1247 
f 1608/1708/1248 1605/1705/1245 1606/1706/1246 1609/1709/1249 
f 1609/1709/1249 1606/1706/1246 1607/1707/1247 1610/1710/1250 
f 1611/1711/1251 26/26/26 12/12/12 1585/1680/1229 
f 1612/1712/1252 1611/1711/1251 1585/1680/1229 1588/1683/1232 
f 1607/1707/1247 28/28/28 26/26/26 1611/1711/1251 
f 1610/1710/1250 1607/1707/1247 1611/1711/1251 1612/1712/1252 
f 1602/1700/1239 1613/1713/1239 1614/1714/1253 1603/1701/1243 
f 1613/1713/1239 1615/1715/1239 1616/1716/1254 1614/1714/1253 
f 1603/1701/1243 1614/1714/1253 1612/1717/1252 1588/1703/1232 
f 1614/1714/1253 1616/1716/1254 1610/1718/1250 1612/1717/1252 
f 1617/1719/1239 1618/1720/1239 1619/1721/1255 1620/1722/1256 
f 1620/1722/1256 1619/1721/1255 1608/1723/1248 1609/1724/1249 
f 1615/1715/1239 1617/1719/1239 1620/1722/1256 1616/1716/1254 
f 1616/1716/1254 1620/1722/1256 1609/1724/1249 1610/1718/1250 
f 1621/1725/1257 54/54/54 53/53/53 1622/1726/1258 
f 1622/1726/1258 53/53/53 48/48/48 1623/1727/1259 
f 1624/1728/1260 1621/1725/1257 1622/1726/1258 1625/1729/1261 
f 1625/1729/1261 1622/1726/1258 1623/1727/1259 1626/1730/1262 
f 1627/1731/1263 46/46/46 34/34/34 1605/1705/1245 
f 1628/1732/1264 1627/1731/1263 1605/1705/1245 1608/1708/1248 
f 1623/1727/1259 48/48/48 46/46/46 1627/1731/1263 
f 1626/1730/1262 1623/1727/1259 1627/1731/1263 1628/1732/1264 
f 1618/1720/1239 1629/1733/1239 1630/1734/1265 1619/1721/1255 
f 1629/1733/1239 1631/1735/1239 1632/1736/1266 1630/1734/1265 
f 1619/1721/1255 1630/1734/1265 1628/1737/1264 1608/1723/1248 
f 1630/1734/1265 1632/1736/1266 1626/1738/1262 1628/1737/1264 
f 1633/1739/1239 1634/1740/1239 1635/1741/1267 1636/1742/1268 
f 1636/1742/1268 1635/1741/1267 1624/1743/1260 1625/1744/1261 
f 1631/1735/1239 1633/1739/1239 1636/1742/1268 1632/1736/1266 
f 1632/1736/1266 1636/1742/1268 1625/1744/1261 1626/1738/1262 
f 1637/1745/1269 74/74/74 73/73/73 1638/1746/1270 
f 1638/1746/1270 73/73/73 68/68/68 1639/1747/1271 
f 1640/1748/1272 1637/1745/1269 1638/1746/1270 1641/1749/1273 
f 1641/1749/1273 1638/1746/1270 1639/1747/1271 1642/1750/1274 
f 1643/1751/1275 66/66/66 54/54/54 1621/1725/1257 
f 1644/1752/1276 1643/1751/1275 1621/1725/1257 1624/1728/1260 
f 1639/1747/1271 68/68/68 66/66/66 1643/1751/1275 
f 1642/1750/1274 1639/1747/1271 1643/1751/1275 1644/1752/1276 
f 1634/1740/1239 1645/1753/1239 1646/1754/1277 1635/1741/1267 
f 1645/1753/1239 1647/1755/1239 1648/1756/1278 1646/1754/1277 
f 1635/1741/1267 1646/1754/1277 1644/1757/1276 1624/1743/1260 
f 1646/1754/1277 1648/1756/1278 1642/1758/1274 1644/1757/1276 
f 1649/1759/1239 1650/1760/1239 1651/1761/1279 1652/1762/1280 
f 1652/1762/1280 1651/1761/1279 1640/1763/1272 1641/1764/1273 
f 1647/1755/1239 1649/1759/1239 1652/1762/1280 1648/1756/1278 
f 1648/1756/1278 1652/1762/1280 1641/1764/1273 1642/1758/1274 
f 1653/1765/1281 94/94/94 93/93/93 1654/1766/1282 
f 1654/1766/1282 93/93/93 88/88/88 1655/1767/1283 
f 1656/1768/1284 1653/1765/1281 1654/1766/1282 1657/1769/1285 
f 1657/1769/1285 1654/1766/1282 1655/1767/1283 1658/1770/1286 
f 1659/1771/1287 86/86/86 74/74/74 1637/1745/1269 
f 1660/1772/1288 1659/1771/1287 1637/1745/1269 1640/1748/1272 
f 1655/1767/1283 88/88/88 86/86/86 1659/1771/1287 
f 1658/1770/1286 1655/1767/1283 1659/1771/1287 1660/1772/1288 
f 1650/1760/1239 1661/1773/1239 1662/1774/1289 1651/1761/1279 
f 1661/1773/1239 1663/1775/1239 1664/1776/1290 1662/1774/1289 
f 1651/1761/1279 1662/1774/1289 1660/1777/1288 1640/1763/1272 
f 1662/1774/1289 1664/1776/1290 1658/1778/1286 1660/1777/1288 
f 1665/1779/1239 1666/1780/1239 1667/1781/1291 1668/1782/1292 
f 1668/1782/1292 1667/1781/1291 1656/1783/1284 1657/1784/1285 
f 1663/1775/1239 1665/1779/1239 1668/1782/1292 1664/1776/1290 
f 1664/1776/1290 1668/1782/1292 1657/1784/1285 1658/1778/1286 
f 1669/1785/1293 114/114/114 113/113/113 1670/1786/1294 
f 1670/1786/1294 113/113/113 108/108/108 1671/1787/1295 
f 1672/1788/1296 1669/1785/1293 1670/1786/1294 1673/1789/1297 
f 1673/1789/1297 1670/1786/1294 1671/1787/1295 1674/1790/1298 
f 1675/1791/1299 106/106/106 94/94/94 1653/1765/1281 
f 1676/1792/1300 1675/1791/1299 1653/1765/1281 1656/1768/1284 
f 1671/1787/1295 108/108/108 106/106/106 1675/1791/1299 
f 1674/1790/1298 1671/1787/1295 1675/1791/1299 1676/1792/1300 
f 1666/1780/1239 1677/1793/1239 1678/1794/1301 1667/1781/1291 
f 1677/1793/1239 1679/1795/1239 1680/1796/1302 1678/1794/1301 
f 1667/1781/1291 1678/1794/1301 1676/1797/1300 1656/1783/1284 
f 1678/1794/1301 1680/1796/1302 1674/1798/1298 1676/1797/1300 
f 1681/1799/1239 1682/1800/1239 1683/1801/1303 1684/1802/1304 
f 1684/1802/1304 1683/1801/1303 1672/1803/1296 1673/1804/1297 
f 1679/1795/1239 1681/1799/1239 1684/1802/1304 1680/1796/1302 
f 1680/1796/1302 1684/1802/1304 1673/1804/1297 1674/1798/1298 
f 1685/1805/1305 134/134/134 133/133/133 1686/1806/1306 
f 1686/1806/1306 133/133/133 128/128/128 1687/1807/1307 
f 1688/1808/1308 1685/1805/1305 1686/1806/1306 1689/1809/1309 
f 1689/1809/1309 1686/1806/1306 1687/1807/1307 1690/1810/1310 
f 1691/1811/1311 126/126/126 114/114/114 1669/1785/1293 
f 1692/1812/1312 1691/1811/1311 1669/1785/1293 1672/1788/1296 
f 1687/1807/1307 128/128/128 126/126/126 1691/1811/1311 
f 1690/1810/1310 1687/1807/1307 1691/1811/1311 1692/1812/1312 
f 1682/1800/1239 1693/1813/1239 1694/1814/1313 1683/1801/1303 
f 1693/1813/1239 1695/1815/1239 1696/1816/1314 1694/1814/1313 
f 1683/1801/1303 1694/1814/1313 1692/1817/1312 1672/1803/1296 
f 1694/1814/1313 1696/1816/1314 1690/1818/1310 1692/1817/1312 
f 1697/1819/1239 1698/1820/1239 1699/1821/1315 1700/1822/1316 
f 1700/1822/1316 1699/1821/1315 1688/1823/1308 1689/1824/1309 
f 1695/1815/1239 1697/1819/1239 1700/1822/1316 1696/1816/1314 
f 1696/1816/1314 1700/1822/1316 1689/1824/1309 1690/1818/1310 
f 1701/1825/1317 154/154/154 153/153/153 1702/1826/1318 
f 1702/1826/1318 153/153/153 148/148/148 1703/1827/1319 
f 1704/1828/1320 1701/1825/1317 1702/1826/1318 1705/1829/1321 
f 1705/1829/1321 1702/1826/1318 1703/1827/1319 1706/1830/1322 
f 1707/1831/1323 146/146/146 134/134/134 1685/1805/1305 
f 1708/1832/1324 1707/1831/1323 1685/1805/1305 1688/1808/1308 
f 1703/1827/1319 148/148/148 146/146/146 1707/1831/1323 
f 1706/1830/1322 1703/1827/1319 1707/1831/1323 1708/1832/1324 
f 1698/1820/1239 1709/1833/1239 1710/1834/1325 1699/1821/1315 
f 1709/1833/1239 1711/1835/1239 1712/1836/1326 1710/1834/1325 
f 1699/1821/1315 1710/1834/1325 1708/1837/1324 1688/1823/1308 
f 1710/1834/1325 1712/1836/1326 1706/1838/1322 1708/1837/1324 
f 1713/1839/1239 1714/1840/1239 1715/1841/1327 1716/1842/1328 
f 1716/1842/1328 1715/1841/1327 1704/1843/1320 1705/1844/1321 
f 1711/1835/1239 1713/1839/1239 1716/1842/1328 1712/1836/1326 
f 1712/1836/1326 1716/1842/1328 1705/1844/1321 1706/1838/1322 
f 1717/1845/1329 174/174/174 173/173/173 1718/1846/1330 
f 1718/1846/1330 173/173/173 168/168/168 1719/1847/1331 
f 1720/1848/1332 1717/1845/1329 1718/1846/1330 1721/1849/1333 
f 1721/1849/1333 1718/1846/1330 1719/1847/1331 1722/1850/1334 
f 1723/1851/1335 166/166/166 154/154/154 1701/1825/1317 
f 1724/1852/1336 1723/1851/1335 1701/1825/1317 1704/1828/1320 
f 1719/1847/1331 168/168/168 166/166/166 1723/1851/1335 
f 1722/1850/1334 1719/1847/1331 1723/1851/1335 1724/1852/1336 
f 1714/1840/1239 1725/1853/1239 1726/1854/1337 1715/1841/1327 
f 1725/1853/1239 1727/1855/1239 1728/1856/1338 1726/1854/1337 
f 1715/1841/1327 1726/1854/1337 1724/1857/1336 1704/1843/1320 
f 1726/1854/1337 1728/1856/1338 1722/1858/1334 1724/1857/1336 
f 1729/1859/1239 1730/1860/1239 1731/1861/1339 1732/1862/1340 
f 1732/1862/1340 1731/1861/1339 1720/1863/1332 1721/1864/1333 
f 1727/1855/1239 1729/1859/1239 1732/1862/1340 1728/1856/1338 
f 1728/1856/1338 1732/1862/1340 1721/1864/1333 1722/1858/1334 
f 1733/1865/1341 194/194/194 193/193/193 1734/1866/1342 
f 1734/1866/1342 193/193/193 188/188/188 1735/1867/1343 
f 1736/1868/1344 1733/1865/1341 1734/1866/1342 1737/1869/1345 
f 1737/1869/1345 1734/1866/1342 1735/1867/1343 1738/1870/1346 
f 1739/1871/1347 186/186/186 174/174/174 1717/1845/1329 
f 1740/1872/1348 1739/1871/1347 1717/1845/1329 1720/1848/1332 
f 1735/1867/1343 188/188/188 186/186/186 1739/1871/1347 
f 1738/1870/1346 1735/1867/1343 1739/1871/1347 1740/1872/1348 
f 1730/1860/1239 1741/1873/1239 1742/1874/1349 1731/1861/1339 
f 1741/1873/1239 1743/1875/1239 1744/1876/1350 1742/1874/1349 
f 1731/1861/1339 1742/1874/1349 1740/1877/1348 1720/1863/1332 
f 1742/1874/1349 1744/1876/1350 1738/1878/1346 1740/1877/1348 
f 1745/1879/1239 1746/1880/1239 1747/1881/1351 1748/1882/1352 
f 1748/1882/1352 1747/1881/1351 1736/1883/1344 1737/1884/1345 
f 1743/1875/1239 1745/1879/1239 1748/1882/1352 1744/1876/1350 
f 1744/1876/1350 1748/1882/1352 1737/1884/1345 1738/1878/1346 
f 1749/1885/1353 214/214/214 213/213/213 1750/1886/1354 
f 1750/1886/1354 213/213/213 208/208/208 1751/1887/1355 
f 1752/1888/1356 1749/1885/1353 1750/1886/1354 1753/1889/1357 
f 1753/1889/1357 1750/1886/1354 1751/1887/1355 1754/1890/1358 
f 1755/1891/1359 206/206/206 194/194/194 1733/1865/1341 
f 1756/1892/1360 1755/1891/1359 1733/1865/1341 1736/1868/1344 
f 1751/1887/1355 208/208/208 206/206/206 1755/1891/1359 
f 1754/1890/1358 1751/1887/1355 1755/1891/1359 1756/1892/1360 
f 1746/1880/1239 1757/1893/1239 1758/1894/1361 1747/1881/1351 
f 1757/1893/1239 1759/1895/1239 1760/1896/1362 1758/1894/1361 
f 1747/1881/1351 1758/1894/1361 1756/1897/1360 1736/1883/1344 
f 1758/1894/1361 1760/1896/1362 1754/1898/1358 1756/1897/1360 
f 1761/1899/1239 1762/1900/1239 1763/1901/1363 1764/1902/1364 
f 1764/1902/1364 1763/1901/1363 1752/1903/1356 1753/1904/1357 
f 1759/1895/1239 1761/1899/1239 1764/1902/1364 1760/1896/1362 
f 1760/1896/1362 1764/1902/1364 1753/1904/1357 1754/1898/1358 
f 1765/1905/1365 234/234/234 233/233/233 1766/1906/1366 
f 1766/1906/1366 233/233/233 228/228/228 1767/1907/1367 
f 1768/1908/1368 1765/1905/1365 1766/1906/1366 1769/1909/1369 
f 1769/1909/1369 1766/1906/1366 1767/1907/1367 1770/1910/1370 
f 1771/1911/1371 226/226/226 214/214/214 1749/1885/1353 
f 1772/1912/1372 1771/1911/1371 1749/1885/1353 1752/1888/1356 
f 1767/1907/1367 228/228/228 226/226/226 1771/1911/1371 
f 1770/1910/1370 1767/1907/1367 1771/1911/1371 1772/1912/1372 
f 1762/1900/1239 1773/1913/1239 1774/1914/1373 1763/1901/1363 
f 1773/1913/1239 1775/1915/1239 1776/1916/1374 1774/1914/1373 
f 1763/1901/1363 1774/1914/1373 1772/1917/1372 1752/1903/1356 
f 1774/1914/1373 1776/1916/1374 1770/1918/1370 1772/1917/1372 
f 1777/1919/1239 1778/1920/1239 1779/1921/1375 1780/1922/1376 
f 1780/1922/1376 1779/1921/1375 1768/1923/1368 1769/1924/1369 
f 1775/1915/1239 1777/1919/1239 1780/1922/1376 1776/1916/1374 
f 1776/1916/1374 1780/1922/1376 1769/1924/1369 1770/1918/1370 
f 1781/1925/1377 254/254/254 253/253/253 1782/1926/1378 
f 1782/1926/1378 253/253/253 248/248/248 1783/1927/1379 
f 1784/1928/1380 1781/1925/1377 1782/1926/1378 1785/1929/1381 
f 1785/1929/1381 1782/1926/1378 1783/1927/1379 1786/1930/1382 
f 1787/1931/1383 246/246/246 234/234/234 1765/1905/1365 
f 1788/1932/1384 1787/1931/1383 1765/1905/1365 1768/1908/1368 
f 1783/1927/1379 248/248/248 246/246/246 1787/1931/1383 
f 1786/1930/1382 1783/1927/1379 1787/1931/1383 1788/1932/1384 
f 1778/1920/1239 1789/1933/1239 1790/1934/1385 1779/1921/1375 
f 1789/1933/1239 1791/1935/1239 1792/1936/1386 1790/1934/1385 
f 1779/1921/1375 1790/1934/1385 1788/1937/1384 1768/1923/1368 
f 1790/1934/1385 1792/1936/1386 1786/1938/1382 1788/1937/1384 
f 1793/1939/1239 1794/1940/1239 1795/1941/1387 1796/1942/1388 
f 1796/1942/1388 1795/1941/1387 1784/1943/1380 1785/1944/1381 
f 1791/1935/1239 1793/1939/1239 1796/1942/1388 1792/1936/1386 
f 1792/1936/1386 1796/1942/1388 1785/1944/1381 1786/1938/1382 
f 1797/1945/1389 274/274/274 273/273/273 1798/1946/1390 
f 1798/1946/1390 273/273/273 268/268/268 1799/1947/1391 
f 1800/1948/1392 1797/1945/1389 1798/1946/1390 1801/1949/1393 
f 1801/1949/1393 1798/1946/1390 1799/1947/1391 1802/1950/1394 
f 1803/1951/1395 266/266/266 254/254/254 1781/1925/1377 
f 1804/1952/1396 1803/1951/1395 1781/1925/1377 1784/1928/1380 
f 1799/1947/1391 268/268/268 266/266/266 1803/1951/1395 
f 1802/1950/1394 1799/1947/1391 1803/1951/1395 1804/1952/1396 
f 1794/1940/1239 1805/1953/1239 1806/1954/1397 1795/1941/1387 
f 1805/1953/1239 1807/1955/1239 1808/1956/1398 1806/1954/1397 
f 1795/1941/1387 1806/1954/1397 1804/1957/1396 1784/1943/1380 
f 1806/1954/1397 1808/1956/1398 1802/1958/1394 1804/1957/1396 
f 1809/1959/1239 1810/1960/1239 1811/1961/1399 1812/1962/1400 
f 1812/1962/1400 1811/1961/1399 1800/1963/1392 1801/1964/1393 
f 1807/1955/1239 1809/1959/1239 1812/1962/1400 1808/1956/1398 
f 1808/1956/1398 1812/1962/1400 1801/1964/1393 1802/1958/1394 
f 1813/1965/1401 294/294/294 293/293/293 1814/1966/1402 
f 1814/1966/1402 293/293/293 288/288/288 1815/1967/1403 
f 1816/1968/1404 1813/1965/1401 1814/1966/1402 1817/1969/1405 
f 1817/1969/1405 1814/1966/1402 1815/1967/1403 1818/1970/1406 
f 1819/1971/1407 286/286/286 274/274/274 1797/1945/1389 
f 1820/1972/1408 1819/1971/1407 1797/1945/1389 1800/1948/1392 
f 1815/1967/1403 288/288/288 286/286/286 1819/1971/1407 
f 1818/1970/1406 1815/1967/1403 1819/1971/1407 1820/1972/1408 
f 1810/1960/1239 1821/1973/1239 1822/1974/1409 1811/1961/1399 
f 1821/1973/1239 1823/1975/1239 1824/1976/1410 1822/1974/1409 
f 1811/1961/1399 1822/1974/1409 1820/1977/1408 1800/1963/1392 
f 1822/1974/1409 1824/1976/1410 1818/1978/1406 1820/1977/1408 
f 1825/1979/1239 1826/1980/1239 1827/1981/1411 1828/1982/1412 
f 1828/1982/1412 1827/1981/1411 1816/1983/1404 1817/1984/1405 
f 1823/1975/1239 1825/1979/1239 1828/1982/1412 1824/1976/1410 
f 1824/1976/1410 1828/1982/1412 1817/1984/1405 1818/1978/1406 
f 1829/1985/1413 314/317/314 313/316/313 1830/1986/1414 
f 1830/1986/1414 313/316/313 308/310/308 1831/1987/1415 
f 1832/1988/1416 1829/1985/1413 1830/1986/1414 1833/1989/1417 
f 1833/1989/1417 1830/1986/1414 1831/1987/1415 1834/1990/1418 
f 1835/1991/1419 306/308/306 294/307/294 1813/1992/1401 
f 1836/1993/1420 1835/1991/1419 1813/1992/1401 1816/1994/1404 
f 1831/1987/1415 308/310/308 306/308/306 1835/1991/1419 
f 1834/1990/1418 1831/1987/1415 1835/1991/1419 1836/1993/1420 
f 1826/1980/1239 1837/1995/1239 1838/1996/1421 1827/1981/1411 
f 1837/1995/1239 1839/1997/1239 1840/1998/1422 1838/1996/1421 
f 1827/1981/1411 1838/1996/1421 1836/1999/1420 1816/1983/1404 
f 1838/1996/1421 1840/1998/1422 1834/2000/1418 1836/1999/1420 
f 1841/2001/1239 1842/2002/1239 1843/2003/1423 1844/2004/1424 
f 1844/2004/1424 1843/2003/1423 1832/2005/1416 1833/2006/1417 
f 1839/1997/1239 1841/2001/1239 1844/2004/1424 1840/1998/1422 
f 1840/1998/1422 1844/2004/1424 1833/2006/1417 1834/2000/1418 
f 1845/2007/1425 334/339/334 333/338/333 1846/2008/1426 
f 1846/2008/1426 333/338/333 328/333/328 1847/2009/1427 
f 1848/2010/1428 1845/2007/1425 1846/2008/1426 1849/2011/1429 
f 1849/2011/1429 1846/2008/1426 1847/2009/1427 1850/2012/1430 
f 1851/2013/1431 326/331/326 314/317/314 1829/1985/1413 
f 1852/2014/1432 1851/2013/1431 1829/1985/1413 1832/1988/1416 
f 1847/2009/1427 328/333/328 326/331/326 1851/2013/1431 
f 1850/2012/1430 1847/2009/1427 1851/2013/1431 1852/2014/1432 
f 1842/2002/1239 1853/2015/1239 1854/2016/1433 1843/2003/1423 
f 1853/2015/1239 1855/2017/1239 1856/2018/1434 1854/2016/1433 
f 1843/2003/1423 1854/2016/1433 1852/2019/1432 1832/2005/1416 
f 1854/2016/1433 1856/2018/1434 1850/2020/1430 1852/2019/1432 
f 1857/2021/1239 1858/2022/1239 1859/2023/1435 1860/2024/1436 
f 1860/2024/1436 1859/2023/1435 1848/2025/1428 1849/2026/1429 
f 1855/2017/1239 1857/2021/1239 1860/2024/1436 1856/2018/1434 
f 1856/2018/1434 1860/2024/1436 1849/2026/1429 1850/2020/1430 
f 1592/1687/1236 2/2/2 353/358/353 1861/2027/1437 
f 1861/2027/1437 353/358/353 348/353/348 1862/2028/1438 
f 1594/1689/1238 1592/1687/1236 1861/2027/1437 1863/2029/1439 
f 1863/2029/1439 1861/2027/1437 1862/2028/1438 1864/2030/1440 
f 1865/2031/1441 346/351/346 334/339/334 1845/2007/1425 
f 1866/2032/1442 1865/2031/1441 1845/2007/1425 1848/2010/1428 
f 1862/2028/1438 348/353/348 346/351/346 1865/2031/1441 
f 1864/2030/1440 1862/2028/1438 1865/2031/1441 1866/2032/1442 
f 1858/2022/1239 1867/2033/1239 1868/2034/1443 1859/2023/1435 
f 1867/2033/1239 1869/2035/1239 1870/2036/1444 1868/2034/1443 
f 1859/2023/1435 1868/2034/1443 1866/2037/1442 1848/2025/1428 
f 1868/2034/1443 1870/2036/1444 1864/2038/1440 1866/2037/1442 
f 1871/2039/1239 1595/1690/1239 1598/1693/1241 1872/2040/1445 
f 1872/2040/1445 1598/1693/1241 1594/1697/1238 1863/2041/1439 
f 1869/2035/1239 1871/2039/1239 1872/2040/1445 1870/2036/1444 
f 1870/2036/1444 1872/2040/1445 1863/2041/1439 1864/2038/1440 
f 1602/1700/1239 1601/1699/1239 1873/2042/1239 1874/2043/1239 
f 1601/1699/1239 1599/1694/1239 1875/2044/1239 1873/2042/1239 
f 1874/2043/1239 1873/2042/1239 1876/2045/1239 1877/2046/1239 
f 1873/2042/1239 1875/2044/1239 1878/2047/1239 1876/2045/1239 
f 1596/1691/1239 1595/1690/1239 1879/2048/1239 1880/2049/1239 
f 1880/2049/1239 1879/2048/1239 1881/2050/1239 1882/2051/1239 
f 1599/1694/1239 1596/1691/1239 1880/2049/1239 1875/2044/1239 
f 1875/2044/1239 1880/2049/1239 1882/2051/1239 1878/2047/1239 
f 1883/2052/1239 1884/2053/1239 1885/2054/1239 1886/2055/1239 
f 1883/2052/1239 1877/2046/1239 1876/2045/1239 1884/2053/1239 
f 1885/2054/1239 1884/2053/1239 1882/2051/1239 1881/2050/1239 
f 1884/2053/1239 1876/2045/1239 1878/2047/1239 1882/2051/1239 
f 1618/1720/1239 1617/1719/1239 1887/2056/1239 1888/2057/1239 
f 1617/1719/1239 1615/1715/1239 1889/2058/1239 1887/2056/1239 
f 1888/2057/1239 1887/2056/1239 1890/2059/1239 1891/2060/1239 
f 1887/2056/1239 1889/2058/1239 1892/2061/1239 1890/2059/1239 
f 1613/1713/1239 1602/1700/1239 1874/2043/1239 1893/2062/1239 
f 1893/2062/1239 1874/2043/1239 1877/2046/1239 1894/2063/1239 
f 1615/1715/1239 1613/1713/1239 1893/2062/1239 1889/2058/1239 
f 1889/2058/1239 1893/2062/1239 1894/2063/1239 1892/2061/1239 
f 1895/2064/1239 1896/2065/1239 1883/2052/1239 1886/2055/1239 
f 1895/2064/1239 1891/2060/1239 1890/2059/1239 1896/2065/1239 
f 1883/2052/1239 1896/2065/1239 1894/2063/1239 1877/2046/1239 
f 1896/2065/1239 1890/2059/1239 1892/2061/1239 1894/2063/1239 
f 1634/1740/1239 1633/1739/1239 1897/2066/1239 1898/2067/1239 
f 1633/1739/1239 1631/1735/1239 1899/2068/1239 1897/2066/1239 
f 1898/2067/1239 1897/2066/1239 1900/2069/1239 1901/2070/1239 
f 1897/2066/1239 1899/2068/1239 1902/2071/1239 1900/2069/1239 
f 1629/1733/1239 1618/1720/1239 1888/2057/1239 1903/2072/1239 
f 1903/2072/1239 1888/2057/1239 1891/2060/1239 1904/2073/1239 
f 1631/1735/1239 1629/1733/1239 1903/2072/1239 1899/2068/1239 
f 1899/2068/1239 1903/2072/1239 1904/2073/1239 1902/2071/1239 
f 1905/2074/1239 1906/2075/1239 1895/2064/1239 1886/2055/1239 
f 1905/2074/1239 1901/2070/1239 1900/2069/1239 1906/2075/1239 
f 1895/2064/1239 1906/2075/1239 1904/2073/1239 1891/2060/1239 
f 1906/2075/1239 1900/2069/1239 1902/2071/1239 1904/2073/1239 
f 1650/1760/1239 1649/1759/1239 1907/2076/1239 1908/2077/1239 
f 1649/1759/1239 1647/1755/1239 1909/2078/1239 1907/2076/1239 
f 1908/2077/1239 1907/2076/1239 1910/2079/1239 1911/2080/1239 
f 1907/2076/1239 1909/2078/1239 1912/2081/1239 1910/2079/1239 
f 1645/1753/1239 1634/1740/1239 1898/2067/1239 1913/2082/1239 
f 1913/2082/1239 1898/2067/1239 1901/2070/1239 1914/2083/1239 
f 1647/1755/1239 1645/1753/1239 1913/2082/1239 1909/2078/1239 
f 1909/2078/1239 1913/2082/1239 1914/2083/1239 1912/2081/1239 
f 1915/2084/1239 1916/2085/1239 1905/2074/1239 1886/2055/1239 
f 1915/2084/1239 1911/2080/1239 1910/2079/1239 1916/2085/1239 
f 1905/2074/1239 1916/2085/1239 1914/2083/1239 1901/2070/1239 
f 1916/2085/1239 1910/2079/1239 1912/2081/1239 1914/2083/1239 
f 1666/1780/1239 1665/1779/1239 1917/2086/1239 1918/2087/1239 
f 1665/1779/1239 1663/1775/1239 1919/2088/1239 1917/2086/1239 
f 1918/2087/1239 1917/2086/1239 1920/2089/1239 1921/2090/1239 
f 1917/2086/1239 1919/2088/1239 1922/2091/1239 1920/2089/1239 
f 1661/1773/1239 1650/1760/1239 1908/2077/1239 1923/2092/1239 
f 1923/2092/1239 1908/2077/1239 1911/2080/1239 1924/2093/1239 
f 1663/1775/1239 1661/1773/1239 1923/2092/1239 1919/2088/1239 
f 1919/2088/1239 1923/2092/1239 1924/2093/1239 1922/2091/1239 
f 1925/2094/1239 1926/2095/1239 1915/2084/1239 1886/2055/1239 
f 1925/2094/1239 1921/2090/1239 1920/2089/1239 1926/2095/1239 
f 1915/2084/1239 1926/2095/1239 1924/2093/1239 1911/2080/1239 
f 1926/2095/1239 1920/2089/1239 1922/2091/1239 1924/2093/1239 
f 1682/1800/1239 1681/1799/1239 1927/2096/1239 1928/2097/1239 
f 1681/1799/1239 1679/1795/1239 1929/2098/1239 1927/2096/1239 
f 1928/2097/1239 1927/2096/1239 1930/2099/1239 1931/2100/1239 
f 1927/2096/1239 1929/2098/1239 1932/2101/1239 1930/2099/1239 
f 1677/1793/1239 1666/1780/1239 1918/2087/1239 1933/2102/1239 
f 1933/2102/1239 1918/2087/1239 1921/2090/1239 1934/2103/1239 
f 1679/1795/1239 1677/1793/1239 1933/2102/1239 1929/2098/1239 
f 1929/2098/1239 1933/2102/1239 1934/2103/1239 1932/2101/1239 
f 1935/2104/1239 1936/2105/1239 1925/2094/1239 1886/2055/1239 
f 1935/2104/1239 1931/2100/1239 1930/2099/1239 1936/2105/1239 
f 1925/2094/1239 1936/2105/1239 1934/2103/1239 1921/2090/1239 
f 1936/2105/1239 1930/2099/1239 1932/2101/1239 1934/2103/1239 
f 1698/1820/1239 1697/1819/1239 1937/2106/1239 1938/2107/1239 
f 1697/1819/1239 1695/1815/1239 1939/2108/1239 1937/2106/1239 
f 1938/2107/1239 1937/2106/1239 1940/2109/1239 1941/2110/1239 
f 1937/2106/1239 1939/2108/1239 1942/2111/1239 1940/2109/1239 
f 1693/1813/1239 1682/1800/1239 1928/2097/1239 1943/2112/1239 
f 1943/2112/1239 1928/2097/1239 1931/2100/1239 1944/2113/1239 
f 1695/1815/1239 1693/1813/1239 1943/2112/1239 1939/2108/1239 
f 1939/2108/1239 1943/2112/1239 1944/2113/1239 1942/2111/1239 
f 1945/2114/1239 1946/2115/1239 1935/2104/1239 1886/2055/1239 
f 1945/2114/1239 1941/2110/1239 1940/2109/1239 1946/2115/1239 
f 1935/2104/1239 1946/2115/1239 1944/2113/1239 1931/2100/1239 
f 1946/2115/1239 1940/2109/1239 1942/2111/1239 1944/2113/1239 
f 1714/1840/1239 1713/1839/1239 1947/2116/1239 1948/2117/1239 
f 1713/1839/1239 1711/1835/1239 1949/2118/1239 1947/2116/1239 
f 1948/2117/1239 1947/2116/1239 1950/2119/1239 1951/2120/1239 
f 1947/2116/1239 1949/2118/1239 1952/2121/1239 1950/2119/1239 
f 1709/1833/1239 1698/1820/1239 1938/2107/1239 1953/2122/1239 
f 1953/2122/1239 1938/2107/1239 1941/2110/1239 1954/2123/1239 
f 1711/1835/1239 1709/1833/1239 1953/2122/1239 1949/2118/1239 
f 1949/2118/1239 1953/2122/1239 1954/2123/1239 1952/2121/1239 
f 1955/2124/1239 1956/2125/1239 1945/2114/1239 1886/2055/1239 
f 1955/2124/1239 1951/2120/1239 1950/2119/1239 1956/2125/1239 
f 1945/2114/1239 1956/2125/1239 1954/2123/1239 1941/2110/1239 
f 1956/2125/1239 1950/2119/1239 1952/2121/1239 1954/2123/1239 
f 1730/1860/1239 1729/1859/1239 1957/2126/1239 1958/2127/1239 
f 1729/1859/1239 1727/1855/1239 1959/2128/1239 1957/2126/1239 
f 1958/2127/1239 1957/2126/1239 1960/2129/1239 1961/2130/1239 
f 1957/2126/1239 1959/2128/1239 1962/2131/1239 1960/2129/1239 
f 1725/1853/1239 1714/1840/1239 1948/2117/1239 1963/2132/1239 
f 1963/2132/1239 1948/2117/1239 1951/2120/1239 1964/2133/1239 
f 1727/1855/1239 1725/1853/1239 1963/2132/1239 1959/2128/1239 
f 1959/2128/1239 1963/2132/1239 1964/2133/1239 1962/2131/1239 
f 1965/2134/1239 1966/2135/1239 1955/2124/1239 1886/2055/1239 
f 1965/2134/1239 1961/2130/1239 1960/2129/1239 1966/2135/1239 
f 1955/2124/1239 1966/2135/1239 1964/2133/1239 1951/2120/1239 
f 1966/2135/1239 1960/2129/1239 1962/2131/1239 1964/2133/1239 
f 1746/1880/1239 1745/1879/1239 1967/2136/1239 1968/2137/1239 
f 1745/1879/1239 1743/1875/1239 1969/2138/1239 1967/2136/1239 
f 1968/2137/1239 1967/2136/1239 1970/2139/1239 1971/2140/1239 
f 1967/2136/1239 1969/2138/1239 1972/2141/1239 1970/2139/1239 
f 1741/1873/1239 1730/1860/1239 1958/2127/1239 1973/2142/1239 
f 1973/2142/1239 1958/2127/1239 1961/2130/1239 1974/2143/1239 
f 1743/1875/1239 1741/1873/1239 1973/2142/1239 1969/2138/1239 
f 1969/2138/1239 1973/2142/1239 1974/2143/1239 1972/2141/1239 
f 1975/2144/1239 1976/2145/1239 1965/2134/1239 1886/2055/1239 
f 1975/2144/1239 1971/2140/1239 1970/2139/1239 1976/2145/1239 
f 1965/2134/1239 1976/2145/1239 1974/2143/1239 1961/2130/1239 
f 1976/2145/1239 1970/2139/1239 1972/2141/1239 1974/2143/1239 
f 1762/1900/1239 1761/1899/1239 1977/2146/1239 1978/2147/1239 
f 1761/1899/1239 1759/1895/1239 1979/2148/1239 1977/2146/1239 
f 1978/2147/1239 1977/2146/1239 1980/2149/1239 1981/2150/1239 
f 1977/2146/1239 1979/2148/1239 1982/2151/1239 1980/2149/1239 
f 1757/1893/1239 1746/1880/1239 1968/2137/1239 1983/2152/1239 
f 1983/2152/1239 1968/2137/1239 1971/2140/1239 1984/2153/1239 
f 1759/1895/1239 1757/1893/1239 1983/2152/1239 1979/2148/1239 
f 1979/2148/1239 1983/2152/1239 1984/2153/1239 1982/2151/1239 
f 1985/2154/1239 1986/2155/1239 1975/2144/1239 1886/2055/1239 
f 1985/2154/1239 1981/2150/1239 1980/2149/1239 1986/2155/1239 
f 1975/2144/1239 1986/2155/1239 1984/2153/1239 1971/2140/1239 
f 1986/2155/1239 1980/2149/1239 1982/2151/1239 1984/2153/1239 
f 1778/1920/1239 1777/1919/1239 1987/2156/1239 1988/2157/1239 
f 1777/1919/1239 1775/1915/1239 1989/2158/1239 1987/2156/1239 
f 1988/2157/1239 1987/2156/1239 1990/2159/1239 1991/2160/1239 
f 1987/2156/1239 1989/2158/1239 1992/2161/1239 1990/2159/1239 
f 1773/1913/1239 1762/1900/1239 1978/2147/1239 1993/2162/1239 
f 1993/2162/1239 1978/2147/1239 1981/2150/1239 1994/2163/1239 
f 1775/1915/1239 1773/1913/1239 1993/2162/1239 1989/2158/1239 
f 1989/2158/1239 1993/2162/1239 1994/2163/1239 1992/2161/1239 
f 1995/2164/1239 1996/2165/1239 1985/2154/1239 1886/2055/1239 
f 1995/2164/1239 1991/2160/1239 1990/2159/1239 1996/2165/1239 
f 1985/2154/1239 1996/2165/1239 1994/2163/1239 1981/2150/1239 
f 1996/2165/1239 1990/2159/1239 1992/2161/1239 1994/2163/1239 
f 1794/1940/1239 1793/1939/1239 1997/2166/1239 1998/2167/1239 
f 1793/1939/1239 1791/1935/1239 1999/2168/1239 1997/2166/1239 
f 1998/2167/1239 1997/2166/1239 2000/2169/1239 2001/2170/1239 
f 1997/2166/1239 1999/2168/1239 2002/2171/1239 2000/2169/1239 
f 1789/1933/1239 1778/1920/1239 1988/2157/1239 2003/2172/1239 
f 2003/2172/1239 1988/2157/1239 1991/2160/1239 2004/2173/1239 
f 1791/1935/1239 1789/1933/1239 2003/2172/1239 1999/2168/1239 
f 1999/2168/1239 2003/2172/1239 2004/2173/1239 2002/2171/1239 
f 2005/2174/1239 2006/2175/1239 1995/2164/1239 1886/2055/1239 
f 2005/2174/1239 2001/2170/1239 2000/2169/1239 2006/2175/1239 
f 1995/2164/1239 2006/2175/1239 2004/2173/1239 1991/2160/1239 
f 2006/2175/1239 2000/2169/1239 2002/2171/1239 2004/2173/1239 
f 1810/1960/1239 1809/1959/1239 2007/2176/1239 2008/2177/1239 
f 1809/1959/1239 1807/1955/1239 2009/2178/1239 2007/2176/1239 
f 2008/2177/1239 2007/2176/1239 2010/2179/1239 2011/2180/1239 
f 2007/2176/1239 2009/2178/1239 2012/2181/1239 2010/2179/1239 
f 1805/1953/1239 1794/1940/1239 1998/2167/1239 2013/2182/1239 
f 2013/2182/1239 1998/2167/1239 2001/2170/1239 2014/2183/1239 
f 1807/1955/1239 1805/1953/1239 2013/2182/1239 2009/2178/1239 
f 2009/2178/1239 2013/2182/1239 2014/2183/1239 2012/2181/1239 
f 2015/2184/1239 2016/2185/1239 2005/2174/1239 1886/2055/1239 
f 2015/2184/1239 2011/2180/1239 2010/2179/1239 2016/2185/1239 
f 2005/2174/1239 2016/2185/1239 2014/2183/1239 2001/2170/1239 
f 2016/2185/1239 2010/2179/1239 2012/2181/1239 2014/2183/1239 
f 1826/1980/1239 1825/1979/1239 2017/2186/1239 2018/2187/1239 
f 1825/1979/1239 1823/1975/1239 2019/2188/1239 2017/2186/1239 
f 2018/2187/1239 2017/2186/1239 2020/2189/1239 2021/2190/1239 
f 2017/2186/1239 2019/2188/1239 2022/2191/1239 2020/2189/1239 
f 1821/1973/1239 1810/1960/1239 2008/2177/1239 2023/2192/1239 
f 2023/2192/1239 2008/2177/1239 2011/2180/1239 2024/2193/1239 
f 1823/1975/1239 1821/1973/1239 2023/2192/1239 2019/2188/1239 
f 2019/2188/1239 2023/2192/1239 2024/2193/1239 2022/2191/1239 
f 2025/2194/1239 2026/2195/1239 2015/2184/1239 1886/2055/1239 
f 2025/2194/1239 2021/2190/1239 2020/2189/1239 2026/2195/1239 
f 2015/2184/1239 2026/2195/1239 2024/2193/1239 2011/2180/1239 
f 2026/2195/1239 2020/2189/1239 2022/2191/1239 2024/2193/1239 
f 1842/2002/1239 1841/2001/1239 2027/2196/1239 2028/2197/1239 
f 1841/2001/1239 1839/1997/1239 2029/2198/1239 2027/2196/1239 
f 2028/2197/1239 2027/2196/1239 2030/2199/1239 2031/2200/1239 
f 2027/2196/1239 2029/2198/1239 2032/2201/1239 2030/2199/1239 
f 1837/1995/1239 1826/1980/1239 2018/2187/1239 2033/2202/1239 
f 2033/2202/1239 2018/2187/1239 2021/2190/1239 2034/2203/1239 
f 1839/1997/1239 1837/1995/1239 2033/2202/1239 2029/2198/1239 
f 2029/2198/1239 2033/2202/1239 2034/2203/1239 2032/2201/1239 
f 2035/2204/1239 2036/2205/1239 2025/2194/1239 1886/2055/1239 
f 2035/2204/1239 2031/2200/1239 2030/2199/1239 2036/2205/1239 
f 2025/2194/1239 2036/2205/1239 2034/2203/1239 2021/2190/1239 
f 2036/2205/1239 2030/2199/1239 2032/2201/1239 2034/2203/1239 
f 1858/2022/1239 1857/2021/1239 2037/2206/1239 2038/2207/1239 
f 1857/2021/1239 1855/2017/1239 2039/2208/1239 2037/2206/1239 
f 2038/2207/1239 2037/2206/1239 2040/2209/1239 2041/2210/1239 
f 2037/2206/1239 2039/2208/1239 2042/2211/1239 2040/2209/1239 
f 1853/2015/1239 1842/2002/1239 2028/2197/1239 2043/2212/1239 
f 2043/2212/1239 2028/2197/1239 2031/2200/1239 2044/2213/1239 
f 1855/2017/1239 1853/2015/1239 2043/2212/1239 2039/2208/1239 
f 2039/2208/1239 2043/2212/1239 2044/2213/1239 2042/2211/1239 
f 2045/2214/1239 2046/2215/1239 2035/2204/1239 1886/2055/1239 
f 2045/2214/1239 2041/2210/1239 2040/2209/1239 2046/2215/1239 
f 2035/2204/1239 2046/2215/1239 2044/2213/1239 2031/2200/1239 
f 2046/2215/1239 2040/2209/1239 2042/2211/1239 2044/2213/1239 
f 1595/1690/1239 1871/2039/1239 2047/2216/1239 1879/2048/1239 
f 1871/2039/1239 1869/2035/1239 2048/2217/1239 2047/2216/1239 
f 1879/2048/1239 2047/2216/1239 2049/2218/1239 1881/2050/1239 
f 2047/2216/1239 2048/2217/1239 2050/2219/1239 2049/2218/1239 
f 1867/2033/1239 1858/2022/1239 2038/2207/1239 2051/2220/1239 
f 2051/2220/1239 2038/2207/1239 2041/2210/1239 2052/2221/1239 
f 1869/2035/1239 1867/2033/1239 2051/2220/1239 2048/2217/1239 
f 2048/2217/1239 2051/2220/1239 2052/2221/1239 2050/2219/1239 
f 1885/2054/1239 2053/2222/1239 2045/2214/1239 1886/2055/1239 
f 1885/2054/1239 1881/2050/1239 2049/2218/1239 2053/2222/1239 
f 2045/2214/1239 2053/2222/1239 2052/2221/1239 2041/2210/1239 
f 2053/2222/1239 2049/2218/1239 2050/2219/1239 2052/2221/1239 
f 2054/2223/1446 2055/2224/1447 2056/2225/1448 2057/2226/1449 
f 2057/2226/1449 2056/2225/1448 2058/2227/1450 2059/2228/1451 
f 2060/2229/1452 2054/2223/1446 2057/2226/1449 2061/2230/1453 
f 2061/2230/1453 2057/2226/1449 2059/2228/1451 2062/2231/1454 
f 2063/2232/1455 2064/2233/1456 2065/2234/1457 2066/2235/1458 
f 2067/2236/1459 2063/2232/1455 2066/2235/1458 2068/2237/1460 
f 2059/2228/1451 2058/2227/1450 2064/2233/1456 2063/2232/1455 
f 2062/2231/1454 2059/2228/1451 2063/2232/1455 2067/2236/1459 
f 2069/2238/1461 2070/2239/1462 2071/2240/1462 2072/2241/1463 
f 2072/2241/1463 2071/2240/1462 2073/2242/1462 2074/2243/1464 
f 2068/2237/1460 2069/2238/1461 2072/2241/1463 2067/2236/1459 
f 2067/2236/1459 2072/2241/1463 2074/2243/1464 2062/2231/1454 
f 2075/2244/1465 2076/2245/1466 2077/2246/1462 2078/2247/1462 
f 2060/2229/1452 2061/2230/1453 2076/2245/1466 2075/2244/1465 
f 2076/2245/1466 2074/2243/1464 2073/2242/1462 2077/2246/1462 
f 2061/2230/1453 2062/2231/1454 2074/2243/1464 2076/2245/1466 
f 2066/2235/1458 2065/2234/1457 2079/2248/1467 2080/2249/1468 
f 2080/2249/1468 2079/2248/1467 2081/2250/1469 2082/2251/1470 
f 2068/2237/1460 2066/2235/1458 2080/2249/1468 2083/2252/1471 
f 2083/2252/1471 2080/2249/1468 2082/2251/1470 2084/2253/1472 
f 2085/2254/1473 2086/2255/1474 2087/2256/1475 2088/2257/1476 
f 2089/2258/1477 2085/2254/1473 2088/2257/1476 2090/2259/1478 
f 2082/2251/1470 2081/2250/1469 2086/2255/1474 2085/2254/1473 
f 2084/2253/1472 2082/2251/1470 2085/2254/1473 2089/2258/1477 
f 2091/2260/1479 2092/2261/1462 2093/2262/1462 2094/2263/1480 
f 2094/2263/1480 2093/2262/1462 2095/2264/1462 2096/2265/1481 
f 2090/2259/1478 2091/2260/1479 2094/2263/1480 2089/2258/1477 
f 2089/2258/1477 2094/2263/1480 2096/2265/1481 2084/2253/1472 
f 2069/2238/1461 2097/2266/1482 2098/2267/1462 2070/2239/1462 
f 2068/2237/1460 2083/2252/1471 2097/2266/1482 2069/2238/1461 
f 2097/2266/1482 2096/2265/1481 2095/2264/1462 2098/2267/1462 
f 2083/2252/1471 2084/2253/1472 2096/2265/1481 2097/2266/1482 
f 2088/2257/1476 2087/2256/1475 2099/2268/1483 2100/2269/1484 
f 2100/2269/1484 2099/2268/1483 2101/2270/1485 2102/2271/1486 
f 2090/2259/1478 2088/2257/1476 2100/2269/1484 2103/2272/1487 
f 2103/2272/1487 2100/2269/1484 2102/2271/1486 2104/2273/1488 
f 2105/2274/1489 2106/2275/1490 2107/2276/1491 2108/2277/1492 
f 2109/2278/1493 2105/2274/1489 2108/2277/1492 2110/2279/1494 
f 2102/2271/1486 2101/2270/1485 2106/2275/1490 2105/2274/1489 
f 2104/2273/1488 2102/2271/1486 2105/2274/1489 2109/2278/1493 
f 2111/2280/1495 2112/2281/1462 2113/2282/1462 2114/2283/1496 
f 2114/2283/1496 2113/2282/1462 2115/2284/1462 2116/2285/1497 
f 2110/2279/1494 2111/2280/1495 2114/2283/1496 2109/2278/1493 
f 2109/2278/1493 2114/2283/1496 2116/2285/1497 2104/2273/1488 
f 2091/2260/1479 2117/2286/1498 2118/2287/1462 2092/2261/1462 
f 2090/2259/1478 2103/2272/1487 2117/2286/1498 2091/2260/1479 
f 2117/2286/1498 2116/2285/1497 2115/2284/1462 2118/2287/1462 
f 2103/2272/1487 2104/2273/1488 2116/2285/1497 2117/2286/1498 
f 2108/2277/1492 2107/2276/1491 2119/2288/1499 2120/2289/1500 
f 2120/2289/1500 2119/2288/1499 2121/2290/1501 2122/2291/1502 
f 2110/2279/1494 2108/2277/1492 2120/2289/1500 2123/2292/1503 
f 2123/2292/1503 2120/2289/1500 2122/2291/1502 2124/2293/1504 
f 2125/2294/1505 2126/2295/1506 2127/2296/1507 2128/2297/1508 
f 2129/2298/1509 2126/2295/1506 2125/2294/1505 2130/2299/1510 
f 2122/2291/1502 2121/2290/1501 2127/2296/1507 2126/2295/1506 
f 2124/2293/1504 2122/2291/1502 2126/2295/1506 2129/2298/1509 
f 2131/2300/1511 2132/2301/1462 2133/2302/1462 2134/2303/1512 
f 2134/2303/1512 2133/2302/1462 2135/2304/1462 2136/2305/1513 
f 2130/2299/1510 2131/2300/1511 2134/2303/1512 2129/2298/1509 
f 2129/2298/1509 2134/2303/1512 2136/2305/1513 2124/2293/1504 
f 2111/2280/1495 2137/2306/1514 2138/2307/1462 2112/2281/1462 
f 2110/2279/1494 2123/2292/1503 2137/2306/1514 2111/2280/1495 
f 2137/2306/1514 2136/2305/1513 2135/2304/1462 2138/2307/1462 
f 2123/2292/1503 2124/2293/1504 2136/2305/1513 2137/2306/1514 
f 2125/2294/1505 2128/2297/1508 2139/2308/1515 2140/2309/1516 
f 2140/2309/1516 2139/2308/1515 2141/2310/1517 2142/2311/1518 
f 2130/2299/1510 2125/2294/1505 2140/2309/1516 2143/2312/1519 
f 2143/2312/1519 2140/2309/1516 2142/2311/1518 2144/2313/1520 
f 2145/2314/1521 2146/2315/1522 2147/2316/1523 2148/2317/1524 
f 2149/2318/1525 2145/2314/1521 2148/2317/1524 2150/2319/1526 
f 2142/2311/1518 2141/2310/1517 2146/2315/1522 2145/2314/1521 
f 2144/2313/1520 2142/2311/1518 2145/2314/1521 2149/2318/1525 
f 2151/2320/1527 2152/2321/1462 2153/2322/1462 2154/2323/1528 
f 2154/2323/1528 2153/2322/1462 2155/2324/1462 2156/2325/1529 
f 2150/2319/1526 2151/2320/1527 2154/2323/1528 2149/2318/1525 
f 2149/2318/1525 2154/2323/1528 2156/2325/1529 2144/2313/1520 
f 2131/2300/1511 2157/2326/1530 2158/2327/1462 2132/2301/1462 
f 2130/2299/1510 2143/2312/1519 2157/2326/1530 2131/2300/1511 
f 2157/2326/1530 2156/2325/1529 2155/2324/1462 2158/2327/1462 
f 2143/2312/1519 2144/2313/1520 2156/2325/1529 2157/2326/1530 
f 2148/2317/1524 2147/2316/1523 2159/2328/1531 2160/2329/1532 
f 2160/2329/1532 2159/2328/1531 2161/2330/1533 2162/2331/1534 
f 2150/2319/1526 2148/2317/1524 2160/2329/1532 2163/2332/1535 
f 2163/2332/1535 2160/2329/1532 2162/2331/1534 2164/2333/1536 
f 2165/2334/1537 2166/2335/1538 2167/2336/1539 2168/2337/1540 
f 2169/2338/1541 2165/2334/1537 2168/2337/1540 2170/2339/1542 
f 2162/2331/1534 2161/2330/1533 2166/2335/1538 2165/2334/1537 
f 2164/2333/1536 2162/2331/1534 2165/2334/1537 2169/2338/1541 
f 2171/2340/1543 2172/2341/1462 2173/2342/1462 2174/2343/1544 
f 2174/2343/1544 2173/2342/1462 2175/2344/1462 2176/2345/1545 
f 2170/2339/1542 2171/2340/1543 2174/2343/1544 2169/2338/1541 
f 2169/2338/1541 2174/2343/1544 2176/2345/1545 2164/2333/1536 
f 2151/2320/1527 2177/2346/1546 2178/2347/1462 2152/2321/1462 
f 2150/2319/1526 2163/2332/1535 2177/2346/1546 2151/2320/1527 
f 2177/2346/1546 2176/2345/1545 2175/2344/1462 2178/2347/1462 
f 2163/2332/1535 2164/2333/1536 2176/2345/1545 2177/2346/1546 
f 2168/2337/1540 2167/2336/1539 2179/2348/1547 2180/2349/1548 
f 2180/2349/1548 2179/2348/1547 2181/2350/1549 2182/2351/1550 
f 2170/2339/1542 2168/2337/1540 2180/2349/1548 2183/2352/1551 
f 2183/2352/1551 2180/2349/1548 2182/2351/1550 2184/2353/1552 
f 2185/2354/1553 2186/2355/1554 2187/2356/1555 2188/2357/1556 
f 2189/2358/1557 2185/2354/1553 2188/2357/1556 2190/2359/1558 
f 2182/2351/1550 2181/2350/1549 2186/2355/1554 2185/2354/1553 
f 2184/2353/1552 2182/2351/1550 2185/2354/1553 2189/2358/1557 
f 2191/2360/1559 2192/2361/1462 2193/2362/1462 2194/2363/1560 
f 2194/2363/1560 2193/2362/1462 2195/2364/1462 2196/2365/1561 
f 2190/2359/1558 2191/2360/1559 2194/2363/1560 2189/2358/1557 
f 2189/2358/1557 2194/2363/1560 2196/2365/1561 2184/2353/1552 
f 2171/2340/1543 2197/2366/1562 2198/2367/1462 2172/2341/1462 
f 2170/2339/1542 2183/2352/1551 2197/2366/1562 2171/2340/1543 
f 2197/2366/1562 2196/2365/1561 2195/2364/1462 2198/2367/1462 
f 2183/2352/1551 2184/2353/1552 2196/2365/1561 2197/2366/1562 
f 2188/2357/1556 2187/2356/1555 2199/2368/1563 2200/2369/1564 
f 2200/2369/1564 2199/2368/1563 2201/2370/1565 2202/2371/1566 
f 2190/2359/1558 2188/2357/1556 2200/2369/1564 2203/2372/1567 
f 2203/2372/1567 2200/2369/1564 2202/2371/1566 2204/2373/1568 
f 2205/2374/1569 2206/2375/1570 2207/2376/1571 2208/2377/1572 
f 2209/2378/1573 2205/2374/1569 2208/2377/1572 2210/2379/1574 
f 2202/2371/1566 2201/2370/1565 2206/2375/1570 2205/2374/1569 
f 2204/2373/1568 2202/2371/1566 2205/2374/1569 2209/2378/1573 
f 2211/2380/1575 2212/2381/1462 2213/2382/1462 2214/2383/1576 
f 2214/2383/1576 2213/2382/1462 2215/2384/1462 2216/2385/1577 
f 2210/2379/1574 2211/2380/1575 2214/2383/1576 2209/2378/1573 
f 2209/2378/1573 2214/2383/1576 2216/2385/1577 2204/2373/1568 
f 2191/2360/1559 2217/2386/1578 2218/2387/1462 2192/2361/1462 
f 2190/2359/1558 2203/2372/1567 2217/2386/1578 2191/2360/1559 
f 2217/2386/1578 2216/2385/1577 2215/2384/1462 2218/2387/1462 
f 2203/2372/1567 2204/2373/1568 2216/2385/1577 2217/2386/1578 
f 2208/2377/1572 2207/2376/1571 2219/2388/1579 2220/2389/1580 
f 2220/2389/1580 2219/2388/1579 2221/2390/1581 2222/2391/1582 
f 2210/2379/1574 2208/2377/1572 2220/2389/1580 2223/2392/1583 
f 2223/2392/1583 2220/2389/1580 2222/2391/1582 2224/2393/1584 
f 2225/2394/1585 2226/2395/1586 2227/2396/1587 2228/2397/1588 
f 2229/2398/1589 2225/2394/1585 2228/2397/1588 2230/2399/1590 
f 2222/2391/1582 2221/2390/1581 2226/2395/1586 2225/2394/1585 
f 2224/2393/1584 2222/2391/1582 2225/2394/1585 2229/2398/1589 
f 2231/2400/1591 2232/2401/1462 2233/2402/1462 2234/2403/1592 
f 2234/2403/1592 2233/2402/1462 2235/2404/1462 2236/2405/1593 
f 2230/2399/1590 2231/2400/1591 2234/2403/1592 2229/2398/1589 
f 2229/2398/1589 2234/2403/1592 2236/2405/1593 2224/2393/1584 
f 2211/2380/1575 2237/2406/1594 2238/2407/1462 2212/2381/1462 
f 2210/2379/1574 2223/2392/1583 2237/2406/1594 2211/2380/1575 
f 2237/2406/1594 2236/2405/1593 2235/2404/1462 2238/2407/1462 
f 2223/2392/1583 2224/2393/1584 2236/2405/1593 2237/2406/1594 
f 2228/2397/1588 2227/2396/1587 2239/2408/1595 2240/2409/1596 
f 2240/2409/1596 2239/2408/1595 2241/2410/1597 2242/2411/1598 
f 2230/2399/1590 2228/2397/1588 2240/2409/1596 2243/2412/1599 
f 2243/2412/1599 2240/2409/1596 2242/2411/1598 2244/2413/1600 
f 2245/2414/1601 2246/2415/1602 2247/2416/1603 2248/2417/1604 
f 2249/2418/1605 2245/2414/1601 2248/2417/1604 2250/2419/1606 
f 2242/2411/1598 2241/2410/1597 2246/2415/1602 2245/2414/1601 
f 2244/2413/1600 2242/2411/1598 2245/2414/1601 2249/2418/1605 
f 2251/2420/1607 2252/2421/1462 2253/2422/1462 2254/2423/1608 
f 2254/2423/1608 2253/2422/1462 2255/2424/1462 2256/2425/1609 
f 2250/2419/1606 2251/2420/1607 2254/2423/1608 2249/2418/1605 
f 2249/2418/1605 2254/2423/1608 2256/2425/1609 2244/2413/1600 
f 2231/2400/1591 2257/2426/1610 2258/2427/1462 2232/2401/1462 
f 2230/2399/1590 2243/2412/1599 2257/2426/1610 2231/2400/1591 
f 2257/2426/1610 2256/2425/1609 2255/2424/1462 2258/2427/1462 
f 2243/2412/1599 2244/2413/1600 2256/2425/1609 2257/2426/1610 
f 2248/2417/1604 2247/2416/1603 2259/2428/1611 2260/2429/1612 
f 2260/2429/1612 2259/2428/1611 2261/2430/1613 2262/2431/1614 
f 2250/2419/1606 2248/2417/1604 2260/2429/1612 2263/2432/1615 
f 2263/2432/1615 2260/2429/1612 2262/2431/1614 2264/2433/1616 
f 2265/2434/1617 2266/2435/1618 2267/2436/1619 2268/2437/1620 
f 2269/2438/1621 2265/2434/1617 2268/2437/1620 2270/2439/1622 
f 2262/2431/1614 2261/2430/1613 2266/2435/1618 2265/2434/1617 
f 2264/2433/1616 2262/2431/1614 2265/2434/1617 2269/2438/1621 
f 2271/2440/1623 2272/2441/1462 2273/2442/1462 2274/2443/1624 
f 2274/2443/1624 2273/2442/1462 2275/2444/1462 2276/2445/1625 
f 2270/2439/1622 2271/2440/1623 2274/2443/1624 2269/2438/1621 
f 2269/2438/1621 2274/2443/1624 2276/2445/1625 2264/2433/1616 
f 2251/2420/1607 2277/2446/1626 2278/2447/1462 2252/2421/1462 
f 2250/2419/1606 2263/2432/1615 2277/2446/1626 2251/2420/1607 
f 2277/2446/1626 2276/2445/1625 2275/2444/1462 2278/2447/1462 
f 2263/2432/1615 2264/2433/1616 2276/2445/1625 2277/2446/1626 
f 2268/2437/1620 2267/2436/1619 2279/2448/1627 2280/2449/1628 
f 2280/2449/1628 2279/2448/1627 2281/2450/1629 2282/2451/1630 
f 2270/2439/1622 2268/2437/1620 2280/2449/1628 2283/2452/1631 
f 2283/2452/1631 2280/2449/1628 2282/2451/1630 2284/2453/1632 
f 2285/2454/1633 2286/2455/1634 2287/2456/1635 2288/2457/1636 
f 2289/2458/1637 2285/2454/1633 2288/2457/1636 2290/2459/1638 
f 2282/2451/1630 2281/2450/1629 2286/2455/1634 2285/2454/1633 
f 2284/2453/1632 2282/2451/1630 2285/2454/1633 2289/2458/1637 
f 2291/2460/1639 2292/2461/1462 2293/2462/1462 2294/2463/1640 
f 2294/2463/1640 2293/2462/1462 2295/2464/1462 2296/2465/1641 
f 2290/2459/1638 2291/2460/1639 2294/2463/1640 2289/2458/1637 
f 2289/2458/1637 2294/2463/1640 2296/2465/1641 2284/2453/1632 
f 2271/2440/1623 2297/2466/1642 2298/2467/1462 2272/2441/1462 
f 2270/2439/1622 2283/2452/1631 2297/2466/1642 2271/2440/1623 
f 2297/2466/1642 2296/2465/1641 2295/2464/1462 2298/2467/1462 
f 2283/2452/1631 2284/2453/1632 2296/2465/1641 2297/2466/1642 
f 2288/2457/1636 2287/2456/1635 2299/2468/1643 2300/2469/1644 
f 2300/2469/1644 2299/2468/1643 2301/2470/1645 2302/2471/1646 
f 2290/2459/1638 2288/2457/1636 2300/2469/1644 2303/2472/1647 
f 2303/2472/1647 2300/2469/1644 2302/2471/1646 2304/2473/1648 
f 2305/2474/1649 2306/2475/1650 2307/2476/1651 2308/2477/1652 
f 2309/2478/1653 2306/2475/1650 2305/2474/1649 2310/2479/1654 
f 2302/2471/1646 2301/2470/1645 2307/2476/1651 2306/2475/1650 
f 2304/2473/1648 2302/2471/1646 2306/2475/1650 2309/2478/1653 
f 2311/2480/1655 2312/2481/1462 2313/2482/1462 2314/2483/1656 
f 2314/2483/1656 2313/2482/1462 2315/2484/1462 2316/2485/1657 
f 2310/2479/1654 2311/2480/1655 2314/2483/1656 2309/2478/1653 
f 2309/2478/1653 2314/2483/1656 2316/2485/1657 2304/2473/1648 
f 2291/2460/1639 2317/2486/1658 2318/2487/1462 2292/2461/1462 
f 2290/2459/1638 2303/2472/1647 2317/2486/1658 2291/2460/1639 
f 2317/2486/1658 2316/2485/1657 2315/2484/1462 2318/2487/1462 
f 2303/2472/1647 2304/2473/1648 2316/2485/1657 2317/2486/1658 
f 2305/2474/1649 2308/2477/1652 2319/2488/1659 2320/2489/1660 
f 2320/2489/1660 2319/2488/1659 2321/2490/1661 2322/2491/1662 
f 2310/2479/1654 2305/2474/1649 2320/2489/1660 2323/2492/1663 
f 2323/2492/1663 2320/2489/1660 2322/2491/1662 2324/2493/1664 
f 2325/2494/1665 2326/2495/1666 2327/2496/1667 2328/2497/1668 
f 2329/2498/1669 2325/2494/1665 2328/2497/1668 2330/2499/1670 
f 2322/2491/1662 2321/2490/1661 2326/2495/1666 2325/2494/1665 
f 2324/2493/1664 2322/2491/1662 2325/2494/1665 2329/2498/1669 
f 2331/2500/1671 2332/2501/1462 2333/2502/1462 2334/2503/1672 
f 2334/2503/1672 2333/2502/1462 2335/2504/1462 2336/2505/1673 
f 2330/2499/1670 2331/2500/1671 2334/2503/1672 2329/2498/1669 
f 2329/2498/1669 2334/2503/1672 2336/2505/1673 2324/2493/1664 
f 2311/2480/1655 2337/2506/1674 2338/2507/1462 2312/2481/1462 
f 2310/2479/1654 2323/2492/1663 2337/2506/1674 2311/2480/1655 
f 2337/2506/1674 2336/2505/1673 2335/2504/1462 2338/2507/1462 
f 2323/2492/1663 2324/2493/1664 2336/2505/1673 2337/2506/1674 
f 2328/2497/1668 2327/2496/1667 2339/2508/1675 2340/2509/1676 
f 2340/2509/1676 2339/2508/1675 2341/2510/1677 2342/2511/1678 
f 2330/2499/1670 2328/2497/1668 2340/2509/1676 2343/2512/1679 
f 2343/2512/1679 2340/2509/1676 2342/2511/1678 2344/2513/1680 
f 2345/2514/1681 2346/2515/1682 2347/2516/1683 2348/2517/1684 
f 2349/2518/1685 2345/2514/1681 2348/2517/1684 2350/2519/1686 
f 2342/2511/1678 2341/2510/1677 2346/2515/1682 2345/2514/1681 
f 2344/2513/1680 2342/2511/1678 2345/2514/1681 2349/2518/1685 
f 2351/2520/1687 2352/2521/1462 2353/2522/1462 2354/2523/1688 
f 2354/2523/1688 2353/2522/1462 2355/2524/1462 2356/2525/1689 
f 2350/2519/1686 2351/2520/1687 2354/2523/1688 2349/2518/1685 
f 2349/2518/1685 2354/2523/1688 2356/2525/1689 2344/2513/1680 
f 2331/2500/1671 2357/2526/1690 2358/2527/1462 2332/2501/1462 
f 2330/2499/1670 2343/2512/1679 2357/2526/1690 2331/2500/1671 
f 2357/2526/1690 2356/2525/1689 2355/2524/1462 2358/2527/1462 
f 2343/2512/1679 2344/2513/1680 2356/2525/1689 2357/2526/1690 
f 2348/2517/1684 2347/2516/1683 2359/2528/1691 2360/2529/1692 
f 2360/2529/1692 2359/2528/1691 2361/2530/1693 2362/2531/1694 
f 2350/2519/1686 2348/2517/1684 2360/2529/1692 2363/2532/1695 
f 2363/2532/1695 2360/2529/1692 2362/2531/1694 2364/2533/1696 
f 2365/2534/1697 2366/2535/1698 2367/2536/1699 2368/2537/1700 
f 2369/2538/1701 2365/2534/1697 2368/2537/1700 2370/2539/1702 
f 2362/2531/1694 2361/2530/1693 2366/2535/1698 2365/2534/1697 
f 2364/2533/1696 2362/2531/1694 2365/2534/1697 2369/2538/1701 
f 2371/2540/1703 2372/2541/1462 2373/2542/1462 2374/2543/1704 
f 2374/2543/1704 2373/2542/1462 2375/2544/1462 2376/2545/1705 
f 2370/2539/1702 2371/2540/1703 2374/2543/1704 2369/2538/1701 
f 2369/2538/1701 2374/2543/1704 2376/2545/1705 2364/2533/1696 
f 2351/2520/1687 2377/2546/1706 2378/2547/1462 2352/2521/1462 
f 2350/2519/1686 2363/2532/1695 2377/2546/1706 2351/2520/1687 
f 2377/2546/1706 2376/2545/1705 2375/2544/1462 2378/2547/1462 
f 2363/2532/1695 2364/2533/1696 2376/2545/1705 2377/2546/1706 
f 2368/2537/1700 2367/2536/1699 2379/2548/1707 2380/2549/1708 
f 2380/2549/1708 2379/2548/1707 2381/2550/1709 2382/2551/1710 
f 2370/2539/1702 2368/2537/1700 2380/2549/1708 2383/2552/1711 
f 2383/2552/1711 2380/2549/1708 2382/2551/1710 2384/2553/1712 
f 2385/2554/1713 2386/2555/1714 2387/2556/1715 2388/2557/1716 
f 2389/2558/1717 2385/2554/1713 2388/2557/1716 2390/2559/1718 
f 2382/2551/1710 2381/2550/1709 2386/2555/1714 2385/2554/1713 
f 2384/2553/1712 2382/2551/1710 2385/2554/1713 2389/2558/1717 
f 2391/2560/1719 2392/2561/1462 2393/2562/1462 2394/2563/1720 
f 2394/2563/1720 2393/2562/1462 2395/2564/1462 2396/2565/1721 
f 2390/2559/1718 2391/2560/1719 2394/2563/1720 2389/2558/1717 
f 2389/2558/1717 2394/2563/1720 2396/2565/1721 2384/2553/1712 
f 2371/2540/1703 2397/2566/1722 2398/2567/1462 2372/2541/1462 
f 2370/2539/1702 2383/2552/1711 2397/2566/1722 2371/2540/1703 
f 2397/2566/1722 2396/2565/1721 2395/2564/1462 2398/2567/1462 
f 2383/2552/1711 2384/2553/1712 2396/2565/1721 2397/2566/1722 
f 2388/2557/1716 2387/2556/1715 2399/2568/1723 2400/2569/1724 
f 2400/2569/1724 2399/2568/1723 2401/2570/1725 2402/2571/1726 
f 2390/2559/1718 2388/2557/1716 2400/2569/1724 2403/2572/1727 
f 2403/2572/1727 2400/2569/1724 2402/2571/1726 2404/2573/1728 
f 2405/2574/1729 2406/2575/1730 2055/2224/1447 2054/2223/1446 
f 2407/2576/1731 2405/2574/1729 2054/2223/1446 2060/2229/1452 
f 2402/2571/1726 2401/2570/1725 2406/2575/1730 2405/2574/1729 
f 2404/2573/1728 2402/2571/1726 2405/2574/1729 2407/2576/1731 
f 2075/2244/1465 2078/2247/1462 2408/2577/1462 2409/2578/1732 
f 2409/2578/1732 2408/2577/1462 2410/2579/1462 2411/2580/1733 
f 2060/2229/1452 2075/2244/1465 2409/2578/1732 2407/2576/1731 
f 2407/2576/1731 2409/2578/1732 2411/2580/1733 2404/2573/1728 
f 2391/2560/1719 2412/2581/1734 2413/2582/1462 2392/2561/1462 
f 2390/2559/1718 2403/2572/1727 2412/2581/1734 2391/2560/1719 
f 2412/2581/1734 2411/2580/1733 2410/2579/1462 2413/2582/1462 
f 2403/2572/1727 2404/2573/1728 2411/2580/1733 2412/2581/1734 
f 2414/2583/1462 2415/2584/1462 2078/2247/1462 2077/2246/1462 
f 2416/2585/1462 2414/2583/1462 2077/2246/1462 2073/2242/1462 
f 2417/2586/1462 2418/2587/1462 2415/2584/1462 2414/2583/1462 
f 2419/2588/1462 2417/2586/1462 2414/2583/1462 2416/2585/1462 
f 2420/2589/1462 2071/2240/1462 2070/2239/1462 2421/2590/1462 
f 2422/2591/1462 2420/2589/1462 2421/2590/1462 2423/2592/1462 
f 2416/2585/1462 2073/2242/1462 2071/2240/1462 2420/2589/1462 
f 2419/2588/1462 2416/2585/1462 2420/2589/1462 2422/2591/1462 
f 2424/2593/1462 2425/2594/1462 2426/2595/1462 2427/2596/1462 
f 2427/2596/1462 2426/2595/1462 2418/2587/1462 2417/2586/1462 
f 2423/2592/1462 2424/2593/1462 2427/2596/1462 2422/2591/1462 
f 2422/2591/1462 2427/2596/1462 2417/2586/1462 2419/2588/1462 
f 2428/2597/1462 2421/2590/1462 2070/2239/1462 2098/2267/1462 
f 2429/2598/1462 2428/2597/1462 2098/2267/1462 2095/2264/1462 
f 2430/2599/1462 2423/2592/1462 2421/2590/1462 2428/2597/1462 
f 2431/2600/1462 2430/2599/1462 2428/2597/1462 2429/2598/1462 
f 2432/2601/1462 2093/2262/1462 2092/2261/1462 2433/2602/1462 
f 2434/2603/1462 2432/2601/1462 2433/2602/1462 2435/2604/1462 
f 2429/2598/1462 2095/2264/1462 2093/2262/1462 2432/2601/1462 
f 2431/2600/1462 2429/2598/1462 2432/2601/1462 2434/2603/1462 
f 2436/2605/1462 2425/2594/1462 2424/2593/1462 2437/2606/1462 
f 2437/2606/1462 2424/2593/1462 2423/2592/1462 2430/2599/1462 
f 2435/2604/1462 2436/2605/1462 2437/2606/1462 2434/2603/1462 
f 2434/2603/1462 2437/2606/1462 2430/2599/1462 2431/2600/1462 
f 2438/2607/1462 2433/2602/1462 2092/2261/1462 2118/2287/1462 
f 2439/2608/1462 2438/2607/1462 2118/2287/1462 2115/2284/1462 
f 2440/2609/1462 2435/2604/1462 2433/2602/1462 2438/2607/1462 
f 2441/2610/1462 2440/2609/1462 2438/2607/1462 2439/2608/1462 
f 2442/2611/1462 2113/2282/1462 2112/2281/1462 2443/2612/1462 
f 2444/2613/1462 2442/2611/1462 2443/2612/1462 2445/2614/1462 
f 2439/2608/1462 2115/2284/1462 2113/2282/1462 2442/2611/1462 
f 2441/2610/1462 2439/2608/1462 2442/2611/1462 2444/2613/1462 
f 2446/2615/1462 2425/2594/1462 2436/2605/1462 2447/2616/1462 
f 2447/2616/1462 2436/2605/1462 2435/2604/1462 2440/2609/1462 
f 2445/2614/1462 2446/2615/1462 2447/2616/1462 2444/2613/1462 
f 2444/2613/1462 2447/2616/1462 2440/2609/1462 2441/2610/1462 
f 2448/2617/1462 2443/2612/1462 2112/2281/1462 2138/2307/1462 
f 2449/2618/1462 2448/2617/1462 2138/2307/1462 2135/2304/1462 
f 2450/2619/1462 2445/2614/1462 2443/2612/1462 2448/2617/1462 
f 2451/2620/1462 2450/2619/1462 2448/2617/1462 2449/2618/1462 
f 2452/2621/1462 2133/2302/1462 2132/2301/1462 2453/2622/1462 
f 2454/2623/1462 2452/2621/1462 2453/2622/1462 2455/2624/1462 
f 2449/2618/1462 2135/2304/1462 2133/2302/1462 2452/2621/1462 
f 2451/2620/1462 2449/2618/1462 2452/2621/1462 2454/2623/1462 
f 2456/2625/1462 2425/2594/1462 2446/2615/1462 2457/2626/1462 
f 2457/2626/1462 2446/2615/1462 2445/2614/1462 2450/2619/1462 
f 2455/2624/1462 2456/2625/1462 2457/2626/1462 2454/2623/1462 
f 2454/2623/1462 2457/2626/1462 2450/2619/1462 2451/2620/1462 
f 2458/2627/1462 2453/2622/1462 2132/2301/1462 2158/2327/1462 
f 2459/2628/1462 2458/2627/1462 2158/2327/1462 2155/2324/1462 
f 2460/2629/1462 2455/2624/1462 2453/2622/1462 2458/2627/1462 
f 2461/2630/1462 2460/2629/1462 2458/2627/1462 2459/2628/1462 
f 2462/2631/1462 2153/2322/1462 2152/2321/1462 2463/2632/1462 
f 2464/2633/1462 2462/2631/1462 2463/2632/1462 2465/2634/1462 
f 2459/2628/1462 2155/2324/1462 2153/2322/1462 2462/2631/1462 
f 2461/2630/1462 2459/2628/1462 2462/2631/1462 2464/2633/1462 
f 2466/2635/1462 2425/2594/1462 2456/2625/1462 2467/2636/1462 
f 2467/2636/1462 2456/2625/1462 2455/2624/1462 2460/2629/1462 
f 2465/2634/1462 2466/2635/1462 2467/2636/1462 2464/2633/1462 
f 2464/2633/1462 2467/2636/1462 2460/2629/1462 2461/2630/1462 
f 2468/2637/1462 2463/2632/1462 2152/2321/1462 2178/2347/1462 
f 2469/2638/1462 2468/2637/1462 2178/2347/1462 2175/2344/1462 
f 2470/2639/1462 2465/2634/1462 2463/2632/1462 2468/2637/1462 
f 2471/2640/1462 2470/2639/1462 2468/2637/1462 2469/2638/1462 
f 2472/2641/1462 2173/2342/1462 2172/2341/1462 2473/2642/1462 
f 2474/2643/1462 2472/2641/1462 2473/2642/1462 2475/2644/1462 
f 2469/2638/1462 2175/2344/1462 2173/2342/1462 2472/2641/1462 
f 2471/2640/1462 2469/2638/1462 2472/2641/1462 2474/2643/1462 
f 2476/2645/1462 2425/2594/1462 2466/2635/1462 2477/2646/1462 
f 2477/2646/1462 2466/2635/1462 2465/2634/1462 2470/2639/1462 
f 2475/2644/1462 2476/2645/1462 2477/2646/1462 2474/2643/1462 
f 2474/2643/1462 2477/2646/1462 2470/2639/1462 2471/2640/1462 
f 2478/2647/1462 2473/2642/1462 2172/2341/1462 2198/2367/1462 
f 2479/2648/1462 2478/2647/1462 2198/2367/1462 2195/2364/1462 
f 2480/2649/1462 2475/2644/1462 2473/2642/1462 2478/2647/1462 
f 2481/2650/1462 2480/2649/1462 2478/2647/1462 2479/2648/1462 
f 2482/2651/1462 2193/2362/1462 2192/2361/1462 2483/2652/1462 
f 2484/2653/1462 2482/2651/1462 2483/2652/1462 2485/2654/1462 
f 2479/2648/1462 2195/2364/1462 2193/2362/1462 2482/2651/1462 
f 2481/2650/1462 2479/2648/1462 2482/2651/1462 2484/2653/1462 
f 2486/2655/1462 2425/2594/1462 2476/2645/1462 2487/2656/1462 
f 2487/2656/1462 2476/2645/1462 2475/2644/1462 2480/2649/1462 
f 2485/2654/1462 2486/2655/1462 2487/2656/1462 2484/2653/1462 
f 2484/2653/1462 2487/2656/1462 2480/2649/1462 2481/2650/1462 
f 2488/2657/1462 2483/2652/1462 2192/2361/1462 2218/2387/1462 
f 2489/2658/1462 2488/2657/1462 2218/2387/1462 2215/2384/1462 
f 2490/2659/1462 2485/2654/1462 2483/2652/1462 2488/2657/1462 
f 2491/2660/1462 2490/2659/1462 2488/2657/1462 2489/2658/1462 
f 2492/2661/1462 2213/2382/1462 2212/2381/1462 2493/2662/1462 
f 2494/2663/1462 2492/2661/1462 2493/2662/1462 2495/2664/1462 
f 2489/2658/1462 2215/2384/1462 2213/2382/1462 2492/2661/1462 
f 2491/2660/1462 2489/2658/1462 2492/2661/1462 2494/2663/1462 
f 2496/2665/1462 2425/2594/1462 2486/2655/1462 2497/2666/1462 
f 2497/2666/1462 2486/2655/1462 2485/2654/1462 2490/2659/1462 
f 2495/2664/1462 2496/2665/1462 2497/2666/1462 2494/2663/1462 
f 2494/2663/1462 2497/2666/1462 2490/2659/1462 2491/2660/1462 
f 2498/2667/1462 2493/2662/1462 2212/2381/1462 2238/2407/1462 
f 2499/2668/1462 2498/2667/1462 2238/2407/1462 2235/2404/1462 
f 2500/2669/1462 2495/2664/1462 2493/2662/1462 2498/2667/1462 
f 2501/2670/1462 2500/2669/1462 2498/2667/1462 2499/2668/1462 
f 2502/2671/1462 2233/2402/1462 2232/2401/1462 2503/2672/1462 
f 2504/2673/1462 2502/2671/1462 2503/2672/1462 2505/2674/1462 
f 2499/2668/1462 2235/2404/1462 2233/2402/1462 2502/2671/1462 
f 2501/2670/1462 2499/2668/1462 2502/2671/1462 2504/2673/1462 
f 2506/2675/1462 2425/2594/1462 2496/2665/1462 2507/2676/1462 
f 2507/2676/1462 2496/2665/1462 2495/2664/1462 2500/2669/1462 
f 2505/2674/1462 2506/2675/1462 2507/2676/1462 2504/2673/1462 
f 2504/2673/1462 2507/2676/1462 2500/2669/1462 2501/2670/1462 
f 2508/2677/1462 2503/2672/1462 2232/2401/1462 2258/2427/1462 
f 2509/2678/1462 2508/2677/1462 2258/2427/1462 2255/2424/1462 
f 2510/2679/1462 2505/2674/1462 2503/2672/1462 2508/2677/1462 
f 2511/2680/1462 2510/2679/1462 2508/2677/1462 2509/2678/1462 
f 2512/2681/1462 2253/2422/1462 2252/2421/1462 2513/2682/1462 
f 2514/2683/1462 2512/2681/1462 2513/2682/1462 2515/2684/1462 
f 2509/2678/1462 2255/2424/1462 2253/2422/1462 2512/2681/1462 
f 2511/2680/1462 2509/2678/1462 2512/2681/1462 2514/2683/1462 
f 2516/2685/1462 2425/2594/1462 2506/2675/1462 2517/2686/1462 
f 2517/2686/1462 2506/2675/1462 2505/2674/1462 2510/2679/1462 
f 2515/2684/1462 2516/2685/1462 2517/2686/1462 2514/2683/1462 
f 2514/2683/1462 2517/2686/1462 2510/2679/1462 2511/2680/1462 
f 2518/2687/1462 2513/2682/1462 2252/2421/1462 2278/2447/1462 
f 2519/2688/1462 2518/2687/1462 2278/2447/1462 2275/2444/1462 
f 2520/2689/1462 2515/2684/1462 2513/2682/1462 2518/2687/1462 
f 2521/2690/1462 2520/2689/1462 2518/2687/1462 2519/2688/1462 
f 2522/2691/1462 2273/2442/1462 2272/2441/1462 2523/2692/1462 
f 2524/2693/1462 2522/2691/1462 2523/2692/1462 2525/2694/1462 
f 2519/2688/1462 2275/2444/1462 2273/2442/1462 2522/2691/1462 
f 2521/2690/1462 2519/2688/1462 2522/2691/1462 2524/2693/1462 
f 2526/2695/1462 2425/2594/1462 2516/2685/1462 2527/2696/1462 
f 2527/2696/1462 2516/2685/1462 2515/2684/1462 2520/2689/1462 
f 2525/2694/1462 2526/2695/1462 2527/2696/1462 2524/2693/1462 
f 2524/2693/1462 2527/2696/1462 2520/2689/1462 2521/2690/1462 
f 2528/2697/1462 2523/2692/1462 2272/2441/1462 2298/2467/1462 
f 2529/2698/1462 2528/2697/1462 2298/2467/1462 2295/2464/1462 
f 2530/2699/1462 2525/2694/1462 2523/2692/1462 2528/2697/1462 
f 2531/2700/1462 2530/2699/1462 2528/2697/1462 2529/2698/1462 
f 2532/2701/1462 2293/2462/1462 2292/2461/1462 2533/2702/1462 
f 2534/2703/1462 2532/2701/1462 2533/2702/1462 2535/2704/1462 
f 2529/2698/1462 2295/2464/1462 2293/2462/1462 2532/2701/1462 
f 2531/2700/1462 2529/2698/1462 2532/2701/1462 2534/2703/1462 
f 2536/2705/1462 2425/2594/1462 2526/2695/1462 2537/2706/1462 
f 2537/2706/1462 2526/2695/1462 2525/2694/1462 2530/2699/1462 
f 2535/2704/1462 2536/2705/1462 2537/2706/1462 2534/2703/1462 
f 2534/2703/1462 2537/2706/1462 2530/2699/1462 2531/2700/1462 
f 2538/2707/1462 2533/2702/1462 2292/2461/1462 2318/2487/1462 
f 2539/2708/1462 2538/2707/1462 2318/2487/1462 2315/2484/1462 
f 2540/2709/1462 2535/2704/1462 2533/2702/1462 2538/2707/1462 
f 2541/2710/1462 2540/2709/1462 2538/2707/1462 2539/2708/1462 
f 2542/2711/1462 2313/2482/1462 2312/2481/1462 2543/2712/1462 
f 2544/2713/1462 2542/2711/1462 2543/2712/1462 2545/2714/1462 
f 2539/2708/1462 2315/2484/1462 2313/2482/1462 2542/2711/1462 
f 2541/2710/1462 2539/2708/1462 2542/2711/1462 2544/2713/1462 
f 2546/2715/1462 2425/2594/1462 2536/2705/1462 2547/2716/1462 
f 2547/2716/1462 2536/2705/1462 2535/2704/1462 2540/2709/1462 
f 2545/2714/1462 2546/2715/1462 2547/2716/1462 2544/2713/1462 
f 2544/2713/1462 2547/2716/1462 2540/2709/1462 2541/2710/1462 
f 2548/2717/1462 2543/2712/1462 2312/2481/1462 2338/2507/1462 
f 2549/2718/1462 2548/2717/1462 2338/2507/1462 2335/2504/1462 
f 2550/2719/1462 2545/2714/1462 2543/2712/1462 2548/2717/1462 
f 2551/2720/1462 2550/2719/1462 2548/2717/1462 2549/2718/1462 
f 2552/2721/1462 2333/2502/1462 2332/2501/1462 2553/2722/1462 
f 2554/2723/1462 2552/2721/1462 2553/2722/1462 2555/2724/1462 
f 2549/2718/1462 2335/2504/1462 2333/2502/1462 2552/2721/1462 
f 2551/2720/1462 2549/2718/1462 2552/2721/1462 2554/2723/1462 
f 2556/2725/1462 2425/2594/1462 2546/2715/1462 2557/2726/1462 
f 2557/2726/1462 2546/2715/1462 2545/2714/1462 2550/2719/1462 
f 2555/2724/1462 2556/2725/1462 2557/2726/1462 2554/2723/1462 
f 2554/2723/1462 2557/2726/1462 2550/2719/1462 2551/2720/1462 
f 2558/2727/1462 2553/2722/1462 2332/2501/1462 2358/2527/1462 
f 2559/2728/1462 2558/2727/1462 2358/2527/1462 2355/2524/1462 
f 2560/2729/1462 2555/2724/1462 2553/2722/1462 2558/2727/1462 
f 2561/2730/1462 2560/2729/1462 2558/2727/1462 2559/2728/1462 
f 2562/2731/1462 2353/2522/1462 2352/2521/1462 2563/2732/1462 
f 2564/2733/1462 2562/2731/1462 2563/2732/1462 2565/2734/1462 
f 2559/2728/1462 2355/2524/1462 2353/2522/1462 2562/2731/1462 
f 2561/2730/1462 2559/2728/1462 2562/2731/1462 2564/2733/1462 
f 2566/2735/1462 2425/2594/1462 2556/2725/1462 2567/2736/1462 
f 2567/2736/1462 2556/2725/1462 2555/2724/1462 2560/2729/1462 
f 2565/2734/1462 2566/2735/1462 2567/2736/1462 2564/2733/1462 
f 2564/2733/1462 2567/2736/1462 2560/2729/1462 2561/2730/1462 
f 2568/2737/1462 2563/2732/1462 2352/2521/1462 2378/2547/1462 
f 2569/2738/1462 2568/2737/1462 2378/2547/1462 2375/2544/1462 
f 2570/2739/1462 2565/2734/1462 2563/2732/1462 2568/2737/1462 
f 2571/2740/1462 2570/2739/1462 2568/2737/1462 2569/2738/1462 
f 2572/2741/1462 2373/2542/1462 2372/2541/1462 2573/2742/1462 
f 2574/2743/1462 2572/2741/1462 2573/2742/1462 2575/2744/1462 
f 2569/2738/1462 2375/2544/1462 2373/2542/1462 2572/2741/1462 
f 2571/2740/1462 2569/2738/1462 2572/2741/1462 2574/2743/1462 
f 2576/2745/1462 2425/2594/1462 2566/2735/1462 2577/2746/1462 
f 2577/2746/1462 2566/2735/1462 2565/2734/1462 2570/2739/1462 
f 2575/2744/1462 2576/2745/1462 2577/2746/1462 2574/2743/1462 
f 2574/2743/1462 2577/2746/1462 2570/2739/1462 2571/2740/1462 
f 2578/2747/1462 2573/2742/1462 2372/2541/1462 2398/2567/1462 
f 2579/2748/1462 2578/2747/1462 2398/2567/1462 2395/2564/1462 
f 2580/2749/1462 2575/2744/1462 2573/2742/1462 2578/2747/1462 
f 2581/2750/1462 2580/2749/1462 2578/2747/1462 2579/2748/1462 
f 2582/2751/1462 2393/2562/1462 2392/2561/1462 2583/2752/1462 
f 2584/2753/1462 2582/2751/1462 2583/2752/1462 2585/2754/1462 
f 2579/2748/1462 2395/2564/1462 2393/2562/1462 2582/2751/1462 
f 2581/2750/1462 2579/2748/1462 2582/2751/1462 2584/2753/1462 
f 2586/2755/1462 2425/2594/1462 2576/2745/1462 2587/2756/1462 
f 2587/2756/1462 2576/2745/1462 2575/2744/1462 2580/2749/1462 
f 2585/2754/1462 2586/2755/1462 2587/2756/1462 2584/2753/1462 
f 2584/2753/1462 2587/2756/1462 2580/2749/1462 2581/2750/1462 
f 2588/2757/1462 2583/2752/1462 2392/2561/1462 2413/2582/1462 
f 2589/2758/1462 2588/2757/1462 2413/2582/1462 2410/2579/1462 
f 2590/2759/1462 2585/2754/1462 2583/2752/1462 2588/2757/1462 
f 2591/2760/1462 2590/2759/1462 2588/2757/1462 2589/2758/1462 
f 2592/2761/1462 2408/2577/1462 2078/2247/1462 2415/2584/1462 
f 2593/2762/1462 2592/2761/1462 2415/2584/1462 2418/2587/1462 
f 2589/2758/1462 2410/2579/1462 2408/2577/1462 2592/2761/1462 
f 2591/2760/1462 2589/2758/1462 2592/2761/1462 2593/2762/1462 
f 2426/2595/1462 2425/2594/1462 2586/2755/1462 2594/2763/1462 
f 2594/2763/1462 2586/2755/1462 2585/2754/1462 2590/2759/1462 
f 2418/2587/1462 2426/2595/1462 2594/2763/1462 2593/2762/1462 
f 2593/2762/1462 2594/2763/1462 2590/2759/1462 2591/2760/1462 
f 2595/2764/1735 2596/2765/1736 2597/2766/1737 2598/2767/1738 
f 2598/2767/1738 2597/2766/1737 2599/2768/1739 2600/2769/1740 
f 2601/2770/1741 2595/2764/1735 2598/2767/1738 2602/2771/1742 
f 2602/2771/1742 2598/2767/1738 2600/2769/1740 2603/2772/1743 
f 2604/2773/1744 2605/2774/1745 2606/2775/1746 2607/2776/1747 
f 2608/2777/1748 2604/2773/1744 2607/2776/1747 2609/2778/1749 
f 2600/2769/1740 2599/2768/1739 2605/2774/1745 2604/2773/1744 
f 2603/2772/1743 2600/2769/1740 2604/2773/1744 2608/2777/1748 
f 2610/2779/1750 2611/2780/1751 2612/2781/1752 2613/2782/1753 
f 2613/2782/1753 2612/2781/1752 2614/2783/1754 2615/2784/1755 
f 2609/2778/1749 2610/2779/1750 2613/2782/1753 2608/2777/1748 
f 2608/2777/1748 2613/2782/1753 2615/2784/1755 2603/2772/1743 
f 2616/2785/1756 2617/2786/1757 2618/2787/1758 2619/2788/1759 
f 2602/2771/1742 2616/2785/1756 2619/2788/1759 2601/2770/1741 
f 2615/2784/1755 2614/2783/1754 2617/2786/1757 2616/2785/1756 
f 2603/2772/1743 2615/2784/1755 2616/2785/1756 2602/2771/1742 
f 2620/2789/1760 2621/2790/1761 2622/2791/1762 2623/2792/1763 
f 2623/2792/1763 2622/2791/1762 2624/2793/1764 2625/2794/1765 
f 2626/2795/1766 2620/2789/1760 2623/2792/1763 2627/2796/1767 
f 2627/2796/1767 2623/2792/1763 2625/2794/1765 2628/2797/1768 
f 2629/2798/1769 2630/2799/1770 2631/2800/1771 2632/2801/1772 
f 2633/2802/1773 2629/2798/1769 2632/2801/1772 2634/2803/1774 
f 2625/2794/1765 2624/2793/1764 2630/2799/1770 2629/2798/1769 
f 2628/2797/1768 2625/2794/1765 2629/2798/1769 2633/2802/1773 
f 2635/2804/1775 2606/2775/1746 2605/2774/1745 2636/2805/1776 
f 2636/2805/1776 2605/2774/1745 2599/2768/1739 2637/2806/1777 
f 2634/2803/1774 2635/2804/1775 2636/2805/1776 2633/2802/1773 
f 2633/2802/1773 2636/2805/1776 2637/2806/1777 2628/2797/1768 
f 2638/2807/1778 2597/2766/1737 2596/2765/1736 2639/2808/1779 
f 2627/2796/1767 2638/2807/1778 2639/2808/1779 2626/2795/1766 
f 2637/2806/1777 2599/2768/1739 2597/2766/1737 2638/2807/1778 
f 2628/2797/1768 2637/2806/1777 2638/2807/1778 2627/2796/1767 
f 2640/2809/1780 2641/2810/1781 2642/2811/1782 2643/2812/1783 
f 2643/2812/1783 2642/2811/1782 2644/2813/1784 2645/2814/1785 
f 2646/2815/1786 2640/2809/1780 2643/2812/1783 2647/2816/1787 
f 2647/2816/1787 2643/2812/1783 2645/2814/1785 2648/2817/1788 
f 2649/2818/1789 2650/2819/1790 2651/2820/1791 2652/2821/1792 
f 2653/2822/1793 2649/2818/1789 2652/2821/1792 2654/2823/1794 
f 2645/2814/1785 2644/2813/1784 2650/2819/1790 2649/2818/1789 
f 2648/2817/1788 2645/2814/1785 2649/2818/1789 2653/2822/1793 
f 2655/2824/1795 2631/2800/1771 2630/2799/1770 2656/2825/1796 
f 2656/2825/1796 2630/2799/1770 2624/2793/1764 2657/2826/1797 
f 2654/2823/1794 2655/2824/1795 2656/2825/1796 2653/2822/1793 
f 2653/2822/1793 2656/2825/1796 2657/2826/1797 2648/2817/1788 
f 2658/2827/1798 2622/2791/1762 2621/2790/1761 2659/2828/1799 
f 2647/2816/1787 2658/2827/1798 2659/2828/1799 2646/2815/1786 
f 2657/2826/1797 2624/2793/1764 2622/2791/1762 2658/2827/1798 
f 2648/2817/1788 2657/2826/1797 2658/2827/1798 2647/2816/1787 
f 2660/2829/1800 2661/2830/1801 2662/2831/1802 2663/2832/1803 
f 2663/2832/1803 2662/2831/1802 2664/2833/1804 2665/2834/1805 
f 2666/2835/1806 2660/2829/1800 2663/2832/1803 2667/2836/1807 
f 2667/2836/1807 2663/2832/1803 2665/2834/1805 2668/2837/1808 
f 2669/2838/1809 2670/2839/1810 2671/2840/1811 2672/2841/1812 
f 2673/2842/1813 2669/2838/1809 2672/2841/1812 2674/2843/1814 
f 2665/2834/1805 2664/2833/1804 2670/2839/1810 2669/2838/1809 
f 2668/2837/1808 2665/2834/1805 2669/2838/1809 2673/2842/1813 
f 2675/2844/1815 2651/2820/1791 2650/2819/1790 2676/2845/1816 
f 2676/2845/1816 2650/2819/1790 2644/2813/1784 2677/2846/1817 
f 2674/2843/1814 2675/2844/1815 2676/2845/1816 2673/2842/1813 
f 2673/2842/1813 2676/2845/1816 2677/2846/1817 2668/2837/1808 
f 2678/2847/1818 2642/2811/1782 2641/2810/1781 2679/2848/1819 
f 2667/2836/1807 2678/2847/1818 2679/2848/1819 2666/2835/1806 
f 2677/2846/1817 2644/2813/1784 2642/2811/1782 2678/2847/1818 
f 2668/2837/1808 2677/2846/1817 2678/2847/1818 2667/2836/1807 
f 2680/2849/1820 2681/2850/1821 2682/2851/1822 2683/2852/1823 
f 2683/2852/1823 2682/2851/1822 2684/2853/1824 2685/2854/1825 
f 2686/2855/1826 2680/2849/1820 2683/2852/1823 2687/2856/1827 
f 2687/2856/1827 2683/2852/1823 2685/2854/1825 2688/2857/1828 
f 2689/2858/1829 2690/2859/1830 2691/2860/1831 2692/2861/1832 
f 2693/2862/1833 2689/2858/1829 2692/2861/1832 2694/2863/1834 
f 2685/2854/1825 2684/2853/1824 2690/2859/1830 2689/2858/1829 
f 2688/2857/1828 2685/2854/1825 2689/2858/1829 2693/2862/1833 
f 2695/2864/1835 2671/2840/1811 2670/2839/1810 2696/2865/1836 
f 2696/2865/1836 2670/2839/1810 2664/2833/1804 2697/2866/1837 
f 2694/2863/1834 2695/2864/1835 2696/2865/1836 2693/2862/1833 
f 2693/2862/1833 2696/2865/1836 2697/2866/1837 2688/2857/1828 
f 2698/2867/1838 2662/2831/1802 2661/2830/1801 2699/2868/1839 
f 2687/2856/1827 2698/2867/1838 2699/2868/1839 2686/2855/1826 
f 2697/2866/1837 2664/2833/1804 2662/2831/1802 2698/2867/1838 
f 2688/2857/1828 2697/2866/1837 2698/2867/1838 2687/2856/1827 
f 2700/2869/1840 2701/2870/1841 2702/2871/1842 2703/2872/1843 
f 2703/2872/1843 2702/2871/1842 2704/2873/1844 2705/2874/1845 
f 2706/2875/1846 2700/2869/1840 2703/2872/1843 2707/2876/1847 
f 2707/2876/1847 2703/2872/1843 2705/2874/1845 2708/2877/1848 
f 2709/2878/1849 2710/2879/1850 2711/2880/1851 2712/2881/1852 
f 2713/2882/1853 2709/2878/1849 2712/2881/1852 2714/2883/1854 
f 2705/2874/1845 2704/2873/1844 2710/2879/1850 2709/2878/1849 
f 2708/2877/1848 2705/2874/1845 2709/2878/1849 2713/2882/1853 
f 2715/2884/1855 2691/2860/1831 2690/2859/1830 2716/2885/1856 
f 2716/2885/1856 2690/2859/1830 2684/2853/1824 2717/2886/1857 
f 2714/2883/1854 2715/2884/1855 2716/2885/1856 2713/2882/1853 
f 2713/2882/1853 2716/2885/1856 2717/2886/1857 2708/2877/1848 
f 2718/2887/1858 2682/2851/1822 2681/2850/1821 2719/2888/1859 
f 2707/2876/1847 2718/2887/1858 2719/2888/1859 2706/2875/1846 
f 2717/2886/1857 2684/2853/1824 2682/2851/1822 2718/2887/1858 
f 2708/2877/1848 2717/2886/1857 2718/2887/1858 2707/2876/1847 
f 2720/2889/1860 2721/2890/1861 2722/2891/1862 2723/2892/1863 
f 2723/2892/1863 2722/2891/1862 2724/2893/1864 2725/2894/1865 
f 2726/2895/1866 2720/2889/1860 2723/2892/1863 2727/2896/1867 
f 2727/2896/1867 2723/2892/1863 2725/2894/1865 2728/2897/1868 
f 2729/2898/1869 2730/2899/1870 2731/2900/1871 2732/2901/1872 
f 2733/2902/1873 2729/2898/1869 2732/2901/1872 2734/2903/1874 
f 2725/2894/1865 2724/2893/1864 2730/2899/1870 2729/2898/1869 
f 2728/2897/1868 2725/2894/1865 2729/2898/1869 2733/2902/1873 
f 2735/2904/1875 2711/2880/1851 2710/2879/1850 2736/2905/1876 
f 2736/2905/1876 2710/2879/1850 2704/2873/1844 2737/2906/1877 
f 2734/2903/1874 2735/2904/1875 2736/2905/1876 2733/2902/1873 
f 2733/2902/1873 2736/2905/1876 2737/2906/1877 2728/2897/1868 
f 2738/2907/1878 2702/2871/1842 2701/2870/1841 2739/2908/1879 
f 2727/2896/1867 2738/2907/1878 2739/2908/1879 2726/2895/1866 
f 2737/2906/1877 2704/2873/1844 2702/2871/1842 2738/2907/1878 
f 2728/2897/1868 2737/2906/1877 2738/2907/1878 2727/2896/1867 
f 2740/2909/1880 2741/2910/1881 2742/2911/1882 2743/2912/1883 
f 2743/2912/1883 2742/2911/1882 2744/2913/1884 2745/2914/1885 
f 2746/2915/1886 2740/2909/1880 2743/2912/1883 2747/2916/1887 
f 2747/2916/1887 2743/2912/1883 2745/2914/1885 2748/2917/1888 
f 2749/2918/1889 2750/2919/1890 2751/2920/1891 2752/2921/1892 
f 2753/2922/1893 2749/2918/1889 2752/2921/1892 2754/2923/1894 
f 2745/2914/1885 2744/2913/1884 2750/2919/1890 2749/2918/1889 
f 2748/2917/1888 2745/2914/1885 2749/2918/1889 2753/2922/1893 
f 2755/2924/1895 2731/2900/1871 2730/2899/1870 2756/2925/1896 
f 2756/2925/1896 2730/2899/1870 2724/2893/1864 2757/2926/1897 
f 2754/2923/1894 2755/2924/1895 2756/2925/1896 2753/2922/1893 
f 2753/2922/1893 2756/2925/1896 2757/2926/1897 2748/2917/1888 
f 2758/2927/1898 2722/2891/1862 2721/2890/1861 2759/2928/1899 
f 2747/2916/1887 2758/2927/1898 2759/2928/1899 2746/2915/1886 
f 2757/2926/1897 2724/2893/1864 2722/2891/1862 2758/2927/1898 
f 2748/2917/1888 2757/2926/1897 2758/2927/1898 2747/2916/1887 
f 2760/2929/1900 2761/2930/1901 2762/2931/1902 2763/2932/1903 
f 2763/2932/1903 2762/2931/1902 2764/2933/1904 2765/2934/1905 
f 2766/2935/1906 2760/2929/1900 2763/2932/1903 2767/2936/1907 
f 2767/2936/1907 2763/2932/1903 2765/2934/1905 2768/2937/1908 
f 2769/2938/1909 2770/2939/1910 2771/2940/1911 2772/2941/1912 
f 2773/2942/1913 2769/2938/1909 2772/2941/1912 2774/2943/1914 
f 2765/2934/1905 2764/2933/1904 2770/2939/1910 2769/2938/1909 
f 2768/2937/1908 2765/2934/1905 2769/2938/1909 2773/2942/1913 
f 2775/2944/1915 2751/2920/1891 2750/2919/1890 2776/2945/1916 
f 2776/2945/1916 2750/2919/1890 2744/2913/1884 2777/2946/1917 
f 2774/2943/1914 2775/2944/1915 2776/2945/1916 2773/2942/1913 
f 2773/2942/1913 2776/2945/1916 2777/2946/1917 2768/2937/1908 
f 2778/2947/1918 2742/2911/1882 2741/2910/1881 2779/2948/1919 
f 2767/2936/1907 2778/2947/1918 2779/2948/1919 2766/2935/1906 
f 2777/2946/1917 2744/2913/1884 2742/2911/1882 2778/2947/1918 
f 2768/2937/1908 2777/2946/1917 2778/2947/1918 2767/2936/1907 
f 2780/2949/1920 2781/2950/1921 2782/2951/1922 2783/2952/1923 
f 2783/2952/1923 2782/2951/1922 2784/2953/1924 2785/2954/1925 
f 2786/2955/1926 2780/2949/1920 2783/2952/1923 2787/2956/1927 
f 2787/2956/1927 2783/2952/1923 2785/2954/1925 2788/2957/1928 
f 2789/2958/1929 2790/2959/1930 2791/2960/1931 2792/2961/1932 
f 2793/2962/1933 2789/2958/1929 2792/2961/1932 2794/2963/1934 
f 2785/2954/1925 2784/2953/1924 2790/2959/1930 2789/2958/1929 
f 2788/2957/1928 2785/2954/1925 2789/2958/1929 2793/2962/1933 
f 2795/2964/1935 2771/2940/1911 2770/2939/1910 2796/2965/1936 
f 2796/2965/1936 2770/2939/1910 2764/2933/1904 2797/2966/1937 
f 2794/2963/1934 2795/2964/1935 2796/2965/1936 2793/2962/1933 
f 2793/2962/1933 2796/2965/1936 2797/2966/1937 2788/2957/1928 
f 2798/2967/1938 2762/2931/1902 2761/2930/1901 2799/2968/1939 
f 2787/2956/1927 2798/2967/1938 2799/2968/1939 2786/2955/1926 
f 2797/2966/1937 2764/2933/1904 2762/2931/1902 2798/2967/1938 
f 2788/2957/1928 2797/2966/1937 2798/2967/1938 2787/2956/1927 
f 2800/2969/1940 2801/2970/1941 2802/2971/1942 2803/2972/1943 
f 2803/2972/1943 2802/2971/1942 2804/2973/1944 2805/2974/1945 
f 2806/2975/1946 2800/2969/1940 2803/2972/1943 2807/2976/1947 
f 2807/2976/1947 2803/2972/1943 2805/2974/1945 2808/2977/1948 
f 2809/2978/1949 2810/2979/1950 2811/2980/1951 2812/2981/1952 
f 2813/2982/1953 2809/2978/1949 2812/2981/1952 2814/2983/1954 
f 2805/2974/1945 2804/2973/1944 2810/2979/1950 2809/2978/1949 
f 2808/2977/1948 2805/2974/1945 2809/2978/1949 2813/2982/1953 
f 2815/2984/1955 2791/2960/1931 2790/2959/1930 2816/2985/1956 
f 2816/2985/1956 2790/2959/1930 2784/2953/1924 2817/2986/1957 
f 2814/2983/1954 2815/2984/1955 2816/2985/1956 2813/2982/1953 
f 2813/2982/1953 2816/2985/1956 2817/2986/1957 2808/2977/1948 
f 2818/2987/1958 2782/2951/1922 2781/2950/1921 2819/2988/1959 
f 2807/2976/1947 2818/2987/1958 2819/2988/1959 2806/2975/1946 
f 2817/2986/1957 2784/2953/1924 2782/2951/1922 2818/2987/1958 
f 2808/2977/1948 2817/2986/1957 2818/2987/1958 2807/2976/1947 
f 2820/2989/1960 2821/2990/1961 2822/2991/1962 2823/2992/1963 
f 2823/2992/1963 2822/2991/1962 2824/2993/1964 2825/2994/1965 
f 2826/2995/1966 2820/2989/1960 2823/2992/1963 2827/2996/1967 
f 2827/2996/1967 2823/2992/1963 2825/2994/1965 2828/2997/1968 
f 2829/2998/1969 2830/2999/1970 2831/3000/1971 2832/3001/1972 
f 2833/3002/1973 2829/2998/1969 2832/3001/1972 2834/3003/1974 
f 2825/2994/1965 2824/2993/1964 2830/2999/1970 2829/2998/1969 
f 2828/2997/1968 2825/2994/1965 2829/2998/1969 2833/3002/1973 
f 2835/3004/1975 2811/2980/1951 2810/2979/1950 2836/3005/1976 
f 2836/3005/1976 2810/2979/1950 2804/2973/1944 2837/3006/1977 
f 2834/3003/1974 2835/3004/1975 2836/3005/1976 2833/3002/1973 
f 2833/3002/1973 2836/3005/1976 2837/3006/1977 2828/2997/1968 
f 2838/3007/1978 2802/2971/1942 2801/2970/1941 2839/3008/1979 
f 2827/2996/1967 2838/3007/1978 2839/3008/1979 2826/2995/1966 
f 2837/3006/1977 2804/2973/1944 2802/2971/1942 2838/3007/1978 
f 2828/2997/1968 2837/3006/1977 2838/3007/1978 2827/2996/1967 
f 2840/3009/1980 2841/3010/1981 2842/3011/1982 2843/3012/1983 
f 2843/3012/1983 2842/3011/1982 2844/3013/1984 2845/3014/1985 
f 2846/3015/1986 2840/3009/1980 2843/3012/1983 2847/3016/1987 
f 2847/3016/1987 2843/3012/1983 2845/3014/1985 2848/3017/1988 
f 2849/3018/1989 2850/3019/1990 2851/3020/1991 2852/3021/1992 
f 2853/3022/1993 2849/3018/1989 2852/3021/1992 2854/3023/1994 
f 2845/3014/1985 2844/3013/1984 2850/3019/1990 2849/3018/1989 
f 2848/3017/1988 2845/3014/1985 2849/3018/1989 2853/3022/1993 
f 2855/3024/1995 2831/3000/1971 2830/2999/1970 2856/3025/1996 
f 2856/3025/1996 2830/2999/1970 2824/2993/1964 2857/3026/1997 
f 2854/3023/1994 2855/3024/1995 2856/3025/1996 2853/3022/1993 
f 2853/3022/1993 2856/3025/1996 2857/3026/1997 2848/3017/1988 
f 2858/3027/1998 2822/2991/1962 2821/2990/1961 2859/3028/1999 
f 2847/3016/1987 2858/3027/1998 2859/3028/1999 2846/3015/1986 
f 2857/3026/1997 2824/2993/1964 2822/2991/1962 2858/3027/1998 
f 2848/3017/1988 2857/3026/1997 2858/3027/1998 2847/3016/1987 
f 2860/3029/2000 2861/3030/2001 2862/3031/2002 2863/3032/2003 
f 2863/3032/2003 2862/3031/2002 2864/3033/2004 2865/3034/2005 
f 2866/3035/2006 2860/3029/2000 2863/3032/2003 2867/3036/2007 
f 2867/3036/2007 2863/3032/2003 2865/3034/2005 2868/3037/2008 
f 2869/3038/2009 2870/3039/2010 2871/3040/2011 2872/3041/2012 
f 2873/3042/2013 2869/3038/2009 2872/3041/2012 2874/3043/2014 
f 2865/3034/2005 2864/3033/2004 2870/3039/2010 2869/3038/2009 
f 2868/3037/2008 2865/3034/2005 2869/3038/2009 2873/3042/2013 
f 2875/3044/2015 2851/3020/1991 2850/3019/1990 2876/3045/2016 
f 2876/3045/2016 2850/3019/1990 2844/3013/1984 2877/3046/2017 
f 2874/3043/2014 2875/3044/2015 2876/3045/2016 2873/3042/2013 
f 2873/3042/2013 2876/3045/2016 2877/3046/2017 2868/3037/2008 
f 2878/3047/2018 2842/3011/1982 2841/3010/1981 2879/3048/2019 
f 2867/3036/2007 2878/3047/2018 2879/3048/2019 2866/3035/2006 
f 2877/3046/2017 2844/3013/1984 2842/3011/1982 2878/3047/2018 
f 2868/3037/2008 2877/3046/2017 2878/3047/2018 2867/3036/2007 
f 2880/3049/2020 2881/3050/2021 2882/3051/2022 2883/3052/2023 
f 2883/3052/2023 2882/3051/2022 2884/3053/2024 2885/3054/2025 
f 2886/3055/2026 2880/3049/2020 2883/3052/2023 2887/3056/2027 
f 2887/3056/2027 2883/3052/2023 2885/3054/2025 2888/3057/2028 
f 2889/3058/2029 2890/3059/2030 2891/3060/2031 2892/3061/2032 
f 2893/3062/2033 2889/3058/2029 2892/3061/2032 2894/3063/2034 
f 2885/3054/2025 2884/3053/2024 2890/3059/2030 2889/3058/2029 
f 2888/3057/2028 2885/3054/2025 2889/3058/2029 2893/3062/2033 
f 2895/3064/2035 2871/3040/2011 2870/3039/2010 2896/3065/2036 
f 2896/3065/2036 2870/3039/2010 2864/3033/2004 2897/3066/2037 
f 2894/3063/2034 2895/3064/2035 2896/3065/2036 2893/3062/2033 
f 2893/3062/2033 2896/3065/2036 2897/3066/2037 2888/3057/2028 
f 2898/3067/2038 2862/3031/2002 2861/3030/2001 2899/3068/2039 
f 2887/3056/2027 2898/3067/2038 2899/3068/2039 2886/3055/2026 
f 2897/3066/2037 2864/3033/2004 2862/3031/2002 2898/3067/2038 
f 2888/3057/2028 2897/3066/2037 2898/3067/2038 2887/3056/2027 
f 2900/3069/2040 2901/3070/2041 2902/3071/2042 2903/3072/2043 
f 2903/3072/2043 2902/3071/2042 2904/3073/2044 2905/3074/2045 
f 2906/3075/2046 2900/3069/2040 2903/3072/2043 2907/3076/2047 
f 2907/3076/2047 2903/3072/2043 2905/3074/2045 2908/3077/2048 
f 2909/3078/2049 2910/3079/2050 2911/3080/2051 2912/3081/2052 
f 2913/3082/2053 2909/3078/2049 2912/3081/2052 2914/3083/2054 
f 2905/3074/2045 2904/3073/2044 2910/3079/2050 2909/3078/2049 
f 2908/3077/2048 2905/3074/2045 2909/3078/2049 2913/3082/2053 
f 2915/3084/2055 2891/3085/2031 2890/3086/2030 2916/3087/2056 
f 2916/3087/2056 2890/3086/2030 2884/3088/2024 2917/3089/2057 
f 2914/3083/2054 2915/3084/2055 2916/3087/2056 2913/3082/2053 
f 2913/3082/2053 2916/3087/2056 2917/3089/2057 2908/3077/2048 
f 2918/3090/2058 2882/3091/2022 2881/3092/2021 2919/3093/2059 
f 2907/3076/2047 2918/3090/2058 2919/3093/2059 2906/3075/2046 
f 2917/3089/2057 2884/3088/2024 2882/3091/2022 2918/3090/2058 
f 2908/3077/2048 2917/3089/2057 2918/3090/2058 2907/3076/2047 
f 2920/3094/2060 2921/3095/2061 2922/3096/2062 2923/3097/2063 
f 2923/3097/2063 2922/3096/2062 2924/3098/2064 2925/3099/2065 
f 2926/3100/2066 2920/3094/2060 2923/3097/2063 2927/3101/2067 
f 2927/3101/2067 2923/3097/2063 2925/3099/2065 2928/3102/2068 
f 2929/3103/2069 2930/3104/2070 2931/3105/2071 2932/3106/2072 
f 2933/3107/2073 2929/3103/2069 2932/3106/2072 2934/3108/2074 
f 2925/3099/2065 2924/3098/2064 2930/3104/2070 2929/3103/2069 
f 2928/3102/2068 2925/3099/2065 2929/3103/2069 2933/3107/2073 
f 2935/3109/2075 2911/3080/2051 2910/3079/2050 2936/3110/2076 
f 2936/3110/2076 2910/3079/2050 2904/3073/2044 2937/3111/2077 
f 2934/3108/2074 2935/3109/2075 2936/3110/2076 2933/3107/2073 
f 2933/3107/2073 2936/3110/2076 2937/3111/2077 2928/3102/2068 
f 2938/3112/2078 2902/3071/2042 2901/3070/2041 2939/3113/2079 
f 2927/3101/2067 2938/3112/2078 2939/3113/2079 2926/3100/2066 
f 2937/3111/2077 2904/3073/2044 2902/3071/2042 2938/3112/2078 
f 2928/3102/2068 2937/3111/2077 2938/3112/2078 2927/3101/2067 
f 2940/3114/2080 2618/2787/1758 2617/2786/1757 2941/3115/2081 
f 2941/3115/2081 2617/2786/1757 2614/2783/1754 2942/3116/2082 
f 2943/3117/2083 2940/3114/2080 2941/3115/2081 2944/3118/2084 
f 2944/3118/2084 2941/3115/2081 2942/3116/2082 2945/3119/2085 
f 2946/3120/2086 2612/2781/1752 2611/2780/1751 2947/3121/2087 
f 2948/3122/2088 2946/3120/2086 2947/3121/2087 2949/3123/2089 
f 2942/3116/2082 2614/2783/1754 2612/2781/1752 2946/3120/2086 
f 2945/3119/2085 2942/3116/2082 2946/3120/2086 2948/3122/2088 
f 2950/3124/2090 2931/3105/2071 2930/3104/2070 2951/3125/2091 
f 2951/3125/2091 2930/3104/2070 2924/3098/2064 2952/3126/2092 
f 2949/3123/2089 2950/3124/2090 2951/3125/2091 2948/3122/2088 
f 2948/3122/2088 2951/3125/2091 2952/3126/2092 2945/3119/2085 
f 2953/3127/2093 2922/3096/2062 2921/3095/2061 2954/3128/2094 
f 2944/3118/2084 2953/3127/2093 2954/3128/2094 2943/3117/2083 
f 2952/3126/2092 2924/3098/2064 2922/3096/2062 2953/3127/2093 
f 2945/3119/2085 2952/3126/2092 2953/3127/2093 2944/3118/2084 
f 2955/3129/2095 2956/3130/2096 2957/3131/2097 2958/3132/2098 
f 2958/3132/2098 2957/3131/2097 2959/3133/2099 2960/3134/2100 
f 2961/3135/2101 2955/3129/2095 2958/3132/2098 2962/3136/2102 
f 2962/3136/2102 2958/3132/2098 2960/3134/2100 2963/3137/2103 
f 2964/3138/2104 2965/3139/2105 2966/3140/2106 2967/3141/2107 
f 2968/3142/2108 2964/3138/2104 2967/3141/2107 2969/3143/2109 
f 2960/3134/2100 2959/3133/2099 2965/3139/2105 2964/3138/2104 
f 2963/3137/2103 2960/3134/2100 2964/3138/2104 2968/3142/2108 
f 2970/3144/2110 2971/3145/2111 2972/3146/2112 2973/3147/2113 
f 2973/3147/2113 2972/3146/2112 2974/3148/2114 2975/3149/2115 
f 2969/3143/2109 2970/3144/2110 2973/3147/2113 2968/3142/2108 
f 2968/3142/2108 2973/3147/2113 2975/3149/2115 2963/3137/2103 
f 2976/3150/2116 2977/3151/2117 2978/3152/2118 2979/3153/2119 
f 2962/3136/2102 2976/3150/2116 2979/3153/2119 2961/3135/2101 
f 2975/3149/2115 2974/3148/2114 2977/3151/2117 2976/3150/2116 
f 2963/3137/2103 2975/3149/2115 2976/3150/2116 2962/3136/2102 
f 2980/3154/2120 2981/3155/2121 2982/3156/2122 2983/3157/2123 
f 2983/3157/2123 2982/3156/2122 2984/3158/2124 2985/3159/2125 
f 2986/3160/2126 2980/3154/2120 2983/3157/2123 2987/3161/2127 
f 2987/3161/2127 2983/3157/2123 2985/3159/2125 2988/3162/2128 
f 2989/3163/2129 2990/3164/2130 2991/3165/2131 2992/3166/2132 
f 2993/3167/2133 2989/3163/2129 2992/3166/2132 2994/3168/2134 
f 2985/3159/2125 2984/3158/2124 2990/3164/2130 2989/3163/2129 
f 2988/3162/2128 2985/3159/2125 2989/3163/2129 2993/3167/2133 
f 2995/3169/2135 2966/3140/2106 2965/3139/2105 2996/3170/2136 
f 2996/3170/2136 2965/3139/2105 2959/3133/2099 2997/3171/2137 
f 2994/3168/2134 2995/3169/2135 2996/3170/2136 2993/3167/2133 
f 2993/3167/2133 2996/3170/2136 2997/3171/2137 2988/3162/2128 
f 2998/3172/2138 2957/3131/2097 2956/3130/2096 2999/3173/2139 
f 2987/3161/2127 2998/3172/2138 2999/3173/2139 2986/3160/2126 
f 2997/3171/2137 2959/3133/2099 2957/3131/2097 2998/3172/2138 
f 2988/3162/2128 2997/3171/2137 2998/3172/2138 2987/3161/2127 
f 3000/3174/2140 3001/3175/2141 3002/3176/2142 3003/3177/2143 
f 3003/3177/2143 3002/3176/2142 3004/3178/2144 3005/3179/2145 
f 3006/3180/2146 3000/3174/2140 3003/3177/2143 3007/3181/2147 
f 3007/3181/2147 3003/3177/2143 3005/3179/2145 3008/3182/2148 
f 3009/3183/2149 3010/3184/2150 3011/3185/2151 3012/3186/2152 
f 3013/3187/2153 3009/3183/2149 3012/3186/2152 3014/3188/2154 
f 3005/3179/2145 3004/3178/2144 3010/3184/2150 3009/3183/2149 
f 3008/3182/2148 3005/3179/2145 3009/3183/2149 3013/3187/2153 
f 3015/3189/2155 2991/3165/2131 2990/3164/2130 3016/3190/2156 
f 3016/3190/2156 2990/3164/2130 2984/3158/2124 3017/3191/2157 
f 3014/3188/2154 3015/3189/2155 3016/3190/2156 3013/3187/2153 
f 3013/3187/2153 3016/3190/2156 3017/3191/2157 3008/3182/2148 
f 3018/3192/2158 2982/3156/2122 2981/3155/2121 3019/3193/2159 
f 3007/3181/2147 3018/3192/2158 3019/3193/2159 3006/3180/2146 
f 3017/3191/2157 2984/3158/2124 2982/3156/2122 3018/3192/2158 
f 3008/3182/2148 3017/3191/2157 3018/3192/2158 3007/3181/2147 
f 3020/3194/2160 3021/3195/2161 3022/3196/2162 3023/3197/2163 
f 3023/3197/2163 3022/3196/2162 3024/3198/2164 3025/3199/2165 
f 3026/3200/2166 3020/3194/2160 3023/3197/2163 3027/3201/2167 
f 3027/3201/2167 3023/3197/2163 3025/3199/2165 3028/3202/2168 
f 3029/3203/2169 3030/3204/2170 3031/3205/2171 3032/3206/2172 
f 3033/3207/2173 3029/3203/2169 3032/3206/2172 3034/3208/2174 
f 3025/3199/2165 3024/3198/2164 3030/3204/2170 3029/3203/2169 
f 3028/3202/2168 3025/3199/2165 3029/3203/2169 3033/3207/2173 
f 3035/3209/2175 3011/3185/2151 3010/3184/2150 3036/3210/2176 
f 3036/3210/2176 3010/3184/2150 3004/3178/2144 3037/3211/2177 
f 3034/3208/2174 3035/3209/2175 3036/3210/2176 3033/3207/2173 
f 3033/3207/2173 3036/3210/2176 3037/3211/2177 3028/3202/2168 
f 3038/3212/2178 3002/3176/2142 3001/3175/2141 3039/3213/2179 
f 3027/3201/2167 3038/3212/2178 3039/3213/2179 3026/3200/2166 
f 3037/3211/2177 3004/3178/2144 3002/3176/2142 3038/3212/2178 
f 3028/3202/2168 3037/3211/2177 3038/3212/2178 3027/3201/2167 
f 3040/3214/2180 3041/3215/2181 3042/3216/2182 3043/3217/2183 
f 3043/3217/2183 3042/3216/2182 3044/3218/2184 3045/3219/2185 
f 3046/3220/2186 3040/3214/2180 3043/3217/2183 3047/3221/2187 
f 3047/3221/2187 3043/3217/2183 3045/3219/2185 3048/3222/2188 
f 3049/3223/2189 3050/3224/2190 3051/3225/2191 3052/3226/2192 
f 3053/3227/2193 3049/3223/2189 3052/3226/2192 3054/3228/2194 
f 3045/3219/2185 3044/3218/2184 3050/3224/2190 3049/3223/2189 
f 3048/3222/2188 3045/3219/2185 3049/3223/2189 3053/3227/2193 
f 3055/3229/2195 3031/3205/2171 3030/3204/2170 3056/3230/2196 
f 3056/3230/2196 3030/3204/2170 3024/3198/2164 3057/3231/2197 
f 3054/3228/2194 3055/3229/2195 3056/3230/2196 3053/3227/2193 
f 3053/3227/2193 3056/3230/2196 3057/3231/2197 3048/3222/2188 
f 3058/3232/2198 3022/3196/2162 3021/3195/2161 3059/3233/2199 
f 3047/3221/2187 3058/3232/2198 3059/3233/2199 3046/3220/2186 
f 3057/3231/2197 3024/3198/2164 3022/3196/2162 3058/3232/2198 
f 3048/3222/2188 3057/3231/2197 3058/3232/2198 3047/3221/2187 
f 3060/3234/2200 3061/3235/2201 3062/3236/2202 3063/3237/2203 
f 3063/3237/2203 3062/3236/2202 3064/3238/2204 3065/3239/2205 
f 3066/3240/2206 3060/3234/2200 3063/3237/2203 3067/3241/2207 
f 3067/3241/2207 3063/3237/2203 3065/3239/2205 3068/3242/2208 
f 3069/3243/2209 3070/3244/2210 3071/3245/2211 3072/3246/2212 
f 3073/3247/2213 3069/3243/2209 3072/3246/2212 3074/3248/2214 
f 3065/3239/2205 3064/3238/2204 3070/3244/2210 3069/3243/2209 
f 3068/3242/2208 3065/3239/2205 3069/3243/2209 3073/3247/2213 
f 3075/3249/2215 3051/3225/2191 3050/3224/2190 3076/3250/2216 
f 3076/3250/2216 3050/3224/2190 3044/3218/2184 3077/3251/2217 
f 3074/3248/2214 3075/3249/2215 3076/3250/2216 3073/3247/2213 
f 3073/3247/2213 3076/3250/2216 3077/3251/2217 3068/3242/2208 
f 3078/3252/2218 3042/3216/2182 3041/3215/2181 3079/3253/2219 
f 3067/3241/2207 3078/3252/2218 3079/3253/2219 3066/3240/2206 
f 3077/3251/2217 3044/3218/2184 3042/3216/2182 3078/3252/2218 
f 3068/3242/2208 3077/3251/2217 3078/3252/2218 3067/3241/2207 
f 3080/3254/2220 3081/3255/2221 3082/3256/2222 3083/3257/2223 
f 3083/3257/2223 3082/3256/2222 3084/3258/2224 3085/3259/2225 
f 3086/3260/2226 3080/3254/2220 3083/3257/2223 3087/3261/2227 
f 3087/3261/2227 3083/3257/2223 3085/3259/2225 3088/3262/2228 
f 3089/3263/2229 3090/3264/2230 3091/3265/2231 3092/3266/2232 
f 3093/3267/2233 3089/3263/2229 3092/3266/2232 3094/3268/2234 
f 3085/3259/2225 3084/3258/2224 3090/3264/2230 3089/3263/2229 
f 3088/3262/2228 3085/3259/2225 3089/3263/2229 3093/3267/2233 
f 3095/3269/2235 3071/3245/2211 3070/3244/2210 3096/3270/2236 
f 3096/3270/2236 3070/3244/2210 3064/3238/2204 3097/3271/2237 
f 3094/3268/2234 3095/3269/2235 3096/3270/2236 3093/3267/2233 
f 3093/3267/2233 3096/3270/2236 3097/3271/2237 3088/3262/2228 
f 3098/3272/2238 3062/3236/2202 3061/3235/2201 3099/3273/2239 
f 3087/3261/2227 3098/3272/2238 3099/3273/2239 3086/3260/2226 
f 3097/3271/2237 3064/3238/2204 3062/3236/2202 3098/3272/2238 
f 3088/3262/2228 3097/3271/2237 3098/3272/2238 3087/3261/2227 
f 3100/3274/2240 3101/3275/2241 3102/3276/2242 3103/3277/2243 
f 3103/3277/2243 3102/3276/2242 3104/3278/2244 3105/3279/2245 
f 3106/3280/2246 3100/3274/2240 3103/3277/2243 3107/3281/2247 
f 3107/3281/2247 3103/3277/2243 3105/3279/2245 3108/3282/2248 
f 3109/3283/2249 3110/3284/2250 3111/3285/2251 3112/3286/2252 
f 3113/3287/2253 3109/3283/2249 3112/3286/2252 3114/3288/2254 
f 3105/3279/2245 3104/3278/2244 3110/3284/2250 3109/3283/2249 
f 3108/3282/2248 3105/3279/2245 3109/3283/2249 3113/3287/2253 
f 3115/3289/2255 3091/3265/2231 3090/3264/2230 3116/3290/2256 
f 3116/3290/2256 3090/3264/2230 3084/3258/2224 3117/3291/2257 
f 3114/3288/2254 3115/3289/2255 3116/3290/2256 3113/3287/2253 
f 3113/3287/2253 3116/3290/2256 3117/3291/2257 3108/3282/2248 
f 3118/3292/2258 3082/3256/2222 3081/3255/2221 3119/3293/2259 
f 3107/3281/2247 3118/3292/2258 3119/3293/2259 3106/3280/2246 
f 3117/3291/2257 3084/3258/2224 3082/3256/2222 3118/3292/2258 
f 3108/3282/2248 3117/3291/2257 3118/3292/2258 3107/3281/2247 
f 3120/3294/2260 3121/3295/2261 3122/3296/2262 3123/3297/2263 
f 3123/3297/2263 3122/3296/2262 3124/3298/2264 3125/3299/2265 
f 3126/3300/2266 3120/3294/2260 3123/3297/2263 3127/3301/2267 
f 3127/3301/2267 3123/3297/2263 3125/3299/2265 3128/3302/2268 
f 3129/3303/2269 3130/3304/2270 3131/3305/2271 3132/3306/2272 
f 3133/3307/2273 3129/3303/2269 3132/3306/2272 3134/3308/2274 
f 3125/3299/2265 3124/3298/2264 3130/3304/2270 3129/3303/2269 
f 3128/3302/2268 3125/3299/2265 3129/3303/2269 3133/3307/2273 
f 3135/3309/2275 3111/3285/2251 3110/3284/2250 3136/3310/2276 
f 3136/3310/2276 3110/3284/2250 3104/3278/2244 3137/3311/2277 
f 3134/3308/2274 3135/3309/2275 3136/3310/2276 3133/3307/2273 
f 3133/3307/2273 3136/3310/2276 3137/3311/2277 3128/3302/2268 
f 3138/3312/2278 3102/3276/2242 3101/3275/2241 3139/3313/2279 
f 3127/3301/2267 3138/3312/2278 3139/3313/2279 3126/3300/2266 
f 3137/3311/2277 3104/3278/2244 3102/3276/2242 3138/3312/2278 
f 3128/3302/2268 3137/3311/2277 3138/3312/2278 3127/3301/2267 
f 3140/3314/2280 3141/3315/2281 3142/3316/2282 3143/3317/2283 
f 3143/3317/2283 3142/3316/2282 3144/3318/2284 3145/3319/2285 
f 3146/3320/2286 3140/3314/2280 3143/3317/2283 3147/3321/2287 
f 3147/3321/2287 3143/3317/2283 3145/3319/2285 3148/3322/2288 
f 3149/3323/2289 3150/3324/2290 3151/3325/2291 3152/3326/2292 
f 3153/3327/2293 3149/3323/2289 3152/3326/2292 3154/3328/2294 
f 3145/3319/2285 3144/3318/2284 3150/3324/2290 3149/3323/2289 
f 3148/3322/2288 3145/3319/2285 3149/3323/2289 3153/3327/2293 
f 3155/3329/2295 3131/3305/2271 3130/3304/2270 3156/3330/2296 
f 3156/3330/2296 3130/3304/2270 3124/3298/2264 3157/3331/2297 
f 3154/3328/2294 3155/3329/2295 3156/3330/2296 3153/3327/2293 
f 3153/3327/2293 3156/3330/2296 3157/3331/2297 3148/3322/2288 
f 3158/3332/2298 3122/3296/2262 3121/3295/2261 3159/3333/2299 
f 3147/3321/2287 3158/3332/2298 3159/3333/2299 3146/3320/2286 
f 3157/3331/2297 3124/3298/2264 3122/3296/2262 3158/3332/2298 
f 3148/3322/2288 3157/3331/2297 3158/3332/2298 3147/3321/2287 
f 3160/3334/2300 3161/3335/2301 3162/3336/2302 3163/3337/2303 
f 3163/3337/2303 3162/3336/2302 3164/3338/2304 3165/3339/2305 
f 3166/3340/2306 3160/3334/2300 3163/3337/2303 3167/3341/2307 
f 3167/3341/2307 3163/3337/2303 3165/3339/2305 3168/3342/2308 
f 3169/3343/2309 3170/3344/2310 3171/3345/2311 3172/3346/2312 
f 3173/3347/2313 3169/3343/2309 3172/3346/2312 3174/3348/2314 
f 3165/3339/2305 3164/3338/2304 3170/3344/2310 3169/3343/2309 
f 3168/3342/2308 3165/3339/2305 3169/3343/2309 3173/3347/2313 
f 3175/3349/2315 3151/3325/2291 3150/3324/2290 3176/3350/2316 
f 3176/3350/2316 3150/3324/2290 3144/3318/2284 3177/3351/2317 
f 3174/3348/2314 3175/3349/2315 3176/3350/2316 3173/3347/2313 
f 3173/3347/2313 3176/3350/2316 3177/3351/2317 3168/3342/2308 
f 3178/3352/2318 3142/3316/2282 3141/3315/2281 3179/3353/2319 
f 3167/3341/2307 3178/3352/2318 3179/3353/2319 3166/3340/2306 
f 3177/3351/2317 3144/3318/2284 3142/3316/2282 3178/3352/2318 
f 3168/3342/2308 3177/3351/2317 3178/3352/2318 3167/3341/2307 
f 3180/3354/2320 3181/3355/2321 3182/3356/2322 3183/3357/2323 
f 3183/3357/2323 3182/3356/2322 3184/3358/2324 3185/3359/2325 
f 3186/3360/2326 3180/3354/2320 3183/3357/2323 3187/3361/2327 
f 3187/3361/2327 3183/3357/2323 3185/3359/2325 3188/3362/2328 
f 3189/3363/2329 3190/3364/2330 3191/3365/2331 3192/3366/2332 
f 3193/3367/2333 3189/3363/2329 3192/3366/2332 3194/3368/2334 
f 3185/3359/2325 3184/3358/2324 3190/3364/2330 3189/3363/2329 
f 3188/3362/2328 3185/3359/2325 3189/3363/2329 3193/3367/2333 
f 3195/3369/2335 3171/3345/2311 3170/3344/2310 3196/3370/2336 
f 3196/3370/2336 3170/3344/2310 3164/3338/2304 3197/3371/2337 
f 3194/3368/2334 3195/3369/2335 3196/3370/2336 3193/3367/2333 
f 3193/3367/2333 3196/3370/2336 3197/3371/2337 3188/3362/2328 
f 3198/3372/2338 3162/3336/2302 3161/3335/2301 3199/3373/2339 
f 3187/3361/2327 3198/3372/2338 3199/3373/2339 3186/3360/2326 
f 3197/3371/2337 3164/3338/2304 3162/3336/2302 3198/3372/2338 
f 3188/3362/2328 3197/3371/2337 3198/3372/2338 3187/3361/2327 
f 3200/3374/2340 3201/3375/2341 3202/3376/2342 3203/3377/2343 
f 3203/3377/2343 3202/3376/2342 3204/3378/2344 3205/3379/2345 
f 3206/3380/2346 3200/3374/2340 3203/3377/2343 3207/3381/2347 
f 3207/3381/2347 3203/3377/2343 3205/3379/2345 3208/3382/2348 
f 3209/3383/2349 3210/3384/2350 3211/3385/2351 3212/3386/2352 
f 3213/3387/2353 3209/3383/2349 3212/3386/2352 3214/3388/2354 
f 3205/3379/2345 3204/3378/2344 3210/3384/2350 3209/3383/2349 
f 3208/3382/2348 3205/3379/2345 3209/3383/2349 3213/3387/2353 
f 3215/3389/2355 3191/3365/2331 3190/3364/2330 3216/3390/2356 
f 3216/3390/2356 3190/3364/2330 3184/3358/2324 3217/3391/2357 
f 3214/3388/2354 3215/3389/2355 3216/3390/2356 3213/3387/2353 
f 3213/3387/2353 3216/3390/2356 3217/3391/2357 3208/3382/2348 
f 3218/3392/2358 3182/3356/2322 3181/3355/2321 3219/3393/2359 
f 3207/3381/2347 3218/3392/2358 3219/3393/2359 3206/3380/2346 
f 3217/3391/2357 3184/3358/2324 3182/3356/2322 3218/3392/2358 
f 3208/3382/2348 3217/3391/2357 3218/3392/2358 3207/3381/2347 
f 3220/3394/2360 3221/3395/2361 3222/3396/2362 3223/3397/2363 
f 3223/3397/2363 3222/3396/2362 3224/3398/2364 3225/3399/2365 
f 3226/3400/2366 3220/3394/2360 3223/3397/2363 3227/3401/2367 
f 3227/3401/2367 3223/3397/2363 3225/3399/2365 3228/3402/2368 
f 3229/3403/2369 3230/3404/2370 3231/3405/2371 3232/3406/2372 
f 3233/3407/2373 3229/3403/2369 3232/3406/2372 3234/3408/2374 
f 3225/3399/2365 3224/3398/2364 3230/3404/2370 3229/3403/2369 
f 3228/3402/2368 3225/3399/2365 3229/3403/2369 3233/3407/2373 
f 3235/3409/2375 3211/3385/2351 3210/3384/2350 3236/3410/2376 
f 3236/3410/2376 3210/3384/2350 3204/3378/2344 3237/3411/2377 
f 3234/3408/2374 3235/3409/2375 3236/3410/2376 3233/3407/2373 
f 3233/3407/2373 3236/3410/2376 3237/3411/2377 3228/3402/2368 
f 3238/3412/2378 3202/3376/2342 3201/3375/2341 3239/3413/2379 
f 3227/3401/2367 3238/3412/2378 3239/3413/2379 3226/3400/2366 
f 3237/3411/2377 3204/3378/2344 3202/3376/2342 3238/3412/2378 
f 3228/3402/2368 3237/3411/2377 3238/3412/2378 3227/3401/2367 
f 3240/3414/2380 3241/3415/2381 3242/3416/2382 3243/3417/2383 
f 3243/3417/2383 3242/3416/2382 3244/3418/2384 3245/3419/2385 
f 3246/3420/2386 3240/3414/2380 3243/3417/2383 3247/3421/2387 
f 3247/3421/2387 3243/3417/2383 3245/3419/2385 3248/3422/2388 
f 3249/3423/2389 3250/3424/2390 3251/3425/2391 3252/3426/2392 
f 3253/3427/2393 3249/3423/2389 3252/3426/2392 3254/3428/2394 
f 3245/3419/2385 3244/3418/2384 3250/3424/2390 3249/3423/2389 
f 3248/3422/2388 3245/3419/2385 3249/3423/2389 3253/3427/2393 
f 3255/3429/2395 3231/3405/2371 3230/3404/2370 3256/3430/2396 
f 3256/3430/2396 3230/3404/2370 3224/3398/2364 3257/3431/2397 
f 3254/3428/2394 3255/3429/2395 3256/3430/2396 3253/3427/2393 
f 3253/3427/2393 3256/3430/2396 3257/3431/2397 3248/3422/2388 
f 3258/3432/2398 3222/3396/2362 3221/3395/2361 3259/3433/2399 
f 3247/3421/2387 3258/3432/2398 3259/3433/2399 3246/3420/2386 
f 3257/3431/2397 3224/3398/2364 3222/3396/2362 3258/3432/2398 
f 3248/3422/2388 3257/3431/2397 3258/3432/2398 3247/3421/2387 
f 3260/3434/2400 3261/3435/2401 3262/3436/2402 3263/3437/2403 
f 3263/3437/2403 3262/3436/2402 3264/3438/2404 3265/3439/2405 
f 3266/3440/2406 3260/3434/2400 3263/3437/2403 3267/3441/2407 
f 3267/3441/2407 3263/3437/2403 3265/3439/2405 3268/3442/2408 
f 3269/3443/2409 3270/3444/2410 3271/3445/2411 3272/3446/2412 
f 3273/3447/2413 3269/3443/2409 3272/3446/2412 3274/3448/2414 
f 3265/3439/2405 3264/3438/2404 3270/3444/2410 3269/3443/2409 
f 3268/3442/2408 3265/3439/2405 3269/3443/2409 3273/3447/2413 
f 3275/3449/2415 3251/3450/2391 3250/3451/2390 3276/3452/2416 
f 3276/3452/2416 3250/3451/2390 3244/3453/2384 3277/3454/2417 
f 3274/3448/2414 3275/3449/2415 3276/3452/2416 3273/3447/2413 
f 3273/3447/2413 3276/3452/2416 3277/3454/2417 3268/3442/2408 
f 3278/3455/2418 3242/3456/2382 3241/3457/2381 3279/3458/2419 
f 3267/3441/2407 3278/3455/2418 3279/3458/2419 3266/3440/2406 
f 3277/3454/2417 3244/3453/2384 3242/3456/2382 3278/3455/2418 
f 3268/3442/2408 3277/3454/2417 3278/3455/2418 3267/3441/2407 
f 3280/3459/2420 3281/3460/2421 3282/3461/2422 3283/3462/2423 
f 3283/3462/2423 3282/3461/2422 3284/3463/2424 3285/3464/2425 
f 3286/3465/2426 3280/3459/2420 3283/3462/2423 3287/3466/2427 
f 3287/3466/2427 3283/3462/2423 3285/3464/2425 3288/3467/2428 
f 3289/3468/2429 3290/3469/2430 3291/3470/2431 3292/3471/2432 
f 3293/3472/2433 3289/3468/2429 3292/3471/2432 3294/3473/2434 
f 3285/3464/2425 3284/3463/2424 3290/3469/2430 3289/3468/2429 
f 3288/3467/2428 3285/3464/2425 3289/3468/2429 3293/3472/2433 
f 3295/3474/2435 3271/3445/2411 3270/3444/2410 3296/3475/2436 
f 3296/3475/2436 3270/3444/2410 3264/3438/2404 3297/3476/2437 
f 3294/3473/2434 3295/3474/2435 3296/3475/2436 3293/3472/2433 
f 3293/3472/2433 3296/3475/2436 3297/3476/2437 3288/3467/2428 
f 3298/3477/2438 3262/3436/2402 3261/3435/2401 3299/3478/2439 
f 3287/3466/2427 3298/3477/2438 3299/3478/2439 3286/3465/2426 
f 3297/3476/2437 3264/3438/2404 3262/3436/2402 3298/3477/2438 
f 3288/3467/2428 3297/3476/2437 3298/3477/2438 3287/3466/2427 
f 3300/3479/2440 2978/3152/2118 2977/3151/2117 3301/3480/2441 
f 3301/3480/2441 2977/3151/2117 2974/3148/2114 3302/3481/2442 
f 3303/3482/2443 3300/3479/2440 3301/3480/2441 3304/3483/2444 
f 3304/3483/2444 3301/3480/2441 3302/3481/2442 3305/3484/2445 
f 3306/3485/2446 2972/3146/2112 2971/3145/2111 3307/3486/2447 
f 3308/3487/2448 3306/3485/2446 3307/3486/2447 3309/3488/2449 
f 3302/3481/2442 2974/3148/2114 2972/3146/2112 3306/3485/2446 
f 3305/3484/2445 3302/3481/2442 3306/3485/2446 3308/3487/2448 
f 3310/3489/2450 3291/3470/2431 3290/3469/2430 3311/3490/2451 
f 3311/3490/2451 3290/3469/2430 3284/3463/2424 3312/3491/2452 
f 3309/3488/2449 3310/3489/2450 3311/3490/2451 3308/3487/2448 
f 3308/3487/2448 3311/3490/2451 3312/3491/2452 3305/3484/2445 
f 3313/3492/2453 3282/3461/2422 3281/3460/2421 3314/3493/2454 
f 3304/3483/2444 3313/3492/2453 3314/3493/2454 3303/3482/2443 
f 3312/3491/2452 3284/3463/2424 3282/3461/2422 3313/3492/2453 
f 3305/3484/2445 3312/3491/2452 3313/3492/2453 3304/3483/2444 
f 2606/2775/1746 3315/3494/2455 3316/3495/2456 2607/2776/1747 
f 3315/3494/2455 3317/3496/2457 3318/3497/2458 3316/3495/2456 
f 2607/2776/1747 3316/3495/2456 3319/3498/2459 2609/2778/1749 
f 3316/3495/2456 3318/3497/2458 3320/3499/2460 3319/3498/2459 
f 3321/3500/2461 3322/3501/2462 3323/3502/2463 3324/3503/2464 
f 3325/3504/2465 3321/3500/2461 3324/3503/2464 3326/3505/2466 
f 3317/3496/2457 3322/3501/2462 3321/3500/2461 3318/3497/2458 
f 3318/3497/2458 3321/3500/2461 3325/3504/2465 3320/3499/2460 
f 3327/3506/2467 3328/3507/955 3329/3508/2468 3330/3509/2469 
f 3329/3508/2468 3331/3510/2470 3332/3511/2471 3330/3509/2469 
f 3326/3505/2466 3327/3506/2467 3330/3509/2469 3325/3504/2465 
f 3330/3509/2469 3332/3511/2471 3320/3499/2460 3325/3504/2465 
f 3333/3512/2472 2611/2780/1751 2610/2779/1750 3334/3513/2473 
f 3334/3513/2473 2610/2779/1750 2609/2778/1749 3319/3498/2459 
f 3331/3510/2470 3333/3512/2472 3334/3513/2473 3332/3511/2471 
f 3332/3511/2471 3334/3513/2473 3319/3498/2459 3320/3499/2460 
f 2631/2800/1771 3335/3514/2474 3336/3515/2475 2632/2801/1772 
f 3335/3514/2474 3337/3516/2476 3338/3517/2477 3336/3515/2475 
f 3336/3515/2475 3339/3518/2478 2634/2803/1774 2632/2801/1772 
f 3336/3515/2475 3338/3517/2477 3340/3519/2479 3339/3518/2478 
f 3341/3520/2480 3342/3521/2481 3343/3522/2482 3344/3523/2483 
f 3345/3524/2484 3341/3520/2480 3344/3523/2483 3346/3525/2485 
f 3337/3516/2476 3342/3521/2481 3341/3520/2480 3338/3517/2477 
f 3338/3517/2477 3341/3520/2480 3345/3524/2484 3340/3519/2479 
f 3347/3526/2486 3323/3502/2463 3322/3501/2462 3348/3527/2487 
f 3322/3501/2462 3317/3496/2457 3349/3528/2488 3348/3527/2487 
f 3346/3525/2485 3347/3526/2486 3348/3527/2487 3345/3524/2484 
f 3348/3527/2487 3349/3528/2488 3340/3519/2479 3345/3524/2484 
f 3315/3494/2455 2606/2775/1746 2635/2804/1775 3350/3529/2489 
f 3350/3529/2489 2635/2804/1775 2634/2803/1774 3339/3518/2478 
f 3317/3496/2457 3315/3494/2455 3350/3529/2489 3349/3528/2488 
f 3349/3528/2488 3350/3529/2489 3339/3518/2478 3340/3519/2479 
f 2651/2820/1791 3351/3530/2490 3352/3531/2491 2652/2821/1792 
f 3351/3530/2490 3353/3532/2492 3354/3533/2493 3352/3531/2491 
f 2652/2821/1792 3352/3531/2491 3355/3534/2494 2654/2823/1794 
f 3352/3531/2491 3354/3533/2493 3356/3535/2495 3355/3534/2494 
f 3357/3536/2496 3358/3537/2497 3359/3538/2498 3360/3539/2499 
f 3361/3540/2500 3357/3536/2496 3360/3539/2499 3362/3541/2501 
f 3353/3532/2492 3358/3537/2497 3357/3536/2496 3354/3533/2493 
f 3354/3533/2493 3357/3536/2496 3361/3540/2500 3356/3535/2495 
f 3363/3542/988 3343/3522/2482 3342/3521/2481 3364/3543/2502 
f 3342/3521/2481 3337/3516/2476 3365/3544/2503 3364/3543/2502 
f 3362/3541/2501 3363/3542/988 3364/3543/2502 3361/3540/2500 
f 3364/3543/2502 3365/3544/2503 3356/3535/2495 3361/3540/2500 
f 3335/3514/2474 2631/2800/1771 2655/2824/1795 3366/3545/2504 
f 3366/3545/2504 2655/2824/1795 2654/2823/1794 3355/3534/2494 
f 3337/3516/2476 3335/3514/2474 3366/3545/2504 3365/3544/2503 
f 3365/3544/2503 3366/3545/2504 3355/3534/2494 3356/3535/2495 
f 2671/2840/1811 3367/3546/2505 3368/3547/2506 2672/2841/1812 
f 3367/3546/2505 3369/3548/2507 3370/3549/2508 3368/3547/2506 
f 2672/2841/1812 3368/3547/2506 3371/3550/2509 2674/2843/1814 
f 3368/3547/2506 3370/3549/2508 3372/3551/2510 3371/3550/2509 
f 3373/3552/2511 3374/3553/2512 3375/3554/2513 3376/3555/2514 
f 3377/3556/2515 3373/3552/2511 3376/3555/2514 3378/3557/2516 
f 3369/3548/2507 3374/3553/2512 3373/3552/2511 3370/3549/2508 
f 3370/3549/2508 3373/3552/2511 3377/3556/2515 3372/3551/2510 
f 3379/3558/2517 3359/3538/2498 3358/3537/2497 3380/3559/2518 
f 3358/3537/2497 3353/3532/2492 3381/3560/2519 3380/3559/2518 
f 3378/3557/2516 3379/3558/2517 3380/3559/2518 3377/3556/2515 
f 3380/3559/2518 3381/3560/2519 3372/3551/2510 3377/3556/2515 
f 3351/3530/2490 2651/2820/1791 2675/2844/1815 3382/3561/2520 
f 3382/3561/2520 2675/2844/1815 2674/2843/1814 3371/3550/2509 
f 3353/3532/2492 3351/3530/2490 3382/3561/2520 3381/3560/2519 
f 3381/3560/2519 3382/3561/2520 3371/3550/2509 3372/3551/2510 
f 2691/2860/1831 3383/3562/2521 3384/3563/2522 2692/2861/1832 
f 3383/3562/2521 3385/3564/2523 3386/3565/2524 3384/3563/2522 
f 2692/2861/1832 3384/3563/2522 3387/3566/2525 2694/2863/1834 
f 3384/3563/2522 3386/3565/2524 3388/3567/2526 3387/3566/2525 
f 3389/3568/2527 3390/3569/2528 3391/3570/2529 3392/3571/2530 
f 3393/3572/2531 3389/3568/2527 3392/3571/2530 3394/3573/1017 
f 3385/3564/2523 3390/3569/2528 3389/3568/2527 3386/3565/2524 
f 3386/3565/2524 3389/3568/2527 3393/3572/2531 3388/3567/2526 
f 3395/3574/2532 3375/3554/2513 3374/3553/2512 3396/3575/2533 
f 3374/3553/2512 3369/3548/2507 3397/3576/2534 3396/3575/2533 
f 3394/3573/1017 3395/3574/2532 3396/3575/2533 3393/3572/2531 
f 3396/3575/2533 3397/3576/2534 3388/3567/2526 3393/3572/2531 
f 3367/3546/2505 2671/2840/1811 2695/2864/1835 3398/3577/2535 
f 3398/3577/2535 2695/2864/1835 2694/2863/1834 3387/3566/2525 
f 3369/3548/2507 3367/3546/2505 3398/3577/2535 3397/3576/2534 
f 3397/3576/2534 3398/3577/2535 3387/3566/2525 3388/3567/2526 
f 2711/2880/1851 3399/3578/2536 3400/3579/2537 2712/2881/1852 
f 3399/3578/2536 3401/3580/2538 3402/3581/2539 3400/3579/2537 
f 2712/2881/1852 3400/3579/2537 3403/3582/2540 2714/2883/1854 
f 3400/3579/2537 3402/3581/2539 3404/3583/2541 3403/3582/2540 
f 3405/3584/2542 3406/3585/2543 3407/3586/2544 3408/3587/2545 
f 3409/3588/2546 3405/3584/2542 3408/3587/2545 3410/3589/2547 
f 3401/3580/2538 3406/3585/2543 3405/3584/2542 3402/3581/2539 
f 3402/3581/2539 3405/3584/2542 3409/3588/2546 3404/3583/2541 
f 3411/3590/2548 3391/3570/2529 3390/3569/2528 3412/3591/2549 
f 3390/3569/2528 3385/3564/2523 3413/3592/2550 3412/3591/2549 
f 3410/3589/2547 3411/3590/2548 3412/3591/2549 3409/3588/2546 
f 3412/3591/2549 3413/3592/2550 3404/3583/2541 3409/3588/2546 
f 3383/3562/2521 2691/2860/1831 2715/2884/1855 3414/3593/2551 
f 3414/3593/2551 2715/2884/1855 2714/2883/1854 3403/3582/2540 
f 3385/3564/2523 3383/3562/2521 3414/3593/2551 3413/3592/2550 
f 3413/3592/2550 3414/3593/2551 3403/3582/2540 3404/3583/2541 
f 2731/2900/1871 3415/3594/2552 3416/3595/2553 2732/2901/1872 
f 3415/3594/2552 3417/3596/2554 3418/3597/2555 3416/3595/2553 
f 2732/2901/1872 3416/3595/2553 3419/3598/2556 2734/2903/1874 
f 3416/3595/2553 3418/3597/2555 3420/3599/2557 3419/3598/2556 
f 3421/3600/2558 3422/3601/2559 3423/3602/2560 3424/3603/1047 
f 3425/3604/2561 3421/3600/2558 3424/3603/1047 3426/3605/2562 
f 3417/3596/2554 3422/3601/2559 3421/3600/2558 3418/3597/2555 
f 3418/3597/2555 3421/3600/2558 3425/3604/2561 3420/3599/2557 
f 3427/3606/2563 3407/3586/2544 3406/3585/2543 3428/3607/2564 
f 3406/3585/2543 3401/3580/2538 3429/3608/2565 3428/3607/2564 
f 3426/3605/2562 3427/3606/2563 3428/3607/2564 3425/3604/2561 
f 3428/3607/2564 3429/3608/2565 3420/3599/2557 3425/3604/2561 
f 3430/3609/2566 3399/3578/2536 2711/2880/1851 2735/2904/1875 
f 3430/3609/2566 2735/2904/1875 2734/2903/1874 3419/3598/2556 
f 3401/3580/2538 3399/3578/2536 3430/3609/2566 3429/3608/2565 
f 3429/3608/2565 3430/3609/2566 3419/3598/2556 3420/3599/2557 
f 2751/2920/1891 3431/3610/2567 3432/3611/2568 2752/2921/1892 
f 3431/3610/2567 3433/3612/2569 3434/3613/2570 3432/3611/2568 
f 2752/2921/1892 3432/3611/2568 3435/3614/2571 2754/2923/1894 
f 3432/3611/2568 3434/3613/2570 3436/3615/2572 3435/3614/2571 
f 3437/3616/2573 3438/3617/2574 3439/3618/2575 3440/3619/2576 
f 3441/3620/2577 3437/3616/2573 3440/3619/2576 3442/3621/2578 
f 3433/3612/2569 3438/3617/2574 3437/3616/2573 3434/3613/2570 
f 3434/3613/2570 3437/3616/2573 3441/3620/2577 3436/3615/2572 
f 3443/3622/2579 3423/3602/2560 3422/3601/2559 3444/3623/2580 
f 3422/3601/2559 3417/3596/2554 3445/3624/2581 3444/3623/2580 
f 3442/3621/2578 3443/3622/2579 3444/3623/2580 3441/3620/2577 
f 3444/3623/2580 3445/3624/2581 3436/3615/2572 3441/3620/2577 
f 3415/3594/2552 2731/2900/1871 2755/2924/1895 3446/3625/2582 
f 2754/2923/1894 3435/3614/2571 3446/3625/2582 2755/2924/1895 
f 3417/3596/2554 3415/3594/2552 3446/3625/2582 3445/3624/2581 
f 3445/3624/2581 3446/3625/2582 3435/3614/2571 3436/3615/2572 
f 2771/2940/1911 3447/3626/2583 3448/3627/2584 2772/2941/1912 
f 3447/3626/2583 3449/3628/2585 3450/3629/2586 3448/3627/2584 
f 2772/2941/1912 3448/3627/2584 3451/3630/2587 2774/2943/1914 
f 3448/3627/2584 3450/3629/2586 3452/3631/2588 3451/3630/2587 
f 3453/3632/2589 3454/3633/2590 3455/3634/1078 3456/3635/2591 
f 3457/3636/2592 3453/3632/2589 3456/3635/2591 3458/3637/2593 
f 3449/3628/2585 3454/3633/2590 3453/3632/2589 3450/3629/2586 
f 3450/3629/2586 3453/3632/2589 3457/3636/2592 3452/3631/2588 
f 3459/3638/2594 3439/3618/2575 3438/3617/2574 3460/3639/2595 
f 3438/3617/2574 3433/3612/2569 3461/3640/2596 3460/3639/2595 
f 3458/3637/2593 3459/3638/2594 3460/3639/2595 3457/3636/2592 
f 3460/3639/2595 3461/3640/2596 3452/3631/2588 3457/3636/2592 
f 3431/3610/2567 2751/2920/1891 2775/2944/1915 3462/3641/2597 
f 3462/3641/2597 2775/2944/1915 2774/2943/1914 3451/3630/2587 
f 3433/3612/2569 3431/3610/2567 3462/3641/2597 3461/3640/2596 
f 3461/3640/2596 3462/3641/2597 3451/3630/2587 3452/3631/2588 
f 2791/2960/1931 3463/3642/2598 3464/3643/2599 2792/2961/1932 
f 3463/3642/2598 3465/3644/2600 3466/3645/2601 3464/3643/2599 
f 2792/2961/1932 3464/3643/2599 3467/3646/2602 2794/2963/1934 
f 3464/3643/2599 3466/3645/2601 3468/3647/2603 3467/3646/2602 
f 3469/3648/2604 3470/3649/2605 3471/3650/2606 3472/3651/2607 
f 3473/3652/2608 3469/3648/2604 3472/3651/2607 3474/3653/2609 
f 3465/3644/2600 3470/3649/2605 3469/3648/2604 3466/3645/2601 
f 3466/3645/2601 3469/3648/2604 3473/3652/2608 3468/3647/2603 
f 3475/3654/2610 3455/3634/1078 3454/3633/2590 3476/3655/2611 
f 3454/3633/2590 3449/3628/2585 3477/3656/2612 3476/3655/2611 
f 3474/3653/2609 3475/3654/2610 3476/3655/2611 3473/3652/2608 
f 3476/3655/2611 3477/3656/2612 3468/3647/2603 3473/3652/2608 
f 3447/3626/2583 2771/2940/1911 2795/2964/1935 3478/3657/2613 
f 3478/3657/2613 2795/2964/1935 2794/2963/1934 3467/3646/2602 
f 3449/3628/2585 3447/3626/2583 3478/3657/2613 3477/3656/2612 
f 3477/3656/2612 3478/3657/2613 3467/3646/2602 3468/3647/2603 
f 2811/2980/1951 3479/3658/2614 3480/3659/2615 2812/2981/1952 
f 3479/3658/2614 3481/3660/2616 3482/3661/2617 3480/3659/2615 
f 3480/3659/2615 3483/3662/2618 2814/2983/1954 2812/2981/1952 
f 3480/3659/2615 3482/3661/2617 3484/3663/2619 3483/3662/2618 
f 3485/3664/2620 3486/3665/2621 3487/3666/2622 3488/3667/2623 
f 3489/3668/2624 3485/3664/2620 3488/3667/2623 3490/3669/2625 
f 3481/3660/2616 3486/3665/2621 3485/3664/2620 3482/3661/2617 
f 3482/3661/2617 3485/3664/2620 3489/3668/2624 3484/3663/2619 
f 3491/3670/2626 3471/3650/2606 3470/3649/2605 3492/3671/2627 
f 3470/3649/2605 3465/3644/2600 3493/3672/2628 3492/3671/2627 
f 3490/3669/2625 3491/3670/2626 3492/3671/2627 3489/3668/2624 
f 3492/3671/2627 3493/3672/2628 3484/3663/2619 3489/3668/2624 
f 3463/3642/2598 2791/2960/1931 2815/2984/1955 3494/3673/2629 
f 3494/3673/2629 2815/2984/1955 2814/2983/1954 3483/3662/2618 
f 3465/3644/2600 3463/3642/2598 3494/3673/2629 3493/3672/2628 
f 3493/3672/2628 3494/3673/2629 3483/3662/2618 3484/3663/2619 
f 2831/3000/1971 3495/3674/2630 3496/3675/2631 2832/3001/1972 
f 3495/3674/2630 3497/3676/2632 3498/3677/2633 3496/3675/2631 
f 2832/3001/1972 3496/3675/2631 3499/3678/2634 2834/3003/1974 
f 3496/3675/2631 3498/3677/2633 3500/3679/2635 3499/3678/2634 
f 3501/3680/2636 3502/3681/2637 3503/3682/2638 3504/3683/2639 
f 3505/3684/2640 3501/3680/2636 3504/3683/2639 3506/3685/2641 
f 3497/3676/2632 3502/3681/2637 3501/3680/2636 3498/3677/2633 
f 3498/3677/2633 3501/3680/2636 3505/3684/2640 3500/3679/2635 
f 3507/3686/1132 3487/3666/2622 3486/3665/2621 3508/3687/2642 
f 3486/3665/2621 3481/3660/2616 3509/3688/2643 3508/3687/2642 
f 3506/3685/2641 3507/3686/1132 3508/3687/2642 3505/3684/2640 
f 3508/3687/2642 3509/3688/2643 3500/3679/2635 3505/3684/2640 
f 3479/3658/2614 2811/2980/1951 2835/3004/1975 3510/3689/2644 
f 3510/3689/2644 2835/3004/1975 2834/3003/1974 3499/3678/2634 
f 3481/3660/2616 3479/3658/2614 3510/3689/2644 3509/3688/2643 
f 3509/3688/2643 3510/3689/2644 3499/3678/2634 3500/3679/2635 
f 2851/3020/1991 3511/3690/2645 3512/3691/2646 2852/3021/1992 
f 3511/3690/2645 3513/3692/2647 3514/3693/2648 3512/3691/2646 
f 2852/3021/1992 3512/3691/2646 3515/3694/2649 2854/3023/1994 
f 3512/3691/2646 3514/3693/2648 3516/3695/2650 3515/3694/2649 
f 3517/3696/2651 3518/3697/2652 3519/3698/2653 3520/3699/2654 
f 3521/3700/2655 3517/3696/2651 3520/3699/2654 3522/3701/2656 
f 3513/3692/2647 3518/3697/2652 3517/3696/2651 3514/3693/2648 
f 3514/3693/2648 3517/3696/2651 3521/3700/2655 3516/3695/2650 
f 3523/3702/2657 3503/3682/2638 3502/3681/2637 3524/3703/2658 
f 3502/3681/2637 3497/3676/2632 3525/3704/2659 3524/3703/2658 
f 3522/3701/2656 3523/3702/2657 3524/3703/2658 3521/3700/2655 
f 3524/3703/2658 3525/3704/2659 3516/3695/2650 3521/3700/2655 
f 3495/3674/2630 2831/3000/1971 2855/3024/1995 3526/3705/2660 
f 3526/3705/2660 2855/3024/1995 2854/3023/1994 3515/3694/2649 
f 3497/3676/2632 3495/3674/2630 3526/3705/2660 3525/3704/2659 
f 3525/3704/2659 3526/3705/2660 3515/3694/2649 3516/3695/2650 
f 2871/3040/2011 3527/3706/2661 3528/3707/2662 2872/3041/2012 
f 3527/3706/2661 3529/3708/2663 3530/3709/2664 3528/3707/2662 
f 2872/3041/2012 3528/3707/2662 3531/3710/2665 2874/3043/2014 
f 3528/3707/2662 3530/3709/2664 3532/3711/2666 3531/3710/2665 
f 3533/3712/2667 3534/3713/2668 3535/3714/2669 3536/3715/2670 
f 3537/3716/2671 3533/3712/2667 3536/3715/2670 3538/3717/1161 
f 3529/3708/2663 3534/3713/2668 3533/3712/2667 3530/3709/2664 
f 3530/3709/2664 3533/3712/2667 3537/3716/2671 3532/3711/2666 
f 3539/3718/2672 3519/3698/2653 3518/3697/2652 3540/3719/2673 
f 3518/3697/2652 3513/3692/2647 3541/3720/2674 3540/3719/2673 
f 3538/3717/1161 3539/3718/2672 3540/3719/2673 3537/3716/2671 
f 3540/3719/2673 3541/3720/2674 3532/3711/2666 3537/3716/2671 
f 3511/3690/2645 2851/3020/1991 2875/3044/2015 3542/3721/2675 
f 3542/3721/2675 2875/3044/2015 2874/3043/2014 3531/3710/2665 
f 3513/3692/2647 3511/3690/2645 3542/3721/2675 3541/3720/2674 
f 3541/3720/2674 3542/3721/2675 3531/3710/2665 3532/3711/2666 
f 2891/3060/2031 3543/3722/2676 3544/3723/2677 2892/3061/2032 
f 3543/3722/2676 3545/3724/2678 3546/3725/2679 3544/3723/2677 
f 2892/3061/2032 3544/3723/2677 3547/3726/2680 2894/3063/2034 
f 3544/3723/2677 3546/3725/2679 3548/3727/2681 3547/3726/2680 
f 3549/3728/2682 3550/3729/2683 3551/3730/2684 3552/3731/2685 
f 3553/3732/2686 3549/3728/2682 3552/3731/2685 3554/3733/2687 
f 3545/3724/2678 3550/3729/2683 3549/3728/2682 3546/3725/2679 
f 3546/3725/2679 3549/3728/2682 3553/3732/2686 3548/3727/2681 
f 3555/3734/2688 3535/3714/2669 3534/3713/2668 3556/3735/2689 
f 3534/3713/2668 3529/3708/2663 3557/3736/2690 3556/3735/2689 
f 3554/3733/2687 3555/3734/2688 3556/3735/2689 3553/3732/2686 
f 3556/3735/2689 3557/3736/2690 3548/3727/2681 3553/3732/2686 
f 3527/3706/2661 2871/3040/2011 2895/3064/2035 3558/3737/2691 
f 3558/3737/2691 2895/3064/2035 2894/3063/2034 3547/3726/2680 
f 3529/3708/2663 3527/3706/2661 3558/3737/2691 3557/3736/2690 
f 3557/3736/2690 3558/3737/2691 3547/3726/2680 3548/3727/2681 
f 2911/3080/2051 3559/3738/2692 3560/3739/2693 2912/3081/2052 
f 3559/3738/2692 3561/3740/2694 3562/3741/2695 3560/3739/2693 
f 2912/3081/2052 3560/3739/2693 3563/3742/2696 2914/3083/2054 
f 3560/3739/2693 3562/3741/2695 3564/3743/2697 3563/3742/2696 
f 3565/3744/2698 3566/3745/2699 3567/3746/2700 3568/3747/1191 
f 3569/3748/2701 3565/3744/2698 3568/3747/1191 3570/3749/2702 
f 3561/3740/2694 3566/3745/2699 3565/3744/2698 3562/3741/2695 
f 3562/3741/2695 3565/3744/2698 3569/3748/2701 3564/3743/2697 
f 3571/3750/2703 3551/3751/2684 3550/3752/2683 3572/3753/2704 
f 3550/3752/2683 3545/3754/2678 3573/3755/2705 3572/3753/2704 
f 3570/3749/2702 3571/3750/2703 3572/3753/2704 3569/3748/2701 
f 3572/3753/2704 3573/3755/2705 3564/3743/2697 3569/3748/2701 
f 3574/3756/2706 3543/3757/2676 2891/3085/2031 2915/3084/2055 
f 3574/3756/2706 2915/3084/2055 2914/3083/2054 3563/3742/2696 
f 3545/3754/2678 3543/3757/2676 3574/3756/2706 3573/3755/2705 
f 3573/3755/2705 3574/3756/2706 3563/3742/2696 3564/3743/2697 
f 2931/3105/2071 3575/3758/2707 3576/3759/2708 2932/3106/2072 
f 3575/3758/2707 3577/3760/2709 3578/3761/2710 3576/3759/2708 
f 2932/3106/2072 3576/3759/2708 3579/3762/2711 2934/3108/2074 
f 3576/3759/2708 3578/3761/2710 3580/3763/2712 3579/3762/2711 
f 3581/3764/2713 3582/3765/2714 3583/3766/2715 3584/3767/2716 
f 3585/3768/2717 3581/3764/2713 3584/3767/2716 3586/3769/2718 
f 3577/3760/2709 3582/3765/2714 3581/3764/2713 3578/3761/2710 
f 3578/3761/2710 3581/3764/2713 3585/3768/2717 3580/3763/2712 
f 3587/3770/2719 3567/3746/2700 3566/3745/2699 3588/3771/2720 
f 3566/3745/2699 3561/3740/2694 3589/3772/2721 3588/3771/2720 
f 3586/3769/2718 3587/3770/2719 3588/3771/2720 3585/3768/2717 
f 3588/3771/2720 3589/3772/2721 3580/3763/2712 3585/3768/2717 
f 3559/3738/2692 2911/3080/2051 2935/3109/2075 3590/3773/2722 
f 2934/3108/2074 3579/3762/2711 3590/3773/2722 2935/3109/2075 
f 3561/3740/2694 3559/3738/2692 3590/3773/2722 3589/3772/2721 
f 3589/3772/2721 3590/3773/2722 3579/3762/2711 3580/3763/2712 
f 2611/2780/1751 3333/3512/2472 3591/3774/2723 2947/3121/2087 
f 3333/3512/2472 3331/3510/2470 3592/3775/2724 3591/3774/2723 
f 2947/3121/2087 3591/3774/2723 3593/3776/2725 2949/3123/2089 
f 3591/3774/2723 3592/3775/2724 3594/3777/2726 3593/3776/2725 
f 3595/3778/2727 3329/3508/2468 3328/3507/955 3596/3779/2728 
f 3597/3780/2729 3595/3778/2727 3596/3779/2728 3598/3781/2730 
f 3331/3510/2470 3329/3508/2468 3595/3778/2727 3592/3775/2724 
f 3592/3775/2724 3595/3778/2727 3597/3780/2729 3594/3777/2726 
f 3599/3782/2731 3583/3766/2715 3582/3765/2714 3600/3783/2732 
f 3582/3765/2714 3577/3760/2709 3601/3784/2733 3600/3783/2732 
f 3598/3781/2730 3599/3782/2731 3600/3783/2732 3597/3780/2729 
f 3600/3783/2732 3601/3784/2733 3594/3777/2726 3597/3780/2729 
f 3575/3758/2707 2931/3105/2071 2950/3124/2090 3602/3785/2734 
f 3602/3785/2734 2950/3124/2090 2949/3123/2089 3593/3776/2725 
f 3577/3760/2709 3575/3758/2707 3602/3785/2734 3601/3784/2733 
f 3601/3784/2733 3602/3785/2734 3593/3776/2725 3594/3777/2726 
f 3324/3503/2464 3323/3502/2463 3603/3786/2735 3604/3787/2736 
f 3603/3786/2735 3605/3788/2737 3606/3789/2738 3604/3787/2736 
f 3326/3505/2466 3324/3503/2464 3604/3787/2736 3607/3790/2739 
f 3604/3787/2736 3606/3789/2738 3608/3791/2740 3607/3790/2739 
f 3609/3792/2741 2956/3130/2096 2955/3129/2095 3610/3793/2742 
f 3610/3793/2742 2955/3129/2095 2961/3135/2101 3611/3794/2743 
f 3605/3788/2737 3609/3792/2741 3610/3793/2742 3606/3789/2738 
f 3606/3789/2738 3610/3793/2742 3611/3794/2743 3608/3791/2740 
f 2978/3152/2118 3612/3795/2744 3613/3796/2745 2979/3153/2119 
f 3612/3795/2744 3614/3797/2746 3615/3798/2747 3613/3796/2745 
f 2979/3153/2119 3613/3796/2745 3611/3794/2743 2961/3135/2101 
f 3613/3796/2745 3615/3798/2747 3608/3791/2740 3611/3794/2743 
f 3616/3799/2748 3617/3800/2749 3328/3507/955 3327/3506/2467 
f 3607/3790/2739 3616/3799/2748 3327/3506/2467 3326/3505/2466 
f 3614/3797/2746 3617/3800/2749 3616/3799/2748 3615/3798/2747 
f 3615/3798/2747 3616/3799/2748 3607/3790/2739 3608/3791/2740 
f 3344/3523/2483 3343/3522/2482 3618/3801/2750 3619/3802/2751 
f 3618/3801/2750 3620/3803/2752 3621/3804/2753 3619/3802/2751 
f 3346/3525/2485 3344/3523/2483 3619/3802/2751 3622/3805/2754 
f 3619/3802/2751 3621/3804/2753 3623/3806/2755 3622/3805/2754 
f 3624/3807/2756 2981/3155/2121 2980/3154/2120 3625/3808/2757 
f 2986/3160/2126 3626/3809/2758 3625/3808/2757 2980/3154/2120 
f 3620/3803/2752 3624/3807/2756 3625/3808/2757 3621/3804/2753 
f 3621/3804/2753 3625/3808/2757 3626/3809/2758 3623/3806/2755 
f 2956/3130/2096 3609/3792/2741 3627/3810/2759 2999/3173/2139 
f 3609/3792/2741 3605/3788/2737 3628/3811/2760 3627/3810/2759 
f 2999/3173/2139 3627/3810/2759 3626/3809/2758 2986/3160/2126 
f 3627/3810/2759 3628/3811/2760 3623/3806/2755 3626/3809/2758 
f 3629/3812/2761 3603/3786/2735 3323/3502/2463 3347/3526/2486 
f 3622/3805/2754 3629/3812/2761 3347/3526/2486 3346/3525/2485 
f 3605/3788/2737 3603/3786/2735 3629/3812/2761 3628/3811/2760 
f 3628/3811/2760 3629/3812/2761 3622/3805/2754 3623/3806/2755 
f 3360/3539/2499 3359/3538/2498 3630/3813/2762 3631/3814/2763 
f 3630/3813/2762 3632/3815/2764 3633/3816/2765 3631/3814/2763 
f 3362/3541/2501 3360/3539/2499 3631/3814/2763 3634/3817/2766 
f 3631/3814/2763 3633/3816/2765 3635/3818/2767 3634/3817/2766 
f 3636/3819/2768 3637/3820/2769 3001/3175/2141 3000/3174/2140 
f 3636/3819/2768 3000/3174/2140 3006/3180/2146 3638/3821/2770 
f 3632/3815/2764 3637/3820/2769 3636/3819/2768 3633/3816/2765 
f 3633/3816/2765 3636/3819/2768 3638/3821/2770 3635/3818/2767 
f 2981/3155/2121 3624/3807/2756 3639/3822/2771 3019/3193/2159 
f 3624/3807/2756 3620/3803/2752 3640/3823/2772 3639/3822/2771 
f 3019/3193/2159 3639/3822/2771 3638/3821/2770 3006/3180/2146 
f 3639/3822/2771 3640/3823/2772 3635/3818/2767 3638/3821/2770 
f 3641/3824/2773 3618/3801/2750 3343/3522/2482 3363/3542/988 
f 3634/3817/2766 3641/3824/2773 3363/3542/988 3362/3541/2501 
f 3620/3803/2752 3618/3801/2750 3641/3824/2773 3640/3823/2772 
f 3640/3823/2772 3641/3824/2773 3634/3817/2766 3635/3818/2767 
f 3376/3555/2514 3375/3554/2513 3642/3825/2774 3643/3826/2775 
f 3642/3825/2774 3644/3827/2776 3645/3828/2777 3643/3826/2775 
f 3378/3557/2516 3376/3555/2514 3643/3826/2775 3646/3829/2778 
f 3643/3826/2775 3645/3828/2777 3647/3830/2779 3646/3829/2778 
f 3648/3831/2780 3021/3195/2161 3020/3194/2160 3649/3832/2781 
f 3649/3832/2781 3020/3194/2160 3026/3200/2166 3650/3833/2782 
f 3644/3827/2776 3648/3831/2780 3649/3832/2781 3645/3828/2777 
f 3645/3828/2777 3649/3832/2781 3650/3833/2782 3647/3830/2779 
f 3001/3175/2141 3637/3820/2769 3651/3834/2783 3039/3213/2179 
f 3637/3820/2769 3632/3815/2764 3652/3835/2784 3651/3834/2783 
f 3039/3213/2179 3651/3834/2783 3650/3833/2782 3026/3200/2166 
f 3651/3834/2783 3652/3835/2784 3647/3830/2779 3650/3833/2782 
f 3653/3836/2785 3630/3813/2762 3359/3538/2498 3379/3558/2517 
f 3646/3829/2778 3653/3836/2785 3379/3558/2517 3378/3557/2516 
f 3632/3815/2764 3630/3813/2762 3653/3836/2785 3652/3835/2784 
f 3652/3835/2784 3653/3836/2785 3646/3829/2778 3647/3830/2779 
f 3392/3571/2530 3391/3570/2529 3654/3837/2786 3655/3838/2787 
f 3654/3837/2786 3656/3839/2788 3657/3840/2789 3655/3838/2787 
f 3394/3573/1017 3392/3571/2530 3655/3838/2787 3658/3841/2790 
f 3655/3838/2787 3657/3840/2789 3659/3842/2791 3658/3841/2790 
f 3660/3843/2792 3041/3215/2181 3040/3214/2180 3661/3844/2793 
f 3661/3844/2793 3040/3214/2180 3046/3220/2186 3662/3845/2794 
f 3656/3839/2788 3660/3843/2792 3661/3844/2793 3657/3840/2789 
f 3657/3840/2789 3661/3844/2793 3662/3845/2794 3659/3842/2791 
f 3021/3195/2161 3648/3831/2780 3663/3846/2795 3059/3233/2199 
f 3648/3831/2780 3644/3827/2776 3664/3847/2796 3663/3846/2795 
f 3059/3233/2199 3663/3846/2795 3662/3845/2794 3046/3220/2186 
f 3663/3846/2795 3664/3847/2796 3659/3842/2791 3662/3845/2794 
f 3665/3848/2797 3642/3825/2774 3375/3554/2513 3395/3574/2532 
f 3658/3841/2790 3665/3848/2797 3395/3574/2532 3394/3573/1017 
f 3644/3827/2776 3642/3825/2774 3665/3848/2797 3664/3847/2796 
f 3664/3847/2796 3665/3848/2797 3658/3841/2790 3659/3842/2791 
f 3408/3587/2545 3407/3586/2544 3666/3849/2798 3667/3850/2799 
f 3666/3849/2798 3668/3851/2800 3669/3852/2801 3667/3850/2799 
f 3410/3589/2547 3408/3587/2545 3667/3850/2799 3670/3853/2802 
f 3667/3850/2799 3669/3852/2801 3671/3854/2803 3670/3853/2802 
f 3672/3855/2804 3061/3235/2201 3060/3234/2200 3673/3856/2805 
f 3673/3856/2805 3060/3234/2200 3066/3240/2206 3674/3857/2806 
f 3668/3851/2800 3672/3855/2804 3673/3856/2805 3669/3852/2801 
f 3669/3852/2801 3673/3856/2805 3674/3857/2806 3671/3854/2803 
f 3041/3215/2181 3660/3843/2792 3675/3858/2807 3079/3253/2219 
f 3660/3843/2792 3656/3839/2788 3676/3859/2808 3675/3858/2807 
f 3079/3253/2219 3675/3858/2807 3674/3857/2806 3066/3240/2206 
f 3675/3858/2807 3676/3859/2808 3671/3854/2803 3674/3857/2806 
f 3677/3860/2809 3654/3837/2786 3391/3570/2529 3411/3590/2548 
f 3670/3853/2802 3677/3860/2809 3411/3590/2548 3410/3589/2547 
f 3656/3839/2788 3654/3837/2786 3677/3860/2809 3676/3859/2808 
f 3676/3859/2808 3677/3860/2809 3670/3853/2802 3671/3854/2803 
f 3424/3603/1047 3423/3602/2560 3678/3861/2810 3679/3862/2811 
f 3678/3861/2810 3680/3863/2812 3681/3864/2813 3679/3862/2811 
f 3426/3605/2562 3424/3603/1047 3679/3862/2811 3682/3865/2814 
f 3679/3862/2811 3681/3864/2813 3683/3866/2815 3682/3865/2814 
f 3684/3867/2816 3081/3255/2221 3080/3254/2220 3685/3868/2817 
f 3685/3868/2817 3080/3254/2220 3086/3260/2226 3686/3869/2818 
f 3680/3863/2812 3684/3867/2816 3685/3868/2817 3681/3864/2813 
f 3681/3864/2813 3685/3868/2817 3686/3869/2818 3683/3866/2815 
f 3061/3235/2201 3672/3855/2804 3687/3870/2819 3099/3273/2239 
f 3672/3855/2804 3668/3851/2800 3688/3871/2820 3687/3870/2819 
f 3099/3273/2239 3687/3870/2819 3686/3869/2818 3086/3260/2226 
f 3687/3870/2819 3688/3871/2820 3683/3866/2815 3686/3869/2818 
f 3689/3872/2821 3666/3849/2798 3407/3586/2544 3427/3606/2563 
f 3682/3865/2814 3689/3872/2821 3427/3606/2563 3426/3605/2562 
f 3668/3851/2800 3666/3849/2798 3689/3872/2821 3688/3871/2820 
f 3688/3871/2820 3689/3872/2821 3682/3865/2814 3683/3866/2815 
f 3440/3619/2576 3439/3618/2575 3690/3873/2822 3691/3874/2823 
f 3690/3873/2822 3692/3875/2824 3693/3876/2825 3691/3874/2823 
f 3442/3621/2578 3440/3619/2576 3691/3874/2823 3694/3877/2826 
f 3691/3874/2823 3693/3876/2825 3695/3878/2827 3694/3877/2826 
f 3696/3879/2828 3101/3275/2241 3100/3274/2240 3697/3880/2829 
f 3697/3880/2829 3100/3274/2240 3106/3280/2246 3698/3881/2830 
f 3692/3875/2824 3696/3879/2828 3697/3880/2829 3693/3876/2825 
f 3693/3876/2825 3697/3880/2829 3698/3881/2830 3695/3878/2827 
f 3081/3255/2221 3684/3867/2816 3699/3882/2831 3119/3293/2259 
f 3684/3867/2816 3680/3863/2812 3700/3883/2832 3699/3882/2831 
f 3699/3882/2831 3698/3881/2830 3106/3280/2246 3119/3293/2259 
f 3699/3882/2831 3700/3883/2832 3695/3878/2827 3698/3881/2830 
f 3701/3884/2833 3678/3861/2810 3423/3602/2560 3443/3622/2579 
f 3694/3877/2826 3701/3884/2833 3443/3622/2579 3442/3621/2578 
f 3680/3863/2812 3678/3861/2810 3701/3884/2833 3700/3883/2832 
f 3700/3883/2832 3701/3884/2833 3694/3877/2826 3695/3878/2827 
f 3456/3635/2591 3455/3634/1078 3702/3885/2834 3703/3886/2835 
f 3702/3885/2834 3704/3887/2836 3705/3888/2837 3703/3886/2835 
f 3458/3637/2593 3456/3635/2591 3703/3886/2835 3706/3889/2838 
f 3703/3886/2835 3705/3888/2837 3707/3890/2839 3706/3889/2838 
f 3708/3891/2840 3121/3295/2261 3120/3294/2260 3709/3892/2841 
f 3709/3892/2841 3120/3294/2260 3126/3300/2266 3710/3893/2842 
f 3704/3887/2836 3708/3891/2840 3709/3892/2841 3705/3888/2837 
f 3705/3888/2837 3709/3892/2841 3710/3893/2842 3707/3890/2839 
f 3101/3275/2241 3696/3879/2828 3711/3894/2843 3139/3313/2279 
f 3696/3879/2828 3692/3875/2824 3712/3895/2844 3711/3894/2843 
f 3139/3313/2279 3711/3894/2843 3710/3893/2842 3126/3300/2266 
f 3711/3894/2843 3712/3895/2844 3707/3890/2839 3710/3893/2842 
f 3713/3896/2845 3690/3873/2822 3439/3618/2575 3459/3638/2594 
f 3706/3889/2838 3713/3896/2845 3459/3638/2594 3458/3637/2593 
f 3692/3875/2824 3690/3873/2822 3713/3896/2845 3712/3895/2844 
f 3712/3895/2844 3713/3896/2845 3706/3889/2838 3707/3890/2839 
f 3472/3651/2607 3471/3650/2606 3714/3897/2846 3715/3898/2847 
f 3714/3897/2846 3716/3899/2848 3717/3900/2849 3715/3898/2847 
f 3474/3653/2609 3472/3651/2607 3715/3898/2847 3718/3901/2850 
f 3715/3898/2847 3717/3900/2849 3719/3902/2851 3718/3901/2850 
f 3720/3903/2852 3141/3315/2281 3140/3314/2280 3721/3904/2853 
f 3721/3904/2853 3140/3314/2280 3146/3320/2286 3722/3905/2854 
f 3716/3899/2848 3720/3903/2852 3721/3904/2853 3717/3900/2849 
f 3717/3900/2849 3721/3904/2853 3722/3905/2854 3719/3902/2851 
f 3121/3295/2261 3708/3891/2840 3723/3906/2855 3159/3333/2299 
f 3708/3891/2840 3704/3887/2836 3724/3907/2856 3723/3906/2855 
f 3159/3333/2299 3723/3906/2855 3722/3905/2854 3146/3320/2286 
f 3723/3906/2855 3724/3907/2856 3719/3902/2851 3722/3905/2854 
f 3725/3908/2857 3702/3885/2834 3455/3634/1078 3475/3654/2610 
f 3718/3901/2850 3725/3908/2857 3475/3654/2610 3474/3653/2609 
f 3704/3887/2836 3702/3885/2834 3725/3908/2857 3724/3907/2856 
f 3724/3907/2856 3725/3908/2857 3718/3901/2850 3719/3902/2851 
f 3488/3667/2623 3487/3666/2622 3726/3909/2858 3727/3910/2859 
f 3726/3909/2858 3728/3911/2860 3729/3912/2861 3727/3910/2859 
f 3490/3669/2625 3488/3667/2623 3727/3910/2859 3730/3913/2862 
f 3727/3910/2859 3729/3912/2861 3731/3914/2863 3730/3913/2862 
f 3732/3915/2864 3161/3335/2301 3160/3334/2300 3733/3916/2865 
f 3166/3340/2306 3734/3917/2866 3733/3916/2865 3160/3334/2300 
f 3728/3911/2860 3732/3915/2864 3733/3916/2865 3729/3912/2861 
f 3729/3912/2861 3733/3916/2865 3734/3917/2866 3731/3914/2863 
f 3141/3315/2281 3720/3903/2852 3735/3918/2867 3179/3353/2319 
f 3720/3903/2852 3716/3899/2848 3736/3919/2868 3735/3918/2867 
f 3179/3353/2319 3735/3918/2867 3734/3917/2866 3166/3340/2306 
f 3735/3918/2867 3736/3919/2868 3731/3914/2863 3734/3917/2866 
f 3737/3920/2869 3714/3897/2846 3471/3650/2606 3491/3670/2626 
f 3730/3913/2862 3737/3920/2869 3491/3670/2626 3490/3669/2625 
f 3716/3899/2848 3714/3897/2846 3737/3920/2869 3736/3919/2868 
f 3736/3919/2868 3737/3920/2869 3730/3913/2862 3731/3914/2863 
f 3504/3683/2639 3503/3682/2638 3738/3921/2870 3739/3922/2871 
f 3738/3921/2870 3740/3923/2872 3741/3924/2873 3739/3922/2871 
f 3506/3685/2641 3504/3683/2639 3739/3922/2871 3742/3925/2874 
f 3739/3922/2871 3741/3924/2873 3743/3926/2875 3742/3925/2874 
f 3744/3927/2876 3745/3928/2877 3181/3355/2321 3180/3354/2320 
f 3744/3927/2876 3180/3354/2320 3186/3360/2326 3746/3929/2878 
f 3740/3923/2872 3745/3928/2877 3744/3927/2876 3741/3924/2873 
f 3741/3924/2873 3744/3927/2876 3746/3929/2878 3743/3926/2875 
f 3161/3335/2301 3732/3915/2864 3747/3930/2879 3199/3373/2339 
f 3732/3915/2864 3728/3911/2860 3748/3931/2880 3747/3930/2879 
f 3199/3373/2339 3747/3930/2879 3746/3929/2878 3186/3360/2326 
f 3747/3930/2879 3748/3931/2880 3743/3926/2875 3746/3929/2878 
f 3749/3932/2881 3726/3909/2858 3487/3666/2622 3507/3686/1132 
f 3742/3925/2874 3749/3932/2881 3507/3686/1132 3506/3685/2641 
f 3728/3911/2860 3726/3909/2858 3749/3932/2881 3748/3931/2880 
f 3748/3931/2880 3749/3932/2881 3742/3925/2874 3743/3926/2875 
f 3520/3699/2654 3519/3698/2653 3750/3933/2882 3751/3934/2883 
f 3750/3933/2882 3752/3935/2884 3753/3936/2885 3751/3934/2883 
f 3522/3701/2656 3520/3699/2654 3751/3934/2883 3754/3937/2886 
f 3751/3934/2883 3753/3936/2885 3755/3938/2887 3754/3937/2886 
f 3756/3939/2888 3201/3375/2341 3200/3374/2340 3757/3940/2889 
f 3757/3940/2889 3200/3374/2340 3206/3380/2346 3758/3941/2890 
f 3752/3935/2884 3756/3939/2888 3757/3940/2889 3753/3936/2885 
f 3753/3936/2885 3757/3940/2889 3758/3941/2890 3755/3938/2887 
f 3181/3355/2321 3745/3928/2877 3759/3942/2891 3219/3393/2359 
f 3745/3928/2877 3740/3923/2872 3760/3943/2892 3759/3942/2891 
f 3219/3393/2359 3759/3942/2891 3758/3941/2890 3206/3380/2346 
f 3759/3942/2891 3760/3943/2892 3755/3938/2887 3758/3941/2890 
f 3761/3944/2893 3738/3921/2870 3503/3682/2638 3523/3702/2657 
f 3754/3937/2886 3761/3944/2893 3523/3702/2657 3522/3701/2656 
f 3740/3923/2872 3738/3921/2870 3761/3944/2893 3760/3943/2892 
f 3760/3943/2892 3761/3944/2893 3754/3937/2886 3755/3938/2887 
f 3536/3715/2670 3535/3714/2669 3762/3945/2894 3763/3946/2895 
f 3762/3945/2894 3764/3947/2896 3765/3948/2897 3763/3946/2895 
f 3538/3717/1161 3536/3715/2670 3763/3946/2895 3766/3949/2898 
f 3763/3946/2895 3765/3948/2897 3767/3950/2899 3766/3949/2898 
f 3768/3951/2900 3221/3395/2361 3220/3394/2360 3769/3952/2901 
f 3769/3952/2901 3220/3394/2360 3226/3400/2366 3770/3953/2902 
f 3764/3947/2896 3768/3951/2900 3769/3952/2901 3765/3948/2897 
f 3765/3948/2897 3769/3952/2901 3770/3953/2902 3767/3950/2899 
f 3201/3375/2341 3756/3939/2888 3771/3954/2903 3239/3413/2379 
f 3756/3939/2888 3752/3935/2884 3772/3955/2904 3771/3954/2903 
f 3239/3413/2379 3771/3954/2903 3770/3953/2902 3226/3400/2366 
f 3771/3954/2903 3772/3955/2904 3767/3950/2899 3770/3953/2902 
f 3773/3956/2905 3750/3933/2882 3519/3698/2653 3539/3718/2672 
f 3766/3949/2898 3773/3956/2905 3539/3718/2672 3538/3717/1161 
f 3752/3935/2884 3750/3933/2882 3773/3956/2905 3772/3955/2904 
f 3772/3955/2904 3773/3956/2905 3766/3949/2898 3767/3950/2899 
f 3552/3731/2685 3551/3730/2684 3774/3957/2906 3775/3958/2907 
f 3774/3957/2906 3776/3959/2908 3777/3960/2909 3775/3958/2907 
f 3554/3733/2687 3552/3731/2685 3775/3958/2907 3778/3961/2910 
f 3775/3958/2907 3777/3960/2909 3779/3962/2911 3778/3961/2910 
f 3780/3963/2912 3241/3415/2381 3240/3414/2380 3781/3964/2913 
f 3781/3964/2913 3240/3414/2380 3246/3420/2386 3782/3965/2914 
f 3776/3959/2908 3780/3963/2912 3781/3964/2913 3777/3960/2909 
f 3777/3960/2909 3781/3964/2913 3782/3965/2914 3779/3962/2911 
f 3221/3395/2361 3768/3951/2900 3783/3966/2915 3259/3433/2399 
f 3768/3951/2900 3764/3947/2896 3784/3967/2916 3783/3966/2915 
f 3259/3433/2399 3783/3966/2915 3782/3965/2914 3246/3420/2386 
f 3783/3966/2915 3784/3967/2916 3779/3962/2911 3782/3965/2914 
f 3785/3968/2917 3762/3945/2894 3535/3714/2669 3555/3734/2688 
f 3778/3961/2910 3785/3968/2917 3555/3734/2688 3554/3733/2687 
f 3764/3947/2896 3762/3945/2894 3785/3968/2917 3784/3967/2916 
f 3784/3967/2916 3785/3968/2917 3778/3961/2910 3779/3962/2911 
f 3568/3747/1191 3567/3746/2700 3786/3969/2918 3787/3970/2919 
f 3786/3969/2918 3788/3971/2920 3789/3972/2921 3787/3970/2919 
f 3570/3749/2702 3568/3747/1191 3787/3970/2919 3790/3973/2922 
f 3787/3970/2919 3789/3972/2921 3791/3974/2923 3790/3973/2922 
f 3792/3975/2924 3261/3435/2401 3260/3434/2400 3793/3976/2925 
f 3793/3976/2925 3260/3434/2400 3266/3440/2406 3794/3977/2926 
f 3788/3971/2920 3792/3975/2924 3793/3976/2925 3789/3972/2921 
f 3789/3972/2921 3793/3976/2925 3794/3977/2926 3791/3974/2923 
f 3241/3457/2381 3780/3978/2912 3795/3979/2927 3279/3458/2419 
f 3780/3978/2912 3776/3980/2908 3796/3981/2928 3795/3979/2927 
f 3279/3458/2419 3795/3979/2927 3794/3977/2926 3266/3440/2406 
f 3795/3979/2927 3796/3981/2928 3791/3974/2923 3794/3977/2926 
f 3797/3982/2929 3774/3983/2906 3551/3751/2684 3571/3750/2703 
f 3790/3973/2922 3797/3982/2929 3571/3750/2703 3570/3749/2702 
f 3776/3980/2908 3774/3983/2906 3797/3982/2929 3796/3981/2928 
f 3796/3981/2928 3797/3982/2929 3790/3973/2922 3791/3974/2923 
f 3584/3767/2716 3583/3766/2715 3798/3984/2930 3799/3985/2931 
f 3798/3984/2930 3800/3986/2932 3801/3987/2933 3799/3985/2931 
f 3586/3769/2718 3584/3767/2716 3799/3985/2931 3802/3988/2934 
f 3799/3985/2931 3801/3987/2933 3803/3989/2935 3802/3988/2934 
f 3804/3990/2936 3281/3460/2421 3280/3459/2420 3805/3991/2937 
f 3805/3991/2937 3280/3459/2420 3286/3465/2426 3806/3992/2938 
f 3800/3986/2932 3804/3990/2936 3805/3991/2937 3801/3987/2933 
f 3801/3987/2933 3805/3991/2937 3806/3992/2938 3803/3989/2935 
f 3261/3435/2401 3792/3975/2924 3807/3993/2939 3299/3478/2439 
f 3792/3975/2924 3788/3971/2920 3808/3994/2940 3807/3993/2939 
f 3807/3993/2939 3806/3992/2938 3286/3465/2426 3299/3478/2439 
f 3807/3993/2939 3808/3994/2940 3803/3989/2935 3806/3992/2938 
f 3809/3995/2941 3786/3969/2918 3567/3746/2700 3587/3770/2719 
f 3802/3988/2934 3809/3995/2941 3587/3770/2719 3586/3769/2718 
f 3788/3971/2920 3786/3969/2918 3809/3995/2941 3808/3994/2940 
f 3808/3994/2940 3809/3995/2941 3802/3988/2934 3803/3989/2935 
f 3596/3779/2728 3328/3507/955 3617/3800/2749 3810/3996/2942 
f 3617/3800/2749 3614/3797/2746 3811/3997/2943 3810/3996/2942 
f 3598/3781/2730 3596/3779/2728 3810/3996/2942 3812/3998/2944 
f 3810/3996/2942 3811/3997/2943 3813/3999/2945 3812/3998/2944 
f 3612/3795/2744 2978/3152/2118 3300/3479/2440 3814/4000/2946 
f 3814/4000/2946 3300/3479/2440 3303/3482/2443 3815/4001/2947 
f 3614/3797/2746 3612/3795/2744 3814/4000/2946 3811/3997/2943 
f 3811/3997/2943 3814/4000/2946 3815/4001/2947 3813/3999/2945 
f 3281/3460/2421 3804/3990/2936 3816/4002/2948 3314/3493/2454 
f 3804/3990/2936 3800/3986/2932 3817/4003/2949 3816/4002/2948 
f 3314/3493/2454 3816/4002/2948 3815/4001/2947 3303/3482/2443 
f 3816/4002/2948 3817/4003/2949 3813/3999/2945 3815/4001/2947 
f 3818/4004/2950 3798/3984/2930 3583/3766/2715 3599/3782/2731 
f 3812/3998/2944 3818/4004/2950 3599/3782/2731 3598/3781/2730 
f 3800/3986/2932 3798/3984/2930 3818/4004/2950 3817/4003/2949 
f 3817/4003/2949 3818/4004/2950 3812/3998/2944 3813/3999/2945 
f 1237/1327/949 1236/1326/948 3819/4005/2951 3820/4006/2952 
f 3820/4006/2952 3819/4005/2951 3821/4007/2953 3822/4008/2954 
f 1239/1329/951 1237/1327/949 3820/4006/2952 3823/4009/2955 
f 3823/4009/2955 3820/4006/2952 3822/4008/2954 3824/4010/2956 
f 3825/4011/2957 3826/4012/2958 2065/2234/1457 2064/2233/1456 
f 3827/4013/2959 3825/4011/2957 2064/2233/1456 2058/2227/1450 
f 3822/4014/2954 3821/4015/2953 3826/4012/2958 3825/4011/2957 
f 3824/4016/2956 3822/4014/2954 3825/4011/2957 3827/4013/2959 
f 2056/2225/1448 2055/2224/1447 3828/4017/2960 3829/4018/2961 
f 3829/4018/2961 3828/4017/2960 3830/4019/2962 3831/4020/2963 
f 2058/2227/1450 2056/2225/1448 3829/4018/2961 3827/4013/2959 
f 3827/4013/2959 3829/4018/2961 3831/4020/2963 3824/4016/2956 
f 3832/4021/2964 3833/4022/2965 1241/1331/955 1240/1330/954 
f 3823/4009/2955 3832/4021/2964 1240/1330/954 1239/1329/951 
f 3831/4023/2963 3830/4024/2962 3833/4022/2965 3832/4021/2964 
f 3824/4010/2956 3831/4023/2963 3832/4021/2964 3823/4009/2955 
f 1249/1339/954 1248/1338/955 3834/4025/2966 3835/4026/2967 
f 3835/4026/2967 3834/4025/2966 3836/4027/2968 3837/4028/2969 
f 1231/1321/951 1249/1339/954 3835/4026/2967 3838/4029/2970 
f 3838/4029/2970 3835/4026/2967 3837/4028/2969 3839/4030/2971 
f 3840/4031/2972 2971/3145/2111 2970/3144/2110 3841/4032/2973 
f 3841/4032/2973 2970/3144/2110 2969/3143/2109 3842/4033/2974 
f 3836/4034/2968 3840/4031/2972 3841/4032/2973 3837/4035/2969 
f 3837/4035/2969 3841/4032/2973 3842/4033/2974 3839/4036/2971 
f 2966/3140/2106 3843/4037/2975 3844/4038/2976 2967/3141/2107 
f 3843/4037/2975 3845/4039/2977 3846/4040/2978 3844/4038/2976 
f 2967/3141/2107 3844/4038/2976 3842/4033/2974 2969/3143/2109 
f 3844/4038/2976 3846/4040/2978 3839/4036/2971 3842/4033/2974 
f 3847/4041/2979 3848/4042/2980 1226/1316/948 1225/1315/949 
f 3838/4029/2970 3847/4041/2979 1225/1315/949 1231/1321/951 
f 3846/4043/2978 3845/4044/2977 3848/4042/2980 3847/4041/2979 
f 3839/4030/2971 3846/4043/2978 3847/4041/2979 3838/4029/2970 
f 1262/1352/967 1261/1351/966 3849/4045/2981 3850/4046/2982 
f 3851/4047/2983 3850/4046/2982 3849/4045/2981 3852/4048/2984 
f 1264/1354/969 1262/1352/967 3850/4046/2982 3853/4049/2985 
f 3853/4049/2985 3850/4046/2982 3851/4047/2983 3854/4050/2986 
f 3855/4051/2987 3856/4052/2988 2087/2256/1475 2086/2255/1474 
f 3857/4053/2989 3855/4051/2987 2086/2255/1474 2081/2250/1469 
f 3851/4054/2983 3852/4055/2984 3856/4052/2988 3855/4051/2987 
f 3854/4056/2986 3851/4054/2983 3855/4051/2987 3857/4053/2989 
f 2079/2248/1467 2065/2234/1457 3826/4012/2958 3858/4057/2990 
f 3858/4057/2990 3826/4012/2958 3821/4015/2953 3859/4058/2991 
f 2081/2250/1469 2079/2248/1467 3858/4057/2990 3857/4053/2989 
f 3857/4053/2989 3858/4057/2990 3859/4058/2991 3854/4056/2986 
f 3860/4059/2992 3819/4005/2951 1236/1326/948 1265/1355/972 
f 3853/4049/2985 3860/4059/2992 1265/1355/972 1264/1354/969 
f 3859/4060/2991 3821/4007/2953 3819/4005/2951 3860/4059/2992 
f 3854/4050/2986 3859/4060/2991 3860/4059/2992 3853/4049/2985 
f 1269/1359/972 1226/1316/948 3848/4042/2980 3861/4061/2993 
f 3861/4061/2993 3848/4042/2980 3845/4044/2977 3862/4062/2994 
f 1256/1346/969 1269/1359/972 3861/4061/2993 3863/4063/2995 
f 3863/4063/2995 3861/4061/2993 3862/4062/2994 3864/4064/2996 
f 3843/4037/2975 2966/3140/2106 2995/3169/2135 3865/4065/2997 
f 3865/4065/2997 2995/3169/2135 2994/3168/2134 3866/4066/2998 
f 3845/4039/2977 3843/4037/2975 3865/4065/2997 3862/4067/2994 
f 3862/4067/2994 3865/4065/2997 3866/4066/2998 3864/4068/2996 
f 2991/3165/2131 3867/4069/2999 3868/4070/3000 2992/3166/2132 
f 3867/4069/2999 3869/4071/3001 3870/4072/3002 3868/4070/3000 
f 2992/3166/2132 3868/4070/3000 3866/4066/2998 2994/3168/2134 
f 3868/4070/3000 3870/4072/3002 3864/4068/2996 3866/4066/2998 
f 3871/4073/3003 3872/4074/3004 1251/1341/966 1250/1340/967 
f 3863/4063/2995 3871/4073/3003 1250/1340/967 1256/1346/969 
f 3870/4075/3002 3869/4076/3001 3872/4074/3004 3871/4073/3003 
f 3864/4064/2996 3870/4075/3002 3871/4073/3003 3863/4063/2995 
f 1282/1372/983 1281/1371/982 3873/4077/3005 3874/4078/3006 
f 3874/4078/3006 3873/4077/3005 3875/4079/3007 3876/4080/3008 
f 1284/1374/985 1282/1372/983 3874/4078/3006 3877/4081/3009 
f 3877/4081/3009 3874/4078/3006 3876/4080/3008 3878/4082/3010 
f 3879/4083/3011 3880/4084/3012 2107/2276/1491 2106/2275/1490 
f 3881/4085/3013 3879/4083/3011 2106/2275/1490 2101/2270/1485 
f 3876/4086/3008 3875/4087/3007 3880/4084/3012 3879/4083/3011 
f 3878/4088/3010 3876/4086/3008 3879/4083/3011 3881/4085/3013 
f 2099/2268/1483 2087/2256/1475 3856/4052/2988 3882/4089/3014 
f 3882/4089/3014 3856/4052/2988 3852/4055/2984 3883/4090/3015 
f 2101/2270/1485 2099/2268/1483 3882/4089/3014 3881/4085/3013 
f 3881/4085/3013 3882/4089/3014 3883/4090/3015 3878/4088/3010 
f 3884/4091/3016 3849/4045/2981 1261/1351/966 1285/1375/988 
f 3877/4081/3009 3884/4091/3016 1285/1375/988 1284/1374/985 
f 3883/4092/3015 3852/4048/2984 3849/4045/2981 3884/4091/3016 
f 3878/4082/3010 3883/4092/3015 3884/4091/3016 3877/4081/3009 
f 1289/1379/988 1251/1341/966 3872/4074/3004 3885/4093/3017 
f 3885/4093/3017 3872/4074/3004 3869/4076/3001 3886/4094/3018 
f 1276/1366/985 1289/1379/988 3885/4093/3017 3887/4095/3019 
f 3887/4095/3019 3885/4093/3017 3886/4094/3018 3888/4096/3020 
f 3867/4069/2999 2991/3165/2131 3015/3189/2155 3889/4097/3021 
f 3889/4097/3021 3015/3189/2155 3014/3188/2154 3890/4098/3022 
f 3869/4071/3001 3867/4069/2999 3889/4097/3021 3886/4099/3018 
f 3886/4099/3018 3889/4097/3021 3890/4098/3022 3888/4100/3020 
f 3011/3185/2151 3891/4101/3023 3892/4102/3024 3012/3186/2152 
f 3891/4101/3023 3893/4103/3025 3894/4104/3026 3892/4102/3024 
f 3012/3186/2152 3892/4102/3024 3890/4098/3022 3014/3188/2154 
f 3892/4102/3024 3894/4104/3026 3888/4100/3020 3890/4098/3022 
f 3895/4105/3027 3896/4106/3028 1271/1361/982 1270/1360/983 
f 3887/4095/3019 3895/4105/3027 1270/1360/983 1276/1366/985 
f 3894/4107/3026 3893/4108/3025 3896/4106/3028 3895/4105/3027 
f 3888/4096/3020 3894/4107/3026 3895/4105/3027 3887/4095/3019 
f 1302/1392/999 1301/1391/998 3897/4109/3029 3898/4110/3030 
f 3898/4110/3030 3897/4109/3029 3899/4111/3031 3900/4112/3032 
f 1304/1394/1001 1302/1392/999 3898/4110/3030 3901/4113/3033 
f 3901/4113/3033 3898/4110/3030 3900/4112/3032 3902/4114/3034 
f 3903/4115/3035 3904/4116/3036 2128/2297/1508 2127/2296/1507 
f 3905/4117/3037 3903/4115/3035 2127/2296/1507 2121/2290/1501 
f 3903/4115/3035 3900/4118/3032 3899/4119/3031 3904/4116/3036 
f 3902/4120/3034 3900/4118/3032 3903/4115/3035 3905/4117/3037 
f 2119/2288/1499 2107/2276/1491 3880/4084/3012 3906/4121/3038 
f 3906/4121/3038 3880/4084/3012 3875/4087/3007 3907/4122/3039 
f 2121/2290/1501 2119/2288/1499 3906/4121/3038 3905/4117/3037 
f 3905/4117/3037 3906/4121/3038 3907/4122/3039 3902/4120/3034 
f 3908/4123/3040 3873/4077/3005 1281/1371/982 1305/1395/1004 
f 3901/4113/3033 3908/4123/3040 1305/1395/1004 1304/1394/1001 
f 3907/4124/3039 3875/4079/3007 3873/4077/3005 3908/4123/3040 
f 3902/4114/3034 3907/4124/3039 3908/4123/3040 3901/4113/3033 
f 1309/1399/1004 1271/1361/982 3896/4106/3028 3909/4125/3041 
f 3909/4125/3041 3896/4106/3028 3893/4108/3025 3910/4126/3042 
f 1296/1386/1001 1309/1399/1004 3909/4125/3041 3911/4127/3043 
f 3911/4127/3043 3909/4125/3041 3910/4126/3042 3912/4128/3044 
f 3891/4101/3023 3011/3185/2151 3035/3209/2175 3913/4129/3045 
f 3913/4129/3045 3035/3209/2175 3034/3208/2174 3914/4130/3046 
f 3893/4103/3025 3891/4101/3023 3913/4129/3045 3910/4131/3042 
f 3910/4131/3042 3913/4129/3045 3914/4130/3046 3912/4132/3044 
f 3031/3205/2171 3915/4133/3047 3916/4134/3048 3032/3206/2172 
f 3915/4133/3047 3917/4135/3049 3918/4136/3050 3916/4134/3048 
f 3032/3206/2172 3916/4134/3048 3914/4130/3046 3034/3208/2174 
f 3916/4134/3048 3918/4136/3050 3912/4132/3044 3914/4130/3046 
f 3919/4137/3051 3920/4138/3052 1291/1381/998 1290/1380/999 
f 3911/4127/3043 3919/4137/3051 1290/1380/999 1296/1386/1001 
f 3918/4139/3050 3917/4140/3049 3920/4138/3052 3919/4137/3051 
f 3912/4128/3044 3918/4139/3050 3919/4137/3051 3911/4127/3043 
f 1322/1412/1015 1321/1411/1014 3921/4141/3053 3922/4142/3054 
f 3922/4142/3054 3921/4141/3053 3923/4143/3055 3924/4144/3056 
f 1324/1414/1017 1322/1412/1015 3922/4142/3054 3925/4145/3057 
f 3925/4145/3057 3922/4142/3054 3924/4144/3056 3926/4146/3058 
f 3927/4147/3059 3928/4148/3060 2147/2316/1523 2146/2315/1522 
f 3929/4149/3061 3927/4147/3059 2146/2315/1522 2141/2310/1517 
f 3924/4150/3056 3923/4151/3055 3928/4148/3060 3927/4147/3059 
f 3926/4152/3058 3924/4150/3056 3927/4147/3059 3929/4149/3061 
f 2139/2308/1515 2128/2297/1508 3904/4116/3036 3930/4153/3062 
f 3931/4154/3063 3930/4153/3062 3904/4116/3036 3899/4119/3031 
f 2141/2310/1517 2139/2308/1515 3930/4153/3062 3929/4149/3061 
f 3929/4149/3061 3930/4153/3062 3931/4154/3063 3926/4152/3058 
f 3932/4155/3064 3897/4109/3029 1301/1391/998 1325/1415/1020 
f 3925/4145/3057 3932/4155/3064 1325/1415/1020 1324/1414/1017 
f 3931/4156/3063 3899/4111/3031 3897/4109/3029 3932/4155/3064 
f 3926/4146/3058 3931/4156/3063 3932/4155/3064 3925/4145/3057 
f 1329/1419/1020 1291/1381/998 3920/4138/3052 3933/4157/3065 
f 3933/4157/3065 3920/4138/3052 3917/4140/3049 3934/4158/3066 
f 1316/1406/1017 1329/1419/1020 3933/4157/3065 3935/4159/3067 
f 3935/4159/3067 3933/4157/3065 3934/4158/3066 3936/4160/3068 
f 3915/4133/3047 3031/3205/2171 3055/3229/2195 3937/4161/3069 
f 3937/4161/3069 3055/3229/2195 3054/3228/2194 3938/4162/3070 
f 3917/4135/3049 3915/4133/3047 3937/4161/3069 3934/4163/3066 
f 3934/4163/3066 3937/4161/3069 3938/4162/3070 3936/4164/3068 
f 3051/3225/2191 3939/4165/3071 3940/4166/3072 3052/3226/2192 
f 3939/4165/3071 3941/4167/3073 3942/4168/3074 3940/4166/3072 
f 3052/3226/2192 3940/4166/3072 3938/4162/3070 3054/3228/2194 
f 3940/4166/3072 3942/4168/3074 3936/4164/3068 3938/4162/3070 
f 3943/4169/3075 3944/4170/3076 1311/1401/1014 1310/1400/1015 
f 3935/4159/3067 3943/4169/3075 1310/1400/1015 1316/1406/1017 
f 3942/4171/3074 3941/4172/3073 3944/4170/3076 3943/4169/3075 
f 3936/4160/3068 3942/4171/3074 3943/4169/3075 3935/4159/3067 
f 1342/1432/1031 1341/1431/1030 3945/4173/3077 3946/4174/3078 
f 3946/4174/3078 3945/4173/3077 3947/4175/3079 3948/4176/3080 
f 1344/1434/1033 1342/1432/1031 3946/4174/3078 3949/4177/3081 
f 3949/4177/3081 3946/4174/3078 3948/4176/3080 3950/4178/3082 
f 3951/4179/3083 3952/4180/3084 2167/2336/1539 2166/2335/1538 
f 3953/4181/3085 3951/4179/3083 2166/2335/1538 2161/2330/1533 
f 3948/4182/3080 3947/4183/3079 3952/4180/3084 3951/4179/3083 
f 3950/4184/3082 3948/4182/3080 3951/4179/3083 3953/4181/3085 
f 2159/2328/1531 2147/2316/1523 3928/4148/3060 3954/4185/3086 
f 3954/4185/3086 3928/4148/3060 3923/4151/3055 3955/4186/3087 
f 2161/2330/1533 2159/2328/1531 3954/4185/3086 3953/4181/3085 
f 3953/4181/3085 3954/4185/3086 3955/4186/3087 3950/4184/3082 
f 3956/4187/3088 3921/4141/3053 1321/1411/1014 1345/1435/1036 
f 3949/4177/3081 3956/4187/3088 1345/1435/1036 1344/1434/1033 
f 3955/4188/3087 3923/4143/3055 3921/4141/3053 3956/4187/3088 
f 3950/4178/3082 3955/4188/3087 3956/4187/3088 3949/4177/3081 
f 1349/1439/1036 1311/1401/1014 3944/4170/3076 3957/4189/3089 
f 3957/4189/3089 3944/4170/3076 3941/4172/3073 3958/4190/3090 
f 1336/1426/1033 1349/1439/1036 3957/4189/3089 3959/4191/3091 
f 3959/4191/3091 3957/4189/3089 3958/4190/3090 3960/4192/3092 
f 3939/4165/3071 3051/3225/2191 3075/3249/2215 3961/4193/3093 
f 3961/4193/3093 3075/3249/2215 3074/3248/2214 3962/4194/3094 
f 3941/4167/3073 3939/4165/3071 3961/4193/3093 3958/4195/3090 
f 3958/4195/3090 3961/4193/3093 3962/4194/3094 3960/4196/3092 
f 3071/3245/2211 3963/4197/3095 3964/4198/3096 3072/3246/2212 
f 3963/4197/3095 3965/4199/3097 3966/4200/3098 3964/4198/3096 
f 3072/3246/2212 3964/4198/3096 3962/4194/3094 3074/3248/2214 
f 3964/4198/3096 3966/4200/3098 3960/4196/3092 3962/4194/3094 
f 3967/4201/3099 3968/4202/3100 1331/1421/1030 1330/1420/1031 
f 3959/4191/3091 3967/4201/3099 1330/1420/1031 1336/1426/1033 
f 3966/4203/3098 3965/4204/3097 3968/4202/3100 3967/4201/3099 
f 3960/4192/3092 3966/4203/3098 3967/4201/3099 3959/4191/3091 
f 1362/1452/1047 1361/1451/1046 3969/4205/3101 3970/4206/3102 
f 3970/4206/3102 3969/4205/3101 3971/4207/3103 3972/4208/3104 
f 1364/1454/1049 1362/1452/1047 3970/4206/3102 3973/4209/3105 
f 3973/4209/3105 3970/4206/3102 3972/4208/3104 3974/4210/3106 
f 3975/4211/3107 3976/4212/3108 2187/2356/1555 2186/2355/1554 
f 3977/4213/3109 3975/4211/3107 2186/2355/1554 2181/2350/1549 
f 3972/4214/3104 3971/4215/3103 3976/4212/3108 3975/4211/3107 
f 3974/4216/3106 3972/4214/3104 3975/4211/3107 3977/4213/3109 
f 2179/2348/1547 2167/2336/1539 3952/4180/3084 3978/4217/3110 
f 3978/4217/3110 3952/4180/3084 3947/4183/3079 3979/4218/3111 
f 2181/2350/1549 2179/2348/1547 3978/4217/3110 3977/4213/3109 
f 3977/4213/3109 3978/4217/3110 3979/4218/3111 3974/4216/3106 
f 3980/4219/3112 3945/4173/3077 1341/1431/1030 1365/1455/1052 
f 3973/4209/3105 3980/4219/3112 1365/1455/1052 1364/1454/1049 
f 3979/4220/3111 3947/4175/3079 3945/4173/3077 3980/4219/3112 
f 3973/4209/3105 3974/4210/3106 3979/4220/3111 3980/4219/3112 
f 1369/1459/1052 1331/1421/1030 3968/4202/3100 3981/4221/3113 
f 3981/4221/3113 3968/4202/3100 3965/4204/3097 3982/4222/3114 
f 1356/1446/1049 1369/1459/1052 3981/4221/3113 3983/4223/3115 
f 3983/4223/3115 3981/4221/3113 3982/4222/3114 3984/4224/3116 
f 3963/4197/3095 3071/3245/2211 3095/3269/2235 3985/4225/3117 
f 3985/4225/3117 3095/3269/2235 3094/3268/2234 3986/4226/3118 
f 3965/4199/3097 3963/4197/3095 3985/4225/3117 3982/4227/3114 
f 3982/4227/3114 3985/4225/3117 3986/4226/3118 3984/4228/3116 
f 3091/3265/2231 3987/4229/3119 3988/4230/3120 3092/3266/2232 
f 3987/4229/3119 3989/4231/3121 3990/4232/3122 3988/4230/3120 
f 3092/3266/2232 3988/4230/3120 3986/4226/3118 3094/3268/2234 
f 3988/4230/3120 3990/4232/3122 3984/4228/3116 3986/4226/3118 
f 3991/4233/3123 3992/4234/3124 1351/1441/1046 1350/1440/1047 
f 3983/4223/3115 3991/4233/3123 1350/1440/1047 1356/1446/1049 
f 3990/4235/3122 3989/4236/3121 3992/4234/3124 3991/4233/3123 
f 3984/4224/3116 3990/4235/3122 3991/4233/3123 3983/4223/3115 
f 1382/1472/1063 1381/1471/1062 3993/4237/3125 3994/4238/3126 
f 3994/4238/3126 3993/4237/3125 3995/4239/3127 3996/4240/3128 
f 1384/1474/1065 1382/1472/1063 3994/4238/3126 3997/4241/3129 
f 3997/4241/3129 3994/4238/3126 3996/4240/3128 3998/4242/3130 
f 3999/4243/3131 4000/4244/3132 2207/2376/1571 2206/2375/1570 
f 4001/4245/3133 3999/4243/3131 2206/2375/1570 2201/2370/1565 
f 3996/4246/3128 3995/4247/3127 4000/4244/3132 3999/4243/3131 
f 3998/4248/3130 3996/4246/3128 3999/4243/3131 4001/4245/3133 
f 2199/2368/1563 2187/2356/1555 3976/4212/3108 4002/4249/3134 
f 4002/4249/3134 3976/4212/3108 3971/4215/3103 4003/4250/3135 
f 2201/2370/1565 2199/2368/1563 4002/4249/3134 4001/4245/3133 
f 4001/4245/3133 4002/4249/3134 4003/4250/3135 3998/4248/3130 
f 4004/4251/3136 3969/4205/3101 1361/1451/1046 1385/1475/1068 
f 3997/4241/3129 4004/4251/3136 1385/1475/1068 1384/1474/1065 
f 4003/4252/3135 3971/4207/3103 3969/4205/3101 4004/4251/3136 
f 3998/4242/3130 4003/4252/3135 4004/4251/3136 3997/4241/3129 
f 1389/1479/1068 1351/1441/1046 3992/4234/3124 4005/4253/3137 
f 4005/4253/3137 3992/4234/3124 3989/4236/3121 4006/4254/3138 
f 1376/1466/1065 1389/1479/1068 4005/4253/3137 4007/4255/3139 
f 4007/4255/3139 4005/4253/3137 4006/4254/3138 4008/4256/3140 
f 3987/4229/3119 3091/3265/2231 3115/3289/2255 4009/4257/3141 
f 4009/4257/3141 3115/3289/2255 3114/3288/2254 4010/4258/3142 
f 3989/4231/3121 3987/4229/3119 4009/4257/3141 4006/4259/3138 
f 4006/4259/3138 4009/4257/3141 4010/4258/3142 4008/4260/3140 
f 3111/3285/2251 4011/4261/3143 4012/4262/3144 3112/3286/2252 
f 4011/4261/3143 4013/4263/3145 4014/4264/3146 4012/4262/3144 
f 3112/3286/2252 4012/4262/3144 4010/4258/3142 3114/3288/2254 
f 4012/4262/3144 4014/4264/3146 4008/4260/3140 4010/4258/3142 
f 4015/4265/3147 4016/4266/3148 1371/1461/1062 1370/1460/1063 
f 4007/4255/3139 4015/4265/3147 1370/1460/1063 1376/1466/1065 
f 4014/4267/3146 4013/4268/3145 4016/4266/3148 4015/4265/3147 
f 4008/4256/3140 4014/4267/3146 4015/4265/3147 4007/4255/3139 
f 1402/1492/1079 1401/1491/1227 4017/4269/3149 4018/4270/3150 
f 4018/4270/3150 4017/4269/3149 4019/4271/3151 4020/4272/3152 
f 1404/1494/1081 1402/1492/1079 4018/4270/3150 4021/4273/3153 
f 4021/4273/3153 4018/4270/3150 4020/4272/3152 4022/4274/3154 
f 4023/4275/3155 4024/4276/3156 2227/2396/1587 2226/2395/1586 
f 4025/4277/3157 4023/4275/3155 2226/2395/1586 2221/2390/1581 
f 4020/4278/3152 4019/4279/3151 4024/4276/3156 4023/4275/3155 
f 4022/4280/3154 4020/4278/3152 4023/4275/3155 4025/4277/3157 
f 2219/2388/1579 2207/2376/1571 4000/4244/3132 4026/4281/3158 
f 4026/4281/3158 4000/4244/3132 3995/4247/3127 4027/4282/3159 
f 2221/2390/1581 2219/2388/1579 4026/4281/3158 4025/4277/3157 
f 4025/4277/3157 4026/4281/3158 4027/4282/3159 4022/4280/3154 
f 4028/4283/3160 3993/4237/3125 1381/1471/1062 1405/1495/1084 
f 4021/4273/3153 4028/4283/3160 1405/1495/1084 1404/1494/1081 
f 4027/4284/3159 3995/4239/3127 3993/4237/3125 4028/4283/3160 
f 4022/4274/3154 4027/4284/3159 4028/4283/3160 4021/4273/3153 
f 1409/1499/1084 1371/1461/1062 4016/4266/3148 4029/4285/3161 
f 4029/4285/3161 4016/4266/3148 4013/4268/3145 4030/4286/3162 
f 1396/1486/1081 1409/1499/1084 4029/4285/3161 4031/4287/3163 
f 4031/4287/3163 4029/4285/3161 4030/4286/3162 4032/4288/3164 
f 4011/4261/3143 3111/3285/2251 3135/3309/2275 4033/4289/3165 
f 4033/4289/3165 3135/3309/2275 3134/3308/2274 4034/4290/3166 
f 4013/4263/3145 4011/4261/3143 4033/4289/3165 4030/4291/3162 
f 4030/4291/3162 4033/4289/3165 4034/4290/3166 4032/4292/3164 
f 3131/3305/2271 4035/4293/3167 4036/4294/3168 3132/3306/2272 
f 4035/4293/3167 4037/4295/3169 4038/4296/3170 4036/4294/3168 
f 3132/3306/2272 4036/4294/3168 4034/4290/3166 3134/3308/2274 
f 4036/4294/3168 4038/4296/3170 4032/4292/3164 4034/4290/3166 
f 4039/4297/3171 4040/4298/3172 1391/1481/1078 1390/1480/1079 
f 4031/4287/3163 4039/4297/3171 1390/1480/1079 1396/1486/1081 
f 4038/4299/3170 4037/4300/3169 4040/4298/3172 4039/4297/3171 
f 4032/4288/3164 4038/4299/3170 4039/4297/3171 4031/4287/3163 
f 1422/1512/1095 1421/1511/1094 4041/4301/3173 4042/4302/3174 
f 4042/4302/3174 4041/4301/3173 4043/4303/3175 4044/4304/3176 
f 1424/1514/1097 1422/1512/1095 4042/4302/3174 4045/4305/3177 
f 4045/4305/3177 4042/4302/3174 4044/4304/3176 4046/4306/3178 
f 4047/4307/3179 4048/4308/3180 2247/2416/1603 2246/2415/1602 
f 4049/4309/3181 4047/4307/3179 2246/2415/1602 2241/2410/1597 
f 4044/4310/3176 4043/4311/3175 4048/4308/3180 4047/4307/3179 
f 4046/4312/3178 4044/4310/3176 4047/4307/3179 4049/4309/3181 
f 2239/2408/1595 2227/2396/1587 4024/4276/3156 4050/4313/3182 
f 4050/4313/3182 4024/4276/3156 4019/4279/3151 4051/4314/3183 
f 2241/2410/1597 2239/2408/1595 4050/4313/3182 4049/4309/3181 
f 4049/4309/3181 4050/4313/3182 4051/4314/3183 4046/4312/3178 
f 4052/4315/3184 4017/4269/3149 1401/1491/1227 1425/1515/1100 
f 4045/4305/3177 4052/4315/3184 1425/1515/1100 1424/1514/1097 
f 4051/4316/3183 4019/4271/3151 4017/4269/3149 4052/4315/3184 
f 4046/4306/3178 4051/4316/3183 4052/4315/3184 4045/4305/3177 
f 1429/1519/1100 1391/1481/1078 4040/4298/3172 4053/4317/3185 
f 4053/4317/3185 4040/4298/3172 4037/4300/3169 4054/4318/3186 
f 1416/1506/1097 1429/1519/1100 4053/4317/3185 4055/4319/3187 
f 4055/4319/3187 4053/4317/3185 4054/4318/3186 4056/4320/3188 
f 4035/4293/3167 3131/3305/2271 3155/3329/2295 4057/4321/3189 
f 4057/4321/3189 3155/3329/2295 3154/3328/2294 4058/4322/3190 
f 4037/4295/3169 4035/4293/3167 4057/4321/3189 4054/4323/3186 
f 4054/4323/3186 4057/4321/3189 4058/4322/3190 4056/4324/3188 
f 3151/3325/2291 4059/4325/3191 4060/4326/3192 3152/3326/2292 
f 4059/4325/3191 4061/4327/3193 4062/4328/3194 4060/4326/3192 
f 3152/3326/2292 4060/4326/3192 4058/4322/3190 3154/3328/2294 
f 4060/4326/3192 4062/4328/3194 4056/4324/3188 4058/4322/3190 
f 4063/4329/3195 4064/4330/3196 1411/1501/1094 1410/1500/1095 
f 4055/4319/3187 4063/4329/3195 1410/1500/1095 1416/1506/1097 
f 4062/4331/3194 4061/4332/3193 4064/4330/3196 4063/4329/3195 
f 4056/4320/3188 4062/4331/3194 4063/4329/3195 4055/4319/3187 
f 1442/1532/1111 1441/1531/1110 4065/4333/3197 4066/4334/3198 
f 4067/4335/3199 4066/4334/3198 4065/4333/3197 4068/4336/3200 
f 1444/1534/1113 1442/1532/1111 4066/4334/3198 4069/4337/3201 
f 4069/4337/3201 4066/4334/3198 4067/4335/3199 4070/4338/3202 
f 4071/4339/3203 4072/4340/3204 2267/2436/1619 2266/2435/1618 
f 4073/4341/3205 4071/4339/3203 2266/2435/1618 2261/2430/1613 
f 4067/4342/3199 4068/4343/3200 4072/4340/3204 4071/4339/3203 
f 4070/4344/3202 4067/4342/3199 4071/4339/3203 4073/4341/3205 
f 2259/2428/1611 2247/2416/1603 4048/4308/3180 4074/4345/3206 
f 4074/4345/3206 4048/4308/3180 4043/4311/3175 4075/4346/3207 
f 2261/2430/1613 2259/2428/1611 4074/4345/3206 4073/4341/3205 
f 4073/4341/3205 4074/4345/3206 4075/4346/3207 4070/4344/3202 
f 4076/4347/3208 4041/4301/3173 1421/1511/1094 1445/1535/1116 
f 4069/4337/3201 4076/4347/3208 1445/1535/1116 1444/1534/1113 
f 4075/4348/3207 4043/4303/3175 4041/4301/3173 4076/4347/3208 
f 4070/4338/3202 4075/4348/3207 4076/4347/3208 4069/4337/3201 
f 1449/1539/1116 1411/1501/1094 4064/4330/3196 4077/4349/3209 
f 4077/4349/3209 4064/4330/3196 4061/4332/3193 4078/4350/3210 
f 1436/1526/1113 1449/1539/1116 4077/4349/3209 4079/4351/3211 
f 4079/4351/3211 4077/4349/3209 4078/4350/3210 4080/4352/3212 
f 4059/4325/3191 3151/3325/2291 3175/3349/2315 4081/4353/3213 
f 4081/4353/3213 3175/3349/2315 3174/3348/2314 4082/4354/3214 
f 4061/4327/3193 4059/4325/3191 4081/4353/3213 4078/4355/3210 
f 4078/4355/3210 4081/4353/3213 4082/4354/3214 4080/4356/3212 
f 3171/3345/2311 4083/4357/3215 4084/4358/3216 3172/3346/2312 
f 4083/4357/3215 4085/4359/3217 4086/4360/3218 4084/4358/3216 
f 3172/3346/2312 4084/4358/3216 4082/4354/3214 3174/3348/2314 
f 4084/4358/3216 4086/4360/3218 4080/4356/3212 4082/4354/3214 
f 4087/4361/3219 4088/4362/3220 1431/1521/1110 1430/1520/1111 
f 4079/4351/3211 4087/4361/3219 1430/1520/1111 1436/1526/1113 
f 4086/4363/3218 4085/4364/3217 4088/4362/3220 4087/4361/3219 
f 4080/4352/3212 4086/4363/3218 4087/4361/3219 4079/4351/3211 
f 1462/1552/1127 1461/1551/1126 4089/4365/3221 4090/4366/3222 
f 4090/4366/3222 4089/4365/3221 4091/4367/3223 4092/4368/3224 
f 1464/1554/1129 1462/1552/1127 4090/4366/3222 4093/4369/3225 
f 4093/4369/3225 4090/4366/3222 4092/4368/3224 4094/4370/3226 
f 4095/4371/3227 4096/4372/3228 2287/2456/1635 2286/2455/1634 
f 4097/4373/3229 4095/4371/3227 2286/2455/1634 2281/2450/1629 
f 4092/4374/3224 4091/4375/3223 4096/4372/3228 4095/4371/3227 
f 4094/4376/3226 4092/4374/3224 4095/4371/3227 4097/4373/3229 
f 2279/2448/1627 2267/2436/1619 4072/4340/3204 4098/4377/3230 
f 4098/4377/3230 4072/4340/3204 4068/4343/3200 4099/4378/3231 
f 2281/2450/1629 2279/2448/1627 4098/4377/3230 4097/4373/3229 
f 4097/4373/3229 4098/4377/3230 4099/4378/3231 4094/4376/3226 
f 4100/4379/3232 4065/4333/3197 1441/1531/1110 1465/1555/1132 
f 4093/4369/3225 4100/4379/3232 1465/1555/1132 1464/1554/1129 
f 4099/4380/3231 4068/4336/3200 4065/4333/3197 4100/4379/3232 
f 4094/4370/3226 4099/4380/3231 4100/4379/3232 4093/4369/3225 
f 1469/1559/1132 1431/1521/1110 4088/4362/3220 4101/4381/3233 
f 4101/4381/3233 4088/4362/3220 4085/4364/3217 4102/4382/3234 
f 1456/1546/1129 1469/1559/1132 4101/4381/3233 4103/4383/3235 
f 4103/4383/3235 4101/4381/3233 4102/4382/3234 4104/4384/3236 
f 4083/4357/3215 3171/3345/2311 3195/3369/2335 4105/4385/3237 
f 4105/4385/3237 3195/3369/2335 3194/3368/2334 4106/4386/3238 
f 4085/4359/3217 4083/4357/3215 4105/4385/3237 4102/4387/3234 
f 4102/4387/3234 4105/4385/3237 4106/4386/3238 4104/4388/3236 
f 3191/3365/2331 4107/4389/3239 4108/4390/3240 3192/3366/2332 
f 4107/4389/3239 4109/4391/3241 4110/4392/3242 4108/4390/3240 
f 3192/3366/2332 4108/4390/3240 4106/4386/3238 3194/3368/2334 
f 4108/4390/3240 4110/4392/3242 4104/4388/3236 4106/4386/3238 
f 4111/4393/3243 4112/4394/3244 1451/1541/1126 1450/1540/1127 
f 4103/4383/3235 4111/4393/3243 1450/1540/1127 1456/1546/1129 
f 4110/4395/3242 4109/4396/3241 4112/4394/3244 4111/4393/3243 
f 4104/4384/3236 4110/4395/3242 4111/4393/3243 4103/4383/3235 
f 1482/1572/1143 1481/1571/1142 4113/4397/3245 4114/4398/3246 
f 4114/4398/3246 4113/4397/3245 4115/4399/3247 4116/4400/3248 
f 1484/1574/1145 1482/1572/1143 4114/4398/3246 4117/4401/3249 
f 4117/4401/3249 4114/4398/3246 4116/4400/3248 4118/4402/3250 
f 4119/4403/3251 4120/4404/3252 2308/2477/1652 2307/2476/1651 
f 4121/4405/3253 4119/4403/3251 2307/2476/1651 2301/2470/1645 
f 4119/4403/3251 4116/4406/3248 4115/4407/3247 4120/4404/3252 
f 4118/4408/3250 4116/4406/3248 4119/4403/3251 4121/4405/3253 
f 2299/2468/1643 2287/2456/1635 4096/4372/3228 4122/4409/3254 
f 4122/4409/3254 4096/4372/3228 4091/4375/3223 4123/4410/3255 
f 2301/2470/1645 2299/2468/1643 4122/4409/3254 4121/4405/3253 
f 4121/4405/3253 4122/4409/3254 4123/4410/3255 4118/4408/3250 
f 4124/4411/3256 4089/4365/3221 1461/1551/1126 1485/1575/1148 
f 4117/4401/3249 4124/4411/3256 1485/1575/1148 1484/1574/1145 
f 4123/4412/3255 4091/4367/3223 4089/4365/3221 4124/4411/3256 
f 4118/4402/3250 4123/4412/3255 4124/4411/3256 4117/4401/3249 
f 1489/1579/1148 1451/1541/1126 4112/4394/3244 4125/4413/3257 
f 4125/4413/3257 4112/4394/3244 4109/4396/3241 4126/4414/3258 
f 1476/1566/1145 1489/1579/1148 4125/4413/3257 4127/4415/3259 
f 4127/4415/3259 4125/4413/3257 4126/4414/3258 4128/4416/3260 
f 4107/4389/3239 3191/3365/2331 3215/3389/2355 4129/4417/3261 
f 4129/4417/3261 3215/3389/2355 3214/3388/2354 4130/4418/3262 
f 4109/4391/3241 4107/4389/3239 4129/4417/3261 4126/4419/3258 
f 4126/4419/3258 4129/4417/3261 4130/4418/3262 4128/4420/3260 
f 3211/3385/2351 4131/4421/3263 4132/4422/3264 3212/3386/2352 
f 4131/4421/3263 4133/4423/3265 4134/4424/3266 4132/4422/3264 
f 3212/3386/2352 4132/4422/3264 4130/4418/3262 3214/3388/2354 
f 4132/4422/3264 4134/4424/3266 4128/4420/3260 4130/4418/3262 
f 4135/4425/3267 4136/4426/3268 1471/1561/1142 1470/1560/1143 
f 4127/4415/3259 4135/4425/3267 1470/1560/1143 1476/1566/1145 
f 4134/4427/3266 4133/4428/3265 4136/4426/3268 4135/4425/3267 
f 4128/4416/3260 4134/4427/3266 4135/4425/3267 4127/4415/3259 
f 1502/1592/1159 1501/1591/1158 4137/4429/3269 4138/4430/3270 
f 4138/4430/3270 4137/4429/3269 4139/4431/3271 4140/4432/3272 
f 1504/1594/1161 1502/1592/1159 4138/4430/3270 4141/4433/3273 
f 4141/4433/3273 4138/4430/3270 4140/4432/3272 4142/4434/3274 
f 4143/4435/3275 4144/4436/3276 2327/2496/1667 2326/2495/1666 
f 4145/4437/3277 4143/4435/3275 2326/2495/1666 2321/2490/1661 
f 4140/4438/3272 4139/4439/3271 4144/4436/3276 4143/4435/3275 
f 4142/4440/3274 4140/4438/3272 4143/4435/3275 4145/4437/3277 
f 2319/2488/1659 2308/2477/1652 4120/4404/3252 4146/4441/3278 
f 4147/4442/3279 4146/4441/3278 4120/4404/3252 4115/4407/3247 
f 2321/2490/1661 2319/2488/1659 4146/4441/3278 4145/4437/3277 
f 4145/4437/3277 4146/4441/3278 4147/4442/3279 4142/4440/3274 
f 4148/4443/3280 4113/4397/3245 1481/1571/1142 1505/1595/1164 
f 4141/4433/3273 4148/4443/3280 1505/1595/1164 1504/1594/1161 
f 4147/4444/3279 4115/4399/3247 4113/4397/3245 4148/4443/3280 
f 4142/4434/3274 4147/4444/3279 4148/4443/3280 4141/4433/3273 
f 1509/1599/1164 1471/1561/1142 4136/4426/3268 4149/4445/3281 
f 4149/4445/3281 4136/4426/3268 4133/4428/3265 4150/4446/3282 
f 1496/1586/1161 1509/1599/1164 4149/4445/3281 4151/4447/3283 
f 4151/4447/3283 4149/4445/3281 4150/4446/3282 4152/4448/3284 
f 4131/4421/3263 3211/3385/2351 3235/3409/2375 4153/4449/3285 
f 4153/4449/3285 3235/3409/2375 3234/3408/2374 4154/4450/3286 
f 4133/4423/3265 4131/4421/3263 4153/4449/3285 4150/4451/3282 
f 4150/4451/3282 4153/4449/3285 4154/4450/3286 4152/4452/3284 
f 3231/3405/2371 4155/4453/3287 4156/4454/3288 3232/3406/2372 
f 4155/4453/3287 4157/4455/3289 4158/4456/3290 4156/4454/3288 
f 3232/3406/2372 4156/4454/3288 4154/4450/3286 3234/3408/2374 
f 4156/4454/3288 4158/4456/3290 4152/4452/3284 4154/4450/3286 
f 4159/4457/3291 4160/4458/3292 1491/1581/1158 1490/1580/1159 
f 4151/4447/3283 4159/4457/3291 1490/1580/1159 1496/1586/1161 
f 4158/4459/3290 4157/4460/3289 4160/4458/3292 4159/4457/3291 
f 4152/4448/3284 4158/4459/3290 4159/4457/3291 4151/4447/3283 
f 1522/1612/1175 1521/1611/1174 4161/4461/3293 4162/4462/3294 
f 4162/4462/3294 4161/4461/3293 4163/4463/3295 4164/4464/3296 
f 1524/1614/1177 1522/1612/1175 4162/4462/3294 4165/4465/3297 
f 4165/4465/3297 4162/4462/3294 4164/4464/3296 4166/4466/3298 
f 4167/4467/3299 4168/4468/3300 2347/2516/1683 2346/2515/1682 
f 4169/4469/3301 4167/4467/3299 2346/2515/1682 2341/2510/1677 
f 4164/4470/3296 4163/4471/3295 4168/4468/3300 4167/4467/3299 
f 4166/4472/3298 4164/4470/3296 4167/4467/3299 4169/4469/3301 
f 2339/2508/1675 2327/2496/1667 4144/4436/3276 4170/4473/3302 
f 4170/4473/3302 4144/4436/3276 4139/4439/3271 4171/4474/3303 
f 2341/2510/1677 2339/2508/1675 4170/4473/3302 4169/4469/3301 
f 4169/4469/3301 4170/4473/3302 4171/4474/3303 4166/4472/3298 
f 4172/4475/3304 4137/4429/3269 1501/1591/1158 1525/1615/1180 
f 4165/4465/3297 4172/4475/3304 1525/1615/1180 1524/1614/1177 
f 4171/4476/3303 4139/4431/3271 4137/4429/3269 4172/4475/3304 
f 4166/4466/3298 4171/4476/3303 4172/4475/3304 4165/4465/3297 
f 1529/1619/1180 1491/1581/1158 4160/4458/3292 4173/4477/3305 
f 4173/4477/3305 4160/4458/3292 4157/4460/3289 4174/4478/3306 
f 1516/1606/1177 1529/1619/1180 4173/4477/3305 4175/4479/3307 
f 4175/4479/3307 4173/4477/3305 4174/4478/3306 4176/4480/3308 
f 4155/4453/3287 3231/3405/2371 3255/3429/2395 4177/4481/3309 
f 4177/4481/3309 3255/3429/2395 3254/3428/2394 4178/4482/3310 
f 4157/4455/3289 4155/4453/3287 4177/4481/3309 4174/4483/3306 
f 4174/4483/3306 4177/4481/3309 4178/4482/3310 4176/4484/3308 
f 3251/3425/2391 4179/4485/3311 4180/4486/3312 3252/3426/2392 
f 4179/4485/3311 4181/4487/3313 4182/4488/3314 4180/4486/3312 
f 3252/3426/2392 4180/4486/3312 4178/4482/3310 3254/3428/2394 
f 4180/4486/3312 4182/4488/3314 4176/4484/3308 4178/4482/3310 
f 4183/4489/3315 4184/4490/3316 1511/1601/1174 1510/1600/1175 
f 4175/4479/3307 4183/4489/3315 1510/1600/1175 1516/1606/1177 
f 4182/4491/3314 4181/4492/3313 4184/4490/3316 4183/4489/3315 
f 4176/4480/3308 4182/4491/3314 4183/4489/3315 4175/4479/3307 
f 1542/1632/1191 1541/1631/1190 4185/4493/3317 4186/4494/3318 
f 4186/4494/3318 4185/4493/3317 4187/4495/3319 4188/4496/3320 
f 1544/1634/1193 1542/1632/1191 4186/4494/3318 4189/4497/3321 
f 4189/4497/3321 4186/4494/3318 4188/4496/3320 4190/4498/3322 
f 4191/4499/3323 4192/4500/3324 2367/2536/1699 2366/2535/1698 
f 4193/4501/3325 4191/4499/3323 2366/2535/1698 2361/2530/1693 
f 4188/4502/3320 4187/4503/3319 4192/4500/3324 4191/4499/3323 
f 4190/4504/3322 4188/4502/3320 4191/4499/3323 4193/4501/3325 
f 2359/2528/1691 2347/2516/1683 4168/4468/3300 4194/4505/3326 
f 4194/4505/3326 4168/4468/3300 4163/4471/3295 4195/4506/3327 
f 2361/2530/1693 2359/2528/1691 4194/4505/3326 4193/4501/3325 
f 4193/4501/3325 4194/4505/3326 4195/4506/3327 4190/4504/3322 
f 4196/4507/3328 4161/4508/3293 1521/1636/1174 1545/1635/1196 
f 4189/4497/3321 4196/4507/3328 1545/1635/1196 1544/1634/1193 
f 4195/4509/3327 4163/4510/3295 4161/4508/3293 4196/4507/3328 
f 4189/4497/3321 4190/4498/3322 4195/4509/3327 4196/4507/3328 
f 1549/1644/1196 1511/1643/1174 4184/4511/3316 4197/4512/3329 
f 4197/4512/3329 4184/4511/3316 4181/4513/3313 4198/4514/3330 
f 1536/1626/1193 1549/1644/1196 4197/4512/3329 4199/4515/3331 
f 4199/4515/3331 4197/4512/3329 4198/4514/3330 4200/4516/3332 
f 4179/4517/3311 3251/3450/2391 3275/3449/2415 4201/4518/3333 
f 4201/4518/3333 3275/3449/2415 3274/3448/2414 4202/4519/3334 
f 4181/4520/3313 4179/4517/3311 4201/4518/3333 4198/4521/3330 
f 4198/4521/3330 4201/4518/3333 4202/4519/3334 4200/4522/3332 
f 3271/3445/2411 4203/4523/3335 4204/4524/3336 3272/3446/2412 
f 4203/4523/3335 4205/4525/3337 4206/4526/3338 4204/4524/3336 
f 3272/3446/2412 4204/4524/3336 4202/4519/3334 3274/3448/2414 
f 4204/4524/3336 4206/4526/3338 4200/4522/3332 4202/4519/3334 
f 4207/4527/3339 4208/4528/3340 1531/1621/1190 1530/1620/1191 
f 4199/4515/3331 4207/4527/3339 1530/1620/1191 1536/1626/1193 
f 4206/4529/3338 4205/4530/3337 4208/4528/3340 4207/4527/3339 
f 4200/4516/3332 4206/4529/3338 4207/4527/3339 4199/4515/3331 
f 1562/1657/1207 1561/1656/1206 4209/4531/3341 4210/4532/3342 
f 4210/4532/3342 4209/4531/3341 4211/4533/3343 4212/4534/3344 
f 1564/1659/1209 1562/1657/1207 4210/4532/3342 4213/4535/3345 
f 4213/4535/3345 4210/4532/3342 4212/4534/3344 4214/4536/3346 
f 4215/4537/3347 4216/4538/3348 2387/2556/1715 2386/2555/1714 
f 4217/4539/3349 4215/4537/3347 2386/2555/1714 2381/2550/1709 
f 4212/4540/3344 4211/4541/3343 4216/4538/3348 4215/4537/3347 
f 4214/4542/3346 4212/4540/3344 4215/4537/3347 4217/4539/3349 
f 2379/2548/1707 2367/2536/1699 4192/4500/3324 4218/4543/3350 
f 4218/4543/3350 4192/4500/3324 4187/4503/3319 4219/4544/3351 
f 2381/2550/1709 2379/2548/1707 4218/4543/3350 4217/4539/3349 
f 4217/4539/3349 4218/4543/3350 4219/4544/3351 4214/4542/3346 
f 4220/4545/3352 4185/4493/3317 1541/1631/1190 1565/1660/1212 
f 4213/4535/3345 4220/4545/3352 1565/1660/1212 1564/1659/1209 
f 4219/4546/3351 4187/4495/3319 4185/4493/3317 4220/4545/3352 
f 4214/4536/3346 4219/4546/3351 4220/4545/3352 4213/4535/3345 
f 1569/1664/1212 1531/1621/1190 4208/4528/3340 4221/4547/3353 
f 4221/4547/3353 4208/4528/3340 4205/4530/3337 4222/4548/3354 
f 1556/1651/1209 1569/1664/1212 4221/4547/3353 4223/4549/3355 
f 4223/4549/3355 4221/4547/3353 4222/4548/3354 4224/4550/3356 
f 4203/4523/3335 3271/3445/2411 3295/3474/2435 4225/4551/3357 
f 4225/4551/3357 3295/3474/2435 3294/3473/2434 4226/4552/3358 
f 4205/4525/3337 4203/4523/3335 4225/4551/3357 4222/4553/3354 
f 4222/4553/3354 4225/4551/3357 4226/4552/3358 4224/4554/3356 
f 3291/3470/2431 4227/4555/3359 4228/4556/3360 3292/3471/2432 
f 4227/4555/3359 4229/4557/3361 4230/4558/3362 4228/4556/3360 
f 3292/3471/2432 4228/4556/3360 4226/4552/3358 3294/3473/2434 
f 4228/4556/3360 4230/4558/3362 4224/4554/3356 4226/4552/3358 
f 4231/4559/3363 4232/4560/3364 1551/1646/1206 1550/1645/1207 
f 4223/4549/3355 4231/4559/3363 1550/1645/1207 1556/1651/1209 
f 4230/4561/3362 4229/4562/3361 4232/4560/3364 4231/4559/3363 
f 4224/4550/3356 4230/4561/3362 4231/4559/3363 4223/4549/3355 
f 1577/1672/1219 1241/1331/955 3833/4022/2965 4233/4563/3365 
f 4233/4563/3365 3833/4022/2965 3830/4024/2962 4234/4564/3366 
f 1579/1674/1221 1577/1672/1219 4233/4563/3365 4235/4565/3367 
f 4235/4565/3367 4233/4563/3365 4234/4564/3366 4236/4566/3368 
f 4237/4567/3369 3828/4017/2960 2055/2224/1447 2406/2575/1730 
f 4238/4568/3370 4237/4567/3369 2406/2575/1730 2401/2570/1725 
f 4234/4569/3366 3830/4019/2962 3828/4017/2960 4237/4567/3369 
f 4236/4570/3368 4234/4569/3366 4237/4567/3369 4238/4568/3370 
f 2399/2568/1723 2387/2556/1715 4216/4538/3348 4239/4571/3371 
f 4239/4571/3371 4216/4538/3348 4211/4541/3343 4240/4572/3372 
f 2401/2570/1725 2399/2568/1723 4239/4571/3371 4238/4568/3370 
f 4238/4568/3370 4239/4571/3371 4240/4572/3372 4236/4570/3368 
f 4241/4573/3373 4209/4531/3341 1561/1656/1206 1580/1675/1224 
f 4235/4565/3367 4241/4573/3373 1580/1675/1224 1579/1674/1221 
f 4240/4574/3372 4211/4533/3343 4209/4531/3341 4241/4573/3373 
f 4236/4566/3368 4240/4574/3372 4241/4573/3373 4235/4565/3367 
f 1584/1679/1224 1551/1646/1206 4232/4560/3364 4242/4575/3374 
f 4242/4575/3374 4232/4560/3364 4229/4562/3361 4243/4576/3375 
f 1573/1668/1221 1584/1679/1224 4242/4575/3374 4244/4577/3376 
f 4244/4577/3376 4242/4575/3374 4243/4576/3375 4245/4578/3377 
f 4227/4555/3359 3291/3470/2431 3310/3489/2450 4246/4579/3378 
f 4246/4579/3378 3310/3489/2450 3309/3488/2449 4247/4580/3379 
f 4229/4557/3361 4227/4555/3359 4246/4579/3378 4243/4581/3375 
f 4243/4581/3375 4246/4579/3378 4247/4580/3379 4245/4582/3377 
f 2971/3145/2111 3840/4031/2972 4248/4583/3380 3307/3486/2447 
f 3840/4031/2972 3836/4034/2968 4249/4584/3381 4248/4583/3380 
f 3307/3486/2447 4248/4583/3380 4247/4580/3379 3309/3488/2449 
f 4248/4583/3380 4249/4584/3381 4245/4582/3377 4247/4580/3379 
f 4250/4585/3382 3834/4025/2966 1248/1338/955 1570/1665/1219 
f 4244/4577/3376 4250/4585/3382 1570/1665/1219 1573/1668/1221 
f 4249/4586/3381 3836/4027/2968 3834/4025/2966 4250/4585/3382 
f 4245/4578/3377 4249/4586/3381 4250/4585/3382 4244/4577/3376 
f 4251/4587/949 4252/4588/948 4253/4589/3383 4254/4590/3384 
f 4254/4590/3384 4253/4589/3383 4255/4591/3385 4256/4592/3386 
f 4257/4593/951 4251/4587/949 4254/4590/3384 4258/4594/3387 
f 4258/4594/3387 4254/4590/3384 4256/4592/3386 4259/4595/3388 
f 4260/4596/3389 4261/4597/3390 2596/2765/1736 2595/2764/1735 
f 4262/4598/3391 4260/4596/3389 2595/2764/1735 2601/2770/1741 
f 4256/4592/3386 4255/4591/3385 4261/4599/3390 4260/4600/3389 
f 4259/4595/3388 4256/4592/3386 4260/4600/3389 4262/4601/3391 
f 2619/2788/1759 2618/2787/1758 4263/4602/3392 4264/4603/3393 
f 4264/4604/3393 4263/4605/3392 4265/4606/3394 4266/4607/3395 
f 2601/2770/1741 2619/2788/1759 4264/4603/3393 4262/4598/3391 
f 4262/4601/3391 4264/4604/3393 4266/4607/3395 4259/4595/3388 
f 4267/4608/3396 4268/4609/3397 4269/4610/1225 4270/4611/954 
f 4258/4594/3387 4267/4608/3396 4270/4611/954 4257/4593/951 
f 4266/4607/3395 4265/4606/3394 4268/4609/3397 4267/4608/3396 
f 4259/4595/3388 4266/4607/3395 4267/4608/3396 4258/4594/3387 
f 4271/4612/967 4272/4613/966 4273/4614/3398 4274/4615/3399 
f 4274/4615/3399 4273/4614/3398 4275/4616/3400 4276/4617/3401 
f 4277/4618/969 4271/4612/967 4274/4615/3399 4278/4619/3402 
f 4278/4619/3402 4274/4615/3399 4276/4617/3401 4279/4620/3403 
f 4280/4621/3404 4281/4622/3405 2621/2790/1761 2620/2789/1760 
f 4282/4623/3406 4280/4621/3404 2620/2789/1760 2626/2795/1766 
f 4276/4617/3401 4275/4616/3400 4281/4624/3405 4280/4625/3404 
f 4279/4620/3403 4276/4617/3401 4280/4625/3404 4282/4626/3406 
f 2639/2808/1779 2596/2765/1736 4261/4597/3390 4283/4627/3407 
f 4283/4628/3407 4261/4599/3390 4255/4591/3385 4284/4629/3408 
f 2626/2795/1766 2639/2808/1779 4283/4627/3407 4282/4623/3406 
f 4282/4626/3406 4283/4628/3407 4284/4629/3408 4279/4620/3403 
f 4285/4630/3409 4253/4589/3383 4252/4588/948 4286/4631/972 
f 4278/4619/3402 4285/4630/3409 4286/4631/972 4277/4618/969 
f 4284/4629/3408 4255/4591/3385 4253/4589/3383 4285/4630/3409 
f 4279/4620/3403 4284/4629/3408 4285/4630/3409 4278/4619/3402 
f 4287/4632/983 4288/4633/982 4289/4634/3410 4290/4635/3411 
f 4290/4635/3411 4289/4634/3410 4291/4636/3412 4292/4637/3413 
f 4293/4638/985 4287/4632/983 4290/4635/3411 4294/4639/3414 
f 4294/4639/3414 4290/4635/3411 4292/4637/3413 4295/4640/3415 
f 4296/4641/3416 4297/4642/3417 2641/2810/1781 2640/2809/1780 
f 4298/4643/3418 4296/4641/3416 2640/2809/1780 2646/2815/1786 
f 4292/4637/3413 4291/4636/3412 4297/4644/3417 4296/4645/3416 
f 4295/4640/3415 4292/4637/3413 4296/4645/3416 4298/4646/3418 
f 2659/2828/1799 2621/2790/1761 4281/4622/3405 4299/4647/3419 
f 4299/4648/3419 4281/4624/3405 4275/4616/3400 4300/4649/3420 
f 2646/2815/1786 2659/2828/1799 4299/4647/3419 4298/4643/3418 
f 4298/4646/3418 4299/4648/3419 4300/4649/3420 4295/4640/3415 
f 4301/4650/3421 4273/4614/3398 4272/4613/966 4302/4651/988 
f 4294/4639/3414 4301/4650/3421 4302/4651/988 4293/4638/985 
f 4300/4649/3420 4275/4616/3400 4273/4614/3398 4301/4650/3421 
f 4295/4640/3415 4300/4649/3420 4301/4650/3421 4294/4639/3414 
f 4303/4652/999 4304/4653/998 4305/4654/3422 4306/4655/3423 
f 4306/4655/3423 4305/4654/3422 4307/4656/3424 4308/4657/3425 
f 4309/4658/1001 4303/4652/999 4306/4655/3423 4310/4659/3426 
f 4310/4659/3426 4306/4655/3423 4308/4657/3425 4311/4660/3427 
f 4312/4661/3428 4313/4662/3429 2661/2830/1801 2660/2829/1800 
f 4314/4663/3430 4312/4661/3428 2660/2829/1800 2666/2835/1806 
f 4308/4657/3425 4307/4656/3424 4313/4664/3429 4312/4665/3428 
f 4311/4660/3427 4308/4657/3425 4312/4665/3428 4314/4666/3430 
f 2679/2848/1819 2641/2810/1781 4297/4642/3417 4315/4667/3431 
f 4315/4668/3431 4297/4644/3417 4291/4636/3412 4316/4669/3432 
f 2666/2835/1806 2679/2848/1819 4315/4667/3431 4314/4663/3430 
f 4314/4666/3430 4315/4668/3431 4316/4669/3432 4311/4660/3427 
f 4317/4670/3433 4289/4634/3410 4288/4633/982 4318/4671/1004 
f 4310/4659/3426 4317/4670/3433 4318/4671/1004 4309/4658/1001 
f 4316/4669/3432 4291/4636/3412 4289/4634/3410 4317/4670/3433 
f 4311/4660/3427 4316/4669/3432 4317/4670/3433 4310/4659/3426 
f 4319/4672/1015 4320/4673/1014 4321/4674/3434 4322/4675/3435 
f 4322/4675/3435 4321/4674/3434 4323/4676/3436 4324/4677/3437 
f 4325/4678/1226 4319/4672/1015 4322/4675/3435 4326/4679/3438 
f 4326/4679/3438 4322/4675/3435 4324/4677/3437 4327/4680/3439 
f 4328/4681/3440 4329/4682/3441 2681/2850/1821 2680/2849/1820 
f 4330/4683/3442 4328/4681/3440 2680/2849/1820 2686/2855/1826 
f 4324/4677/3437 4323/4676/3436 4329/4684/3441 4328/4685/3440 
f 4327/4680/3439 4324/4677/3437 4328/4685/3440 4330/4686/3442 
f 2699/2868/1839 2661/2830/1801 4313/4662/3429 4331/4687/3443 
f 4331/4688/3443 4313/4664/3429 4307/4656/3424 4332/4689/3444 
f 2686/2855/1826 2699/2868/1839 4331/4687/3443 4330/4683/3442 
f 4330/4686/3442 4331/4688/3443 4332/4689/3444 4327/4680/3439 
f 4333/4690/3445 4305/4654/3422 4304/4653/998 4334/4691/1020 
f 4326/4679/3438 4333/4690/3445 4334/4691/1020 4325/4678/1226 
f 4332/4689/3444 4307/4656/3424 4305/4654/3422 4333/4690/3445 
f 4327/4680/3439 4332/4689/3444 4333/4690/3445 4326/4679/3438 
f 4335/4692/1031 4336/4693/1030 4337/4694/3446 4338/4695/3447 
f 4338/4695/3447 4337/4694/3446 4339/4696/3448 4340/4697/3449 
f 4341/4698/1033 4335/4692/1031 4338/4695/3447 4342/4699/3450 
f 4342/4699/3450 4338/4695/3447 4340/4697/3449 4343/4700/3451 
f 4344/4701/3452 4345/4702/3453 2701/2870/1841 2700/2869/1840 
f 4346/4703/3454 4344/4701/3452 2700/2869/1840 2706/2875/1846 
f 4340/4697/3449 4339/4696/3448 4345/4704/3453 4344/4705/3452 
f 4343/4700/3451 4340/4697/3449 4344/4705/3452 4346/4706/3454 
f 2719/2888/1859 2681/2850/1821 4329/4682/3441 4347/4707/3455 
f 4347/4708/3455 4329/4684/3441 4323/4676/3436 4348/4709/3456 
f 2706/2875/1846 2719/2888/1859 4347/4707/3455 4346/4703/3454 
f 4346/4706/3454 4347/4708/3455 4348/4709/3456 4343/4700/3451 
f 4349/4710/3457 4321/4674/3434 4320/4673/1014 4350/4711/1036 
f 4342/4699/3450 4349/4710/3457 4350/4711/1036 4341/4698/1033 
f 4348/4709/3456 4323/4676/3436 4321/4674/3434 4349/4710/3457 
f 4343/4700/3451 4348/4709/3456 4349/4710/3457 4342/4699/3450 
f 4351/4712/1047 4352/4713/1046 4353/4714/3458 4354/4715/3459 
f 4354/4715/3459 4353/4714/3458 4355/4716/3460 4356/4717/3461 
f 4357/4718/1049 4351/4712/1047 4354/4715/3459 4358/4719/3462 
f 4358/4719/3462 4354/4715/3459 4356/4717/3461 4359/4720/3463 
f 4360/4721/3464 4361/4722/3465 2721/2890/1861 2720/2889/1860 
f 4362/4723/3466 4360/4721/3464 2720/2889/1860 2726/2895/1866 
f 4356/4717/3461 4355/4716/3460 4361/4724/3465 4360/4725/3464 
f 4359/4720/3463 4356/4717/3461 4360/4725/3464 4362/4726/3466 
f 2739/2908/1879 2701/2870/1841 4345/4702/3453 4363/4727/3467 
f 4363/4728/3467 4345/4704/3453 4339/4696/3448 4364/4729/3468 
f 2726/2895/1866 2739/2908/1879 4363/4727/3467 4362/4723/3466 
f 4362/4726/3466 4363/4728/3467 4364/4729/3468 4359/4720/3463 
f 4365/4730/3469 4337/4694/3446 4336/4693/1030 4366/4731/1052 
f 4358/4719/3462 4365/4730/3469 4366/4731/1052 4357/4718/1049 
f 4364/4729/3468 4339/4696/3448 4337/4694/3446 4365/4730/3469 
f 4359/4720/3463 4364/4729/3468 4365/4730/3469 4358/4719/3462 
f 4367/4732/1063 4368/4733/1062 4369/4734/3470 4370/4735/3471 
f 4370/4735/3471 4369/4734/3470 4371/4736/3472 4372/4737/3473 
f 4373/4738/1065 4367/4732/1063 4370/4735/3471 4374/4739/3474 
f 4374/4739/3474 4370/4735/3471 4372/4737/3473 4375/4740/3475 
f 4376/4741/3476 4377/4742/3477 2741/2910/1881 2740/2909/1880 
f 4378/4743/3478 4376/4741/3476 2740/2909/1880 2746/2915/1886 
f 4372/4737/3473 4371/4736/3472 4377/4744/3477 4376/4745/3476 
f 4375/4740/3475 4372/4737/3473 4376/4745/3476 4378/4746/3478 
f 2759/2928/1899 2721/2890/1861 4361/4722/3465 4379/4747/3479 
f 4379/4748/3479 4361/4724/3465 4355/4716/3460 4380/4749/3480 
f 2746/2915/1886 2759/2928/1899 4379/4747/3479 4378/4743/3478 
f 4378/4746/3478 4379/4748/3479 4380/4749/3480 4375/4740/3475 
f 4381/4750/3481 4353/4714/3458 4352/4713/1046 4382/4751/1068 
f 4374/4739/3474 4381/4750/3481 4382/4751/1068 4373/4738/1065 
f 4380/4749/3480 4355/4716/3460 4353/4714/3458 4381/4750/3481 
f 4375/4740/3475 4380/4749/3480 4381/4750/3481 4374/4739/3474 
f 4383/4752/1079 4384/4753/1078 4385/4754/3482 4386/4755/3483 
f 4386/4755/3483 4385/4754/3482 4387/4756/3484 4388/4757/3485 
f 4389/4758/1081 4383/4752/1079 4386/4755/3483 4390/4759/3486 
f 4390/4759/3486 4386/4755/3483 4388/4757/3485 4391/4760/3487 
f 4392/4761/3488 4393/4762/3489 2761/2930/1901 2760/2929/1900 
f 4394/4763/3490 4392/4761/3488 2760/2929/1900 2766/2935/1906 
f 4388/4757/3485 4387/4756/3484 4393/4764/3489 4392/4765/3488 
f 4391/4760/3487 4388/4757/3485 4392/4765/3488 4394/4766/3490 
f 2779/2948/1919 2741/2910/1881 4377/4742/3477 4395/4767/3491 
f 4395/4768/3491 4377/4744/3477 4371/4736/3472 4396/4769/3492 
f 2766/2935/1906 2779/2948/1919 4395/4767/3491 4394/4763/3490 
f 4394/4766/3490 4395/4768/3491 4396/4769/3492 4391/4760/3487 
f 4397/4770/3493 4369/4734/3470 4368/4733/1062 4398/4771/1084 
f 4390/4759/3486 4397/4770/3493 4398/4771/1084 4389/4758/1081 
f 4396/4769/3492 4371/4736/3472 4369/4734/3470 4397/4770/3493 
f 4391/4760/3487 4396/4769/3492 4397/4770/3493 4390/4759/3486 
f 4399/4772/1095 4400/4773/1094 4401/4774/3494 4402/4775/3495 
f 4402/4775/3495 4401/4774/3494 4403/4776/3496 4404/4777/3497 
f 4405/4778/1097 4399/4772/1095 4402/4775/3495 4406/4779/3498 
f 4406/4779/3498 4402/4775/3495 4404/4777/3497 4407/4780/3499 
f 4408/4781/3500 4409/4782/3501 2781/2950/1921 2780/2949/1920 
f 4410/4783/3502 4408/4781/3500 2780/2949/1920 2786/2955/1926 
f 4404/4777/3497 4403/4776/3496 4409/4784/3501 4408/4785/3500 
f 4407/4780/3499 4404/4777/3497 4408/4785/3500 4410/4786/3502 
f 2799/2968/1939 2761/2930/1901 4393/4762/3489 4411/4787/3503 
f 4411/4788/3503 4393/4764/3489 4387/4756/3484 4412/4789/3504 
f 2786/2955/1926 2799/2968/1939 4411/4787/3503 4410/4783/3502 
f 4410/4786/3502 4411/4788/3503 4412/4789/3504 4407/4780/3499 
f 4413/4790/3505 4385/4754/3482 4384/4753/1078 4414/4791/1100 
f 4406/4779/3498 4413/4790/3505 4414/4791/1100 4405/4778/1097 
f 4412/4789/3504 4387/4756/3484 4385/4754/3482 4413/4790/3505 
f 4407/4780/3499 4412/4789/3504 4413/4790/3505 4406/4779/3498 
f 4415/4792/1111 4416/4793/1110 4417/4794/3506 4418/4795/3507 
f 4418/4795/3507 4417/4794/3506 4419/4796/3508 4420/4797/3509 
f 4421/4798/1113 4415/4792/1111 4418/4795/3507 4422/4799/3510 
f 4422/4799/3510 4418/4795/3507 4420/4797/3509 4423/4800/3511 
f 4424/4801/3512 4425/4802/3513 2801/2970/1941 2800/2969/1940 
f 4426/4803/3514 4424/4801/3512 2800/2969/1940 2806/2975/1946 
f 4420/4797/3509 4419/4796/3508 4425/4804/3513 4424/4805/3512 
f 4423/4800/3511 4420/4797/3509 4424/4805/3512 4426/4806/3514 
f 2819/2988/1959 2781/2950/1921 4409/4782/3501 4427/4807/3515 
f 4427/4808/3515 4409/4784/3501 4403/4776/3496 4428/4809/3516 
f 2806/2975/1946 2819/2988/1959 4427/4807/3515 4426/4803/3514 
f 4426/4806/3514 4427/4808/3515 4428/4809/3516 4423/4800/3511 
f 4429/4810/3517 4401/4774/3494 4400/4773/1094 4430/4811/1116 
f 4422/4799/3510 4429/4810/3517 4430/4811/1116 4421/4798/1113 
f 4428/4809/3516 4403/4776/3496 4401/4774/3494 4429/4810/3517 
f 4423/4800/3511 4428/4809/3516 4429/4810/3517 4422/4799/3510 
f 4431/4812/1127 4432/4813/1126 4433/4814/3518 4434/4815/3519 
f 4434/4815/3519 4433/4814/3518 4435/4816/3520 4436/4817/3521 
f 4437/4818/1129 4431/4812/1127 4434/4815/3519 4438/4819/3522 
f 4438/4819/3522 4434/4815/3519 4436/4817/3521 4439/4820/3523 
f 4440/4821/3524 4441/4822/3525 2821/2990/1961 2820/2989/1960 
f 4442/4823/3526 4440/4821/3524 2820/2989/1960 2826/2995/1966 
f 4436/4817/3521 4435/4816/3520 4441/4824/3525 4440/4825/3524 
f 4439/4820/3523 4436/4817/3521 4440/4825/3524 4442/4826/3526 
f 2839/3008/1979 2801/2970/1941 4425/4802/3513 4443/4827/3527 
f 4443/4828/3527 4425/4804/3513 4419/4796/3508 4444/4829/3528 
f 2826/2995/1966 2839/3008/1979 4443/4827/3527 4442/4823/3526 
f 4442/4826/3526 4443/4828/3527 4444/4829/3528 4439/4820/3523 
f 4445/4830/3529 4417/4794/3506 4416/4793/1110 4446/4831/1132 
f 4438/4819/3522 4445/4830/3529 4446/4831/1132 4437/4818/1129 
f 4444/4829/3528 4419/4796/3508 4417/4794/3506 4445/4830/3529 
f 4439/4820/3523 4444/4829/3528 4445/4830/3529 4438/4819/3522 
f 4447/4832/1143 4448/4833/1142 4449/4834/3530 4450/4835/3531 
f 4450/4835/3531 4449/4834/3530 4451/4836/3532 4452/4837/3533 
f 4453/4838/1145 4447/4832/1143 4450/4835/3531 4454/4839/3534 
f 4454/4839/3534 4450/4835/3531 4452/4837/3533 4455/4840/3535 
f 4456/4841/3536 4457/4842/3537 2841/3010/1981 2840/3009/1980 
f 4458/4843/3538 4456/4841/3536 2840/3009/1980 2846/3015/1986 
f 4452/4837/3533 4451/4836/3532 4457/4844/3537 4456/4845/3536 
f 4455/4840/3535 4452/4837/3533 4456/4845/3536 4458/4846/3538 
f 2859/3028/1999 2821/2990/1961 4441/4822/3525 4459/4847/3539 
f 4459/4848/3539 4441/4824/3525 4435/4816/3520 4460/4849/3540 
f 2846/3015/1986 2859/3028/1999 4459/4847/3539 4458/4843/3538 
f 4458/4846/3538 4459/4848/3539 4460/4849/3540 4455/4840/3535 
f 4461/4850/3541 4433/4814/3518 4432/4813/1126 4462/4851/1148 
f 4454/4839/3534 4461/4850/3541 4462/4851/1148 4453/4838/1145 
f 4460/4849/3540 4435/4816/3520 4433/4814/3518 4461/4850/3541 
f 4455/4840/3535 4460/4849/3540 4461/4850/3541 4454/4839/3534 
f 4463/4852/1159 4464/4853/1158 4465/4854/3542 4466/4855/3543 
f 4466/4855/3543 4465/4854/3542 4467/4856/3544 4468/4857/3545 
f 4469/4858/1161 4463/4852/1159 4466/4855/3543 4470/4859/3546 
f 4470/4859/3546 4466/4855/3543 4468/4857/3545 4471/4860/3547 
f 4472/4861/3548 4473/4862/3549 2861/3030/2001 2860/3029/2000 
f 4474/4863/3550 4472/4861/3548 2860/3029/2000 2866/3035/2006 
f 4468/4857/3545 4467/4856/3544 4473/4864/3549 4472/4865/3548 
f 4471/4860/3547 4468/4857/3545 4472/4865/3548 4474/4866/3550 
f 2879/3048/2019 2841/3010/1981 4457/4842/3537 4475/4867/3551 
f 4475/4868/3551 4457/4844/3537 4451/4836/3532 4476/4869/3552 
f 2866/3035/2006 2879/3048/2019 4475/4867/3551 4474/4863/3550 
f 4474/4866/3550 4475/4868/3551 4476/4869/3552 4471/4860/3547 
f 4477/4870/3553 4449/4834/3530 4448/4833/1142 4478/4871/1164 
f 4470/4859/3546 4477/4870/3553 4478/4871/1164 4469/4858/1161 
f 4476/4869/3552 4451/4836/3532 4449/4834/3530 4477/4870/3553 
f 4471/4860/3547 4476/4869/3552 4477/4870/3553 4470/4859/3546 
f 4479/4872/1175 4480/4873/1174 4481/4874/3554 4482/4875/3555 
f 4482/4875/3555 4481/4874/3554 4483/4876/3556 4484/4877/3557 
f 4485/4878/1177 4479/4872/1175 4482/4875/3555 4486/4879/3558 
f 4486/4879/3558 4482/4875/3555 4484/4877/3557 4487/4880/3559 
f 4488/4881/3560 4489/4882/3561 2881/3050/2021 2880/3049/2020 
f 4490/4883/3562 4488/4881/3560 2880/3049/2020 2886/3055/2026 
f 4484/4877/3557 4483/4876/3556 4489/4884/3561 4488/4885/3560 
f 4487/4880/3559 4484/4877/3557 4488/4885/3560 4490/4886/3562 
f 2899/3068/2039 2861/3030/2001 4473/4862/3549 4491/4887/3563 
f 4491/4888/3563 4473/4864/3549 4467/4856/3544 4492/4889/3564 
f 2886/3055/2026 2899/3068/2039 4491/4887/3563 4490/4883/3562 
f 4490/4886/3562 4491/4888/3563 4492/4889/3564 4487/4880/3559 
f 4493/4890/3565 4465/4854/3542 4464/4853/1158 4494/4891/1180 
f 4486/4879/3558 4493/4890/3565 4494/4891/1180 4485/4878/1177 
f 4492/4889/3564 4467/4856/3544 4465/4854/3542 4493/4890/3565 
f 4487/4880/3559 4492/4889/3564 4493/4890/3565 4486/4879/3558 
f 4495/4892/1191 4496/4893/1190 4497/4894/3566 4498/4895/3567 
f 4498/4895/3567 4497/4894/3566 4499/4896/3568 4500/4897/3569 
f 4501/4898/1193 4495/4892/1191 4498/4895/3567 4502/4899/3570 
f 4502/4899/3570 4498/4895/3567 4500/4897/3569 4503/4900/3571 
f 4504/4901/3572 4505/4902/3573 2901/3070/2041 2900/3069/2040 
f 4506/4903/3574 4504/4901/3572 2900/3069/2040 2906/3075/2046 
f 4500/4897/3569 4499/4896/3568 4505/4904/3573 4504/4905/3572 
f 4503/4900/3571 4500/4897/3569 4504/4905/3572 4506/4906/3574 
f 2919/3093/2059 2881/3092/2021 4489/4907/3561 4507/4908/3575 
f 4507/4909/3575 4489/4910/3561 4483/4911/3556 4508/4912/3576 
f 2906/3075/2046 2919/3093/2059 4507/4908/3575 4506/4903/3574 
f 4506/4906/3574 4507/4909/3575 4508/4912/3576 4503/4900/3571 
f 4509/4913/3577 4481/4914/3554 4480/4915/1174 4510/4916/1196 
f 4502/4899/3570 4509/4913/3577 4510/4916/1196 4501/4898/1193 
f 4508/4912/3576 4483/4911/3556 4481/4914/3554 4509/4913/3577 
f 4503/4900/3571 4508/4912/3576 4509/4913/3577 4502/4899/3570 
f 4511/4917/1207 4512/4918/1206 4513/4919/3578 4514/4920/3579 
f 4514/4920/3579 4513/4919/3578 4515/4921/3580 4516/4922/3581 
f 4517/4923/1209 4511/4917/1207 4514/4920/3579 4518/4924/3582 
f 4518/4924/3582 4514/4920/3579 4516/4922/3581 4519/4925/3583 
f 4520/4926/3584 4521/4927/3585 2921/3095/2061 2920/3094/2060 
f 4522/4928/3586 4520/4926/3584 2920/3094/2060 2926/3100/2066 
f 4516/4922/3581 4515/4921/3580 4521/4929/3585 4520/4930/3584 
f 4519/4925/3583 4516/4922/3581 4520/4930/3584 4522/4931/3586 
f 2939/3113/2079 2901/3070/2041 4505/4902/3573 4523/4932/3587 
f 4523/4933/3587 4505/4904/3573 4499/4896/3568 4524/4934/3588 
f 2926/3100/2066 2939/3113/2079 4523/4932/3587 4522/4928/3586 
f 4522/4931/3586 4523/4933/3587 4524/4934/3588 4519/4925/3583 
f 4525/4935/3589 4497/4894/3566 4496/4893/1190 4526/4936/1212 
f 4518/4924/3582 4525/4935/3589 4526/4936/1212 4517/4923/1209 
f 4524/4934/3588 4499/4896/3568 4497/4894/3566 4525/4935/3589 
f 4519/4925/3583 4524/4934/3588 4525/4935/3589 4518/4924/3582 
f 4527/4937/1219 4269/4610/1225 4268/4609/3397 4528/4938/3590 
f 4528/4938/3590 4268/4609/3397 4265/4606/3394 4529/4939/3591 
f 4530/4940/1221 4527/4937/1219 4528/4938/3590 4531/4941/3592 
f 4531/4941/3592 4528/4938/3590 4529/4939/3591 4532/4942/3593 
f 4533/4943/3594 4263/4602/3392 2618/2787/1758 2940/3114/2080 
f 4534/4944/3595 4533/4943/3594 2940/3114/2080 2943/3117/2083 
f 4529/4939/3591 4265/4606/3394 4263/4605/3392 4533/4945/3594 
f 4532/4942/3593 4529/4939/3591 4533/4945/3594 4534/4946/3595 
f 2954/3128/2094 2921/3095/2061 4521/4927/3585 4535/4947/3596 
f 4535/4948/3596 4521/4929/3585 4515/4921/3580 4536/4949/3597 
f 2943/3117/2083 2954/3128/2094 4535/4947/3596 4534/4944/3595 
f 4534/4946/3595 4535/4948/3596 4536/4949/3597 4532/4942/3593 
f 4537/4950/3598 4513/4919/3578 4512/4918/1206 4538/4951/1224 
f 4531/4941/3592 4537/4950/3598 4538/4951/1224 4530/4940/1221 
f 4536/4949/3597 4515/4921/3580 4513/4919/3578 4537/4950/3598 
f 4532/4942/3593 4536/4949/3597 4537/4950/3598 4531/4941/3592 
f 949/1035/949 948/1034/948 4539/4952/948 4540/4953/949 
f 4540/4953/949 4539/4952/948 4541/4954/948 4542/4955/949 
f 951/1037/951 949/1035/949 4540/4953/949 4543/4956/951 
f 4543/4956/951 4540/4953/949 4542/4955/949 4544/4957/951 
f 4545/4958/949 4546/4959/948 4252/4588/948 4251/4587/949 
f 4547/4960/951 4545/4958/949 4251/4587/949 4257/4593/951 
f 4542/4955/949 4541/4954/948 4546/4959/948 4545/4958/949 
f 4544/4957/951 4542/4955/949 4545/4958/949 4547/4960/951 
f 4270/4611/954 4269/4610/1225 4548/4961/1225 4549/4962/954 
f 4549/4962/954 4548/4961/1225 4550/4963/955 4551/4964/954 
f 4257/4593/951 4270/4611/954 4549/4962/954 4547/4960/951 
f 4547/4960/951 4549/4962/954 4551/4964/954 4544/4957/951 
f 4552/4965/954 4553/4966/955 955/1041/955 954/1040/954 
f 4543/4956/951 4552/4965/954 954/1040/954 951/1037/951 
f 4551/4964/954 4550/4963/955 4553/4966/955 4552/4965/954 
f 4544/4957/951 4551/4964/954 4552/4965/954 4543/4956/951 
f 967/1053/967 966/1052/966 4554/4967/966 4555/4968/967 
f 4555/4968/967 4554/4967/966 4556/4969/966 4557/4970/967 
f 969/1055/969 967/1053/967 4555/4968/967 4558/4971/969 
f 4558/4971/969 4555/4968/967 4557/4970/967 4559/4972/969 
f 4560/4973/967 4561/4974/966 4272/4613/966 4271/4612/967 
f 4562/4975/969 4560/4973/967 4271/4612/967 4277/4618/969 
f 4557/4970/967 4556/4969/966 4561/4974/966 4560/4973/967 
f 4559/4972/969 4557/4970/967 4560/4973/967 4562/4975/969 
f 4286/4631/972 4252/4588/948 4546/4959/948 4563/4976/972 
f 4563/4976/972 4546/4959/948 4541/4954/948 4564/4977/972 
f 4277/4618/969 4286/4631/972 4563/4976/972 4562/4975/969 
f 4562/4975/969 4563/4976/972 4564/4977/972 4559/4972/969 
f 4565/4978/972 4539/4952/948 948/1034/948 972/1058/972 
f 4558/4971/969 4565/4978/972 972/1058/972 969/1055/969 
f 4564/4977/972 4541/4954/948 4539/4952/948 4565/4978/972 
f 4559/4972/969 4564/4977/972 4565/4978/972 4558/4971/969 
f 983/1069/983 982/1068/982 4566/4979/982 4567/4980/983 
f 4567/4980/983 4566/4979/982 4568/4981/982 4569/4982/983 
f 985/1071/985 983/1069/983 4567/4980/983 4570/4983/985 
f 4570/4983/985 4567/4980/983 4569/4982/983 4571/4984/985 
f 4572/4985/983 4573/4986/982 4288/4633/982 4287/4632/983 
f 4574/4987/985 4572/4985/983 4287/4632/983 4293/4638/985 
f 4569/4982/983 4568/4981/982 4573/4986/982 4572/4985/983 
f 4571/4984/985 4569/4982/983 4572/4985/983 4574/4987/985 
f 4302/4651/988 4272/4613/966 4561/4974/966 4575/4988/988 
f 4575/4988/988 4561/4974/966 4556/4969/966 4576/4989/988 
f 4293/4638/985 4302/4651/988 4575/4988/988 4574/4987/985 
f 4574/4987/985 4575/4988/988 4576/4989/988 4571/4984/985 
f 4577/4990/988 4554/4967/966 966/1052/966 988/1074/988 
f 4570/4983/985 4577/4990/988 988/1074/988 985/1071/985 
f 4576/4989/988 4556/4969/966 4554/4967/966 4577/4990/988 
f 4571/4984/985 4576/4989/988 4577/4990/988 4570/4983/985 
f 999/1085/999 998/1084/998 4578/4991/998 4579/4992/999 
f 4579/4992/999 4578/4991/998 4580/4993/998 4581/4994/999 
f 1001/1087/1001 999/1085/999 4579/4992/999 4582/4995/1001 
f 4582/4995/1001 4579/4992/999 4581/4994/999 4583/4996/1001 
f 4584/4997/999 4585/4998/998 4304/4653/998 4303/4652/999 
f 4586/4999/1001 4584/4997/999 4303/4652/999 4309/4658/1001 
f 4581/4994/999 4580/4993/998 4585/4998/998 4584/4997/999 
f 4583/4996/1001 4581/4994/999 4584/4997/999 4586/4999/1001 
f 4318/4671/1004 4288/4633/982 4573/4986/982 4587/5000/1004 
f 4587/5000/1004 4573/4986/982 4568/4981/982 4588/5001/1004 
f 4309/4658/1001 4318/4671/1004 4587/5000/1004 4586/4999/1001 
f 4586/4999/1001 4587/5000/1004 4588/5001/1004 4583/4996/1001 
f 4589/5002/1004 4566/4979/982 982/1068/982 1004/1090/1004 
f 4582/4995/1001 4589/5002/1004 1004/1090/1004 1001/1087/1001 
f 4588/5001/1004 4568/4981/982 4566/4979/982 4589/5002/1004 
f 4583/4996/1001 4588/5001/1004 4589/5002/1004 4582/4995/1001 
f 1015/1101/1015 1014/1100/1014 4590/5003/1014 4591/5004/1015 
f 4591/5004/1015 4590/5003/1014 4592/5005/1014 4593/5006/1015 
f 1017/1103/1017 1015/1101/1015 4591/5004/1015 4594/5007/1017 
f 4594/5007/1017 4591/5004/1015 4593/5006/1015 4595/5008/1017 
f 4596/5009/1015 4597/5010/1014 4320/4673/1014 4319/4672/1015 
f 4598/5011/1017 4596/5009/1015 4319/4672/1015 4325/4678/1226 
f 4593/5006/1015 4592/5005/1014 4597/5010/1014 4596/5009/1015 
f 4595/5008/1017 4593/5006/1015 4596/5009/1015 4598/5011/1017 
f 4334/4691/1020 4304/4653/998 4585/4998/998 4599/5012/1020 
f 4599/5012/1020 4585/4998/998 4580/4993/998 4600/5013/1020 
f 4325/4678/1226 4334/4691/1020 4599/5012/1020 4598/5011/1017 
f 4598/5011/1017 4599/5012/1020 4600/5013/1020 4595/5008/1017 
f 4601/5014/1020 4578/4991/998 998/1084/998 1020/1106/1020 
f 4594/5007/1017 4601/5014/1020 1020/1106/1020 1017/1103/1017 
f 4600/5013/1020 4580/4993/998 4578/4991/998 4601/5014/1020 
f 4595/5008/1017 4600/5013/1020 4601/5014/1020 4594/5007/1017 
f 1031/1117/1031 1030/1116/1030 4602/5015/1030 4603/5016/1031 
f 4603/5016/1031 4602/5015/1030 4604/5017/1030 4605/5018/1031 
f 1033/1119/1033 1031/1117/1031 4603/5016/1031 4606/5019/1033 
f 4606/5019/1033 4603/5016/1031 4605/5018/1031 4607/5020/1033 
f 4608/5021/1031 4609/5022/1030 4336/4693/1030 4335/4692/1031 
f 4610/5023/1033 4608/5021/1031 4335/4692/1031 4341/4698/1033 
f 4605/5018/1031 4604/5017/1030 4609/5022/1030 4608/5021/1031 
f 4607/5020/1033 4605/5018/1031 4608/5021/1031 4610/5023/1033 
f 4350/4711/1036 4320/4673/1014 4597/5010/1014 4611/5024/1036 
f 4611/5024/1036 4597/5010/1014 4592/5005/1014 4612/5025/1036 
f 4341/4698/1033 4350/4711/1036 4611/5024/1036 4610/5023/1033 
f 4610/5023/1033 4611/5024/1036 4612/5025/1036 4607/5020/1033 
f 4613/5026/1036 4590/5003/1014 1014/1100/1014 1036/1122/1036 
f 4606/5019/1033 4613/5026/1036 1036/1122/1036 1033/1119/1033 
f 4612/5025/1036 4592/5005/1014 4590/5003/1014 4613/5026/1036 
f 4607/5020/1033 4612/5025/1036 4613/5026/1036 4606/5019/1033 
f 1047/1133/1047 1046/1132/1046 4614/5027/1046 4615/5028/1047 
f 4615/5028/1047 4614/5027/1046 4616/5029/1046 4617/5030/1047 
f 1049/1135/1049 1047/1133/1047 4615/5028/1047 4618/5031/1049 
f 4618/5031/1049 4615/5028/1047 4617/5030/1047 4619/5032/1049 
f 4620/5033/1047 4621/5034/1046 4352/4713/1046 4351/4712/1047 
f 4622/5035/1049 4620/5033/1047 4351/4712/1047 4357/4718/1049 
f 4617/5030/1047 4616/5029/1046 4621/5034/1046 4620/5033/1047 
f 4619/5032/1049 4617/5030/1047 4620/5033/1047 4622/5035/1049 
f 4366/4731/1052 4336/4693/1030 4609/5022/1030 4623/5036/1052 
f 4623/5036/1052 4609/5022/1030 4604/5017/1030 4624/5037/1052 
f 4357/4718/1049 4366/4731/1052 4623/5036/1052 4622/5035/1049 
f 4622/5035/1049 4623/5036/1052 4624/5037/1052 4619/5032/1049 
f 4625/5038/1052 4602/5015/1030 1030/1116/1030 1052/1138/1052 
f 4618/5031/1049 4625/5038/1052 1052/1138/1052 1049/1135/1049 
f 4624/5037/1052 4604/5017/1030 4602/5015/1030 4625/5038/1052 
f 4619/5032/1049 4624/5037/1052 4625/5038/1052 4618/5031/1049 
f 1063/1149/1063 1062/1148/1062 4626/5039/1062 4627/5040/1063 
f 4627/5040/1063 4626/5039/1062 4628/5041/1062 4629/5042/1063 
f 1065/1151/1065 1063/1149/1063 4627/5040/1063 4630/5043/1065 
f 4630/5043/1065 4627/5040/1063 4629/5042/1063 4631/5044/1065 
f 4632/5045/1063 4633/5046/1062 4368/4733/1062 4367/4732/1063 
f 4634/5047/1065 4632/5045/1063 4367/4732/1063 4373/4738/1065 
f 4629/5042/1063 4628/5041/1062 4633/5046/1062 4632/5045/1063 
f 4631/5044/1065 4629/5042/1063 4632/5045/1063 4634/5047/1065 
f 4382/4751/1068 4352/4713/1046 4621/5034/1046 4635/5048/1068 
f 4635/5048/1068 4621/5034/1046 4616/5029/1046 4636/5049/1068 
f 4373/4738/1065 4382/4751/1068 4635/5048/1068 4634/5047/1065 
f 4634/5047/1065 4635/5048/1068 4636/5049/1068 4631/5044/1065 
f 4637/5050/1068 4614/5027/1046 1046/1132/1046 1068/1154/1068 
f 4630/5043/1065 4637/5050/1068 1068/1154/1068 1065/1151/1065 
f 4636/5049/1068 4616/5029/1046 4614/5027/1046 4637/5050/1068 
f 4631/5044/1065 4636/5049/1068 4637/5050/1068 4630/5043/1065 
f 1079/1165/1079 1078/1164/1078 4638/5051/1227 4639/5052/1079 
f 4639/5052/1079 4638/5051/1227 4640/5053/1078 4641/5054/1079 
f 1081/1167/1081 1079/1165/1079 4639/5052/1079 4642/5055/1081 
f 4642/5055/1081 4639/5052/1079 4641/5054/1079 4643/5056/1081 
f 4644/5057/1079 4645/5058/1078 4384/4753/1078 4383/4752/1079 
f 4646/5059/1081 4644/5057/1079 4383/4752/1079 4389/4758/1081 
f 4641/5054/1079 4640/5053/1078 4645/5058/1078 4644/5057/1079 
f 4643/5056/1081 4641/5054/1079 4644/5057/1079 4646/5059/1081 
f 4398/4771/1084 4368/4733/1062 4633/5046/1062 4647/5060/1084 
f 4647/5060/1084 4633/5046/1062 4628/5041/1062 4648/5061/1084 
f 4389/4758/1081 4398/4771/1084 4647/5060/1084 4646/5059/1081 
f 4646/5059/1081 4647/5060/1084 4648/5061/1084 4643/5056/1081 
f 4649/5062/1084 4626/5039/1062 1062/1148/1062 1084/1170/1084 
f 4642/5055/1081 4649/5062/1084 1084/1170/1084 1081/1167/1081 
f 4648/5061/1084 4628/5041/1062 4626/5039/1062 4649/5062/1084 
f 4643/5056/1081 4648/5061/1084 4649/5062/1084 4642/5055/1081 
f 1095/1181/1095 1094/1180/1094 4650/5063/1094 4651/5064/1095 
f 4651/5064/1095 4650/5063/1094 4652/5065/1094 4653/5066/1095 
f 1097/1183/1097 1095/1181/1095 4651/5064/1095 4654/5067/1097 
f 4654/5067/1097 4651/5064/1095 4653/5066/1095 4655/5068/1097 
f 4656/5069/1095 4657/5070/1094 4400/4773/1094 4399/4772/1095 
f 4658/5071/1097 4656/5069/1095 4399/4772/1095 4405/4778/1097 
f 4653/5066/1095 4652/5065/1094 4657/5070/1094 4656/5069/1095 
f 4655/5068/1097 4653/5066/1095 4656/5069/1095 4658/5071/1097 
f 4414/4791/1100 4384/4753/1078 4645/5058/1078 4659/5072/1100 
f 4659/5072/1100 4645/5058/1078 4640/5053/1078 4660/5073/1100 
f 4405/4778/1097 4414/4791/1100 4659/5072/1100 4658/5071/1097 
f 4658/5071/1097 4659/5072/1100 4660/5073/1100 4655/5068/1097 
f 4661/5074/1100 4638/5051/1227 1078/1164/1078 1100/1186/1100 
f 4654/5067/1097 4661/5074/1100 1100/1186/1100 1097/1183/1097 
f 4660/5073/1100 4640/5053/1078 4638/5051/1227 4661/5074/1100 
f 4655/5068/1097 4660/5073/1100 4661/5074/1100 4654/5067/1097 
f 1111/1197/1111 1110/1196/1110 4662/5075/1110 4663/5076/1111 
f 4663/5076/1111 4662/5075/1110 4664/5077/1110 4665/5078/1111 
f 1113/1199/1113 1111/1197/1111 4663/5076/1111 4666/5079/1113 
f 4666/5079/1113 4663/5076/1111 4665/5078/1111 4667/5080/1113 
f 4668/5081/1111 4669/5082/1110 4416/4793/1110 4415/4792/1111 
f 4670/5083/1113 4668/5081/1111 4415/4792/1111 4421/4798/1113 
f 4665/5078/1111 4664/5077/1110 4669/5082/1110 4668/5081/1111 
f 4667/5080/1113 4665/5078/1111 4668/5081/1111 4670/5083/1113 
f 4430/4811/1116 4400/4773/1094 4657/5070/1094 4671/5084/1116 
f 4671/5084/1116 4657/5070/1094 4652/5065/1094 4672/5085/1116 
f 4421/4798/1113 4430/4811/1116 4671/5084/1116 4670/5083/1113 
f 4670/5083/1113 4671/5084/1116 4672/5085/1116 4667/5080/1113 
f 4673/5086/1116 4650/5063/1094 1094/1180/1094 1116/1202/1116 
f 4666/5079/1113 4673/5086/1116 1116/1202/1116 1113/1199/1113 
f 4672/5085/1116 4652/5065/1094 4650/5063/1094 4673/5086/1116 
f 4667/5080/1113 4672/5085/1116 4673/5086/1116 4666/5079/1113 
f 1127/1213/1127 1126/1212/1126 4674/5087/1126 4675/5088/1127 
f 4675/5088/1127 4674/5087/1126 4676/5089/1126 4677/5090/1127 
f 1129/1215/1129 1127/1213/1127 4675/5088/1127 4678/5091/1129 
f 4678/5091/1129 4675/5088/1127 4677/5090/1127 4679/5092/1129 
f 4680/5093/1127 4681/5094/1126 4432/4813/1126 4431/4812/1127 
f 4682/5095/1129 4680/5093/1127 4431/4812/1127 4437/4818/1129 
f 4677/5090/1127 4676/5089/1126 4681/5094/1126 4680/5093/1127 
f 4679/5092/1129 4677/5090/1127 4680/5093/1127 4682/5095/1129 
f 4446/4831/1132 4416/4793/1110 4669/5082/1110 4683/5096/1132 
f 4683/5096/1132 4669/5082/1110 4664/5077/1110 4684/5097/1132 
f 4437/4818/1129 4446/4831/1132 4683/5096/1132 4682/5095/1129 
f 4682/5095/1129 4683/5096/1132 4684/5097/1132 4679/5092/1129 
f 4685/5098/1132 4662/5075/1110 1110/1196/1110 1132/1218/1132 
f 4678/5091/1129 4685/5098/1132 1132/1218/1132 1129/1215/1129 
f 4684/5097/1132 4664/5077/1110 4662/5075/1110 4685/5098/1132 
f 4679/5092/1129 4684/5097/1132 4685/5098/1132 4678/5091/1129 
f 1143/1229/1143 1142/1228/1142 4686/5099/1142 4687/5100/1143 
f 4687/5100/1143 4686/5099/1142 4688/5101/1142 4689/5102/1143 
f 1145/1231/1145 1143/1229/1143 4687/5100/1143 4690/5103/1145 
f 4690/5103/1145 4687/5100/1143 4689/5102/1143 4691/5104/1145 
f 4692/5105/1143 4693/5106/1142 4448/4833/1142 4447/4832/1143 
f 4694/5107/1145 4692/5105/1143 4447/4832/1143 4453/4838/1145 
f 4689/5102/1143 4688/5101/1142 4693/5106/1142 4692/5105/1143 
f 4691/5104/1145 4689/5102/1143 4692/5105/1143 4694/5107/1145 
f 4462/4851/1148 4432/4813/1126 4681/5094/1126 4695/5108/1148 
f 4695/5108/1148 4681/5094/1126 4676/5089/1126 4696/5109/1148 
f 4453/4838/1145 4462/4851/1148 4695/5108/1148 4694/5107/1145 
f 4694/5107/1145 4695/5108/1148 4696/5109/1148 4691/5104/1145 
f 4697/5110/1148 4674/5087/1126 1126/1212/1126 1148/1234/1148 
f 4690/5103/1145 4697/5110/1148 1148/1234/1148 1145/1231/1145 
f 4696/5109/1148 4676/5089/1126 4674/5087/1126 4697/5110/1148 
f 4691/5104/1145 4696/5109/1148 4697/5110/1148 4690/5103/1145 
f 1159/1245/1159 1158/1244/1158 4698/5111/1158 4699/5112/1159 
f 4699/5112/1159 4698/5111/1158 4700/5113/1158 4701/5114/1159 
f 1161/1247/1161 1159/1245/1159 4699/5112/1159 4702/5115/1161 
f 4702/5115/1161 4699/5112/1159 4701/5114/1159 4703/5116/1228 
f 4704/5117/1159 4705/5118/1158 4464/4853/1158 4463/4852/1159 
f 4706/5119/1161 4704/5117/1159 4463/4852/1159 4469/4858/1161 
f 4701/5114/1159 4700/5113/1158 4705/5118/1158 4704/5117/1159 
f 4703/5116/1228 4701/5114/1159 4704/5117/1159 4706/5119/1161 
f 4478/4871/1164 4448/4833/1142 4693/5106/1142 4707/5120/1164 
f 4707/5120/1164 4693/5106/1142 4688/5101/1142 4708/5121/1164 
f 4469/4858/1161 4478/4871/1164 4707/5120/1164 4706/5119/1161 
f 4706/5119/1161 4707/5120/1164 4708/5121/1164 4703/5116/1228 
f 4709/5122/1164 4686/5099/1142 1142/1228/1142 1164/1250/1164 
f 4702/5115/1161 4709/5122/1164 1164/1250/1164 1161/1247/1161 
f 4708/5121/1164 4688/5101/1142 4686/5099/1142 4709/5122/1164 
f 4703/5116/1228 4708/5121/1164 4709/5122/1164 4702/5115/1161 
f 1175/1261/1175 1174/1260/1174 4710/5123/1174 4711/5124/1175 
f 4711/5124/1175 4710/5123/1174 4712/5125/1174 4713/5126/1175 
f 1177/1263/1177 1175/1261/1175 4711/5124/1175 4714/5127/1177 
f 4714/5127/1177 4711/5124/1175 4713/5126/1175 4715/5128/1177 
f 4716/5129/1175 4717/5130/1174 4480/4873/1174 4479/4872/1175 
f 4718/5131/1177 4716/5129/1175 4479/4872/1175 4485/4878/1177 
f 4713/5126/1175 4712/5125/1174 4717/5130/1174 4716/5129/1175 
f 4715/5128/1177 4713/5126/1175 4716/5129/1175 4718/5131/1177 
f 4494/4891/1180 4464/4853/1158 4705/5118/1158 4719/5132/1180 
f 4719/5132/1180 4705/5118/1158 4700/5113/1158 4720/5133/1180 
f 4485/4878/1177 4494/4891/1180 4719/5132/1180 4718/5131/1177 
f 4718/5131/1177 4719/5132/1180 4720/5133/1180 4715/5128/1177 
f 4721/5134/1180 4698/5111/1158 1158/1244/1158 1180/1266/1180 
f 4714/5127/1177 4721/5134/1180 1180/1266/1180 1177/1263/1177 
f 4720/5133/1180 4700/5113/1158 4698/5111/1158 4721/5134/1180 
f 4715/5128/1177 4720/5133/1180 4721/5134/1180 4714/5127/1177 
f 1191/1279/1191 1190/1278/1190 4722/5135/1190 4723/5136/1191 
f 4723/5136/1191 4722/5135/1190 4724/5137/1190 4725/5138/1191 
f 1193/1281/1193 1191/1279/1191 4723/5136/1191 4726/5139/1193 
f 4726/5139/1193 4723/5136/1191 4725/5138/1191 4727/5140/1193 
f 4728/5141/1191 4729/5142/1190 4496/4893/1190 4495/4892/1191 
f 4730/5143/1193 4728/5141/1191 4495/4892/1191 4501/4898/1193 
f 4725/5138/1191 4724/5137/1190 4729/5142/1190 4728/5141/1191 
f 4727/5140/1193 4725/5138/1191 4728/5141/1191 4730/5143/1193 
f 4510/4916/1196 4480/4915/1174 4717/5144/1174 4731/5145/1196 
f 4731/5145/1196 4717/5144/1174 4712/5146/1174 4732/5147/1196 
f 4501/4898/1193 4510/4916/1196 4731/5145/1196 4730/5143/1193 
f 4730/5143/1193 4731/5145/1196 4732/5147/1196 4727/5140/1193 
f 4733/5148/1196 4710/5149/1174 1174/1285/1174 1196/1284/1196 
f 4726/5139/1193 4733/5148/1196 1196/1284/1196 1193/1281/1193 
f 4732/5147/1196 4712/5146/1174 4710/5149/1174 4733/5148/1196 
f 4727/5140/1193 4732/5147/1196 4733/5148/1196 4726/5139/1193 
f 1207/1297/1207 1206/1296/1206 4734/5150/1206 4735/5151/1207 
f 4735/5151/1207 4734/5150/1206 4736/5152/1206 4737/5153/1207 
f 1209/1299/1209 1207/1297/1207 4735/5151/1207 4738/5154/1209 
f 4738/5154/1209 4735/5151/1207 4737/5153/1207 4739/5155/1209 
f 4740/5156/1207 4741/5157/1206 4512/4918/1206 4511/4917/1207 
f 4742/5158/1209 4740/5156/1207 4511/4917/1207 4517/4923/1209 
f 4737/5153/1207 4736/5152/1206 4741/5157/1206 4740/5156/1207 
f 4739/5155/1209 4737/5153/1207 4740/5156/1207 4742/5158/1209 
f 4526/4936/1212 4496/4893/1190 4729/5142/1190 4743/5159/1212 
f 4743/5159/1212 4729/5142/1190 4724/5137/1190 4744/5160/1212 
f 4517/4923/1209 4526/4936/1212 4743/5159/1212 4742/5158/1209 
f 4742/5158/1209 4743/5159/1212 4744/5160/1212 4739/5155/1209 
f 4745/5161/1212 4722/5135/1190 1190/1278/1190 1212/1302/1212 
f 4738/5154/1209 4745/5161/1212 1212/1302/1212 1209/1299/1209 
f 4744/5160/1212 4724/5137/1190 4722/5135/1190 4745/5161/1212 
f 4739/5155/1209 4744/5160/1212 4745/5161/1212 4738/5154/1209 
f 1219/1309/1219 955/1041/955 4553/4966/955 4746/5162/1219 
f 4746/5162/1219 4553/4966/955 4550/4963/955 4747/5163/1219 
f 1221/1311/1221 1219/1309/1219 4746/5162/1219 4748/5164/1221 
f 4748/5164/1221 4746/5162/1219 4747/5163/1219 4749/5165/1221 
f 4750/5166/1219 4548/4961/1225 4269/4610/1225 4527/4937/1219 
f 4751/5167/1221 4750/5166/1219 4527/4937/1219 4530/4940/1221 
f 4747/5163/1219 4550/4963/955 4548/4961/1225 4750/5166/1219 
f 4749/5165/1221 4747/5163/1219 4750/5166/1219 4751/5167/1221 
f 4538/4951/1224 4512/4918/1206 4741/5157/1206 4752/5168/1224 
f 4752/5168/1224 4741/5157/1206 4736/5152/1206 4753/5169/1224 
f 4530/4940/1221 4538/4951/1224 4752/5168/1224 4751/5167/1221 
f 4751/5167/1221 4752/5168/1224 4753/5169/1224 4749/5165/1221 
f 4754/5170/1224 4734/5150/1206 1206/1296/1206 1224/1314/1224 
f 4748/5164/1221 4754/5170/1224 1224/1314/1224 1221/1311/1221 
f 4753/5169/1224 4736/5152/1206 4734/5150/1206 4754/5170/1224 
f 4749/5165/1221 4753/5169/1224 4754/5170/1224 4748/5164/1221 
f 4755/5171/3599 4756/5172/1227 4757/5173/3600 4758/5174/3601 
f 4758/5174/3601 4757/5173/3600 4759/5175/3602 4760/5176/3603 
f 4760/5176/3603 4761/5177/3604 4762/5178/3605 4758/5174/3601 
f 4758/5174/3601 4762/5178/3605 4763/5179/3606 4755/5171/3599 
f 4760/5176/3603 4759/5175/3602 4764/5180/3607 4765/5181/3608 
f 4765/5181/3608 4764/5180/3607 4766/5182/3609 4767/5183/3610 
f 4767/5183/3610 4768/5184/3611 4769/5185/3612 4765/5181/3608 
f 4765/5181/3608 4769/5185/3612 4761/5177/3604 4760/5176/3603 
f 4767/5183/3610 4766/5182/3609 4770/5186/3613 4771/5187/3614 
f 4771/5187/3614 4770/5186/3613 4772/5188/3615 4773/5189/3616 
f 4773/5189/3616 4774/5190/3617 4775/5191/3618 4771/5187/3614 
f 4771/5187/3614 4775/5191/3618 4768/5184/3611 4767/5183/3610 
f 4773/5189/3616 4772/5188/3615 4776/5192/3619 4777/5193/3620 
f 4777/5193/3620 4776/5192/3619 4778/5194/3621 4779/5195/3622 
f 4779/5195/3622 4780/5196/3623 4781/5197/3624 4777/5193/3620 
f 4777/5193/3620 4781/5197/3624 4774/5190/3617 4773/5189/3616 
f 4779/5195/3622 4778/5194/3621 4782/5198/3625 4783/5199/3626 
f 4783/5199/3626 4782/5198/3625 4784/5200/3627 4785/5201/3628 
f 4785/5201/3628 4786/5202/3629 4787/5203/3630 4783/5199/3626 
f 4783/5199/3626 4787/5203/3630 4780/5196/3623 4779/5195/3622 
f 4785/5201/3628 4784/5200/3627 4788/5204/3631 4789/5205/3632 
f 4789/5205/3632 4788/5204/3631 4790/5206/1225 4791/5207/3633 
f 4791/5207/3633 4792/5208/3634 4793/5209/3635 4789/5205/3632 
f 4789/5205/3632 4793/5209/3635 4786/5202/3629 4785/5201/3628 
f 4791/5210/3633 4790/5211/1225 4794/5212/3636 4795/5213/3637 
f 4795/5213/3637 4794/5212/3636 4796/5214/3638 4797/5215/3639 
f 4797/5215/3639 4798/5216/3640 4799/5217/3641 4795/5213/3637 
f 4795/5213/3637 4799/5217/3641 4792/5218/3634 4791/5210/3633 
f 4797/5215/3639 4796/5214/3638 4800/5219/3642 4801/5220/3643 
f 4801/5220/3643 4800/5219/3642 4802/5221/3644 4803/5222/3645 
f 4803/5222/3645 4804/5223/3646 4805/5224/3647 4801/5220/3643 
f 4801/5220/3643 4805/5224/3647 4798/5216/3640 4797/5215/3639 
f 4803/5222/3645 4802/5221/3644 4806/5225/3648 4807/5226/3649 
f 4807/5226/3649 4806/5225/3648 4808/5227/3650 4809/5228/3651 
f 4809/5228/3651 4810/5229/3652 4811/5230/3653 4807/5226/3649 
f 4807/5226/3649 4811/5230/3653 4804/5223/3646 4803/5222/3645 
f 4809/5228/3651 4808/5227/3650 4812/5231/3654 4813/5232/3655 
f 4813/5232/3655 4812/5231/3654 4814/5233/3656 4815/5234/3657 
f 4815/5234/3657 4816/5235/3658 4817/5236/3659 4813/5232/3655 
f 4813/5232/3655 4817/5236/3659 4810/5229/3652 4809/5228/3651 
f 4815/5234/3657 4814/5233/3656 4818/5237/3660 4819/5238/3661 
f 4819/5238/3661 4818/5237/3660 4820/5239/3662 4821/5240/3663 
f 4821/5240/3663 4822/5241/3664 4823/5242/3665 4819/5238/3661 
f 4819/5238/3661 4823/5242/3665 4816/5235/3658 4815/5234/3657 
f 4821/5240/3663 4820/5239/3662 4824/5243/3666 4825/5244/3667 
f 4825/5244/3667 4824/5243/3666 4756/5245/1227 4755/5246/3599 
f 4755/5246/3599 4763/5247/3606 4826/5248/3668 4825/5244/3667 
f 4825/5244/3667 4826/5248/3668 4822/5241/3664 4821/5240/3663 
f 4827/5249/3669 4763/5179/3606 4762/5178/3605 4828/5250/3670 
f 4828/5250/3670 4762/5178/3605 4761/5177/3604 4829/5251/3671 
f 4829/5251/3671 4830/5252/3672 4831/5253/3673 4828/5250/3670 
f 4828/5250/3670 4831/5253/3673 4832/5254/3674 4827/5249/3669 
f 4829/5251/3671 4761/5177/3604 4769/5185/3612 4833/5255/3675 
f 4833/5255/3675 4769/5185/3612 4768/5184/3611 4834/5256/3676 
f 4834/5256/3676 4835/5257/3677 4836/5258/3678 4833/5255/3675 
f 4833/5255/3675 4836/5258/3678 4830/5252/3672 4829/5251/3671 
f 4834/5256/3676 4768/5184/3611 4775/5191/3618 4837/5259/3679 
f 4837/5259/3679 4775/5191/3618 4774/5190/3617 4838/5260/3680 
f 4838/5260/3680 4839/5261/3681 4840/5262/3682 4837/5259/3679 
f 4837/5259/3679 4840/5262/3682 4835/5257/3677 4834/5256/3676 
f 4838/5260/3680 4774/5190/3617 4781/5197/3624 4841/5263/3683 
f 4841/5263/3683 4781/5197/3624 4780/5196/3623 4842/5264/3684 
f 4842/5264/3684 4843/5265/3685 4844/5266/3686 4841/5263/3683 
f 4841/5263/3683 4844/5266/3686 4839/5261/3681 4838/5260/3680 
f 4842/5264/3684 4780/5196/3623 4787/5203/3630 4845/5267/3687 
f 4845/5267/3687 4787/5203/3630 4786/5202/3629 4846/5268/3688 
f 4846/5268/3688 4847/5269/3689 4848/5270/3690 4845/5267/3687 
f 4845/5267/3687 4848/5270/3690 4843/5265/3685 4842/5264/3684 
f 4846/5268/3688 4786/5202/3629 4793/5209/3635 4849/5271/3691 
f 4849/5271/3691 4793/5209/3635 4792/5208/3634 4850/5272/3692 
f 4850/5272/3692 4851/5273/3693 4852/5274/3694 4849/5271/3691 
f 4849/5271/3691 4852/5274/3694 4847/5269/3689 4846/5268/3688 
f 4850/5275/3692 4792/5218/3634 4799/5217/3641 4853/5276/3695 
f 4853/5276/3695 4799/5217/3641 4798/5216/3640 4854/5277/3696 
f 4854/5277/3696 4855/5278/3697 4856/5279/3698 4853/5276/3695 
f 4853/5276/3695 4856/5279/3698 4851/5280/3693 4850/5275/3692 
f 4854/5277/3696 4798/5216/3640 4805/5224/3647 4857/5281/3699 
f 4857/5281/3699 4805/5224/3647 4804/5223/3646 4858/5282/3700 
f 4858/5282/3700 4859/5283/3701 4860/5284/3702 4857/5281/3699 
f 4857/5281/3699 4860/5284/3702 4855/5278/3697 4854/5277/3696 
f 4858/5282/3700 4804/5223/3646 4811/5230/3653 4861/5285/3703 
f 4861/5285/3703 4811/5230/3653 4810/5229/3652 4862/5286/3704 
f 4862/5286/3704 4863/5287/3705 4864/5288/3706 4861/5285/3703 
f 4861/5285/3703 4864/5288/3706 4859/5283/3701 4858/5282/3700 
f 4862/5286/3704 4810/5229/3652 4817/5236/3659 4865/5289/3707 
f 4865/5289/3707 4817/5236/3659 4816/5235/3658 4866/5290/3708 
f 4866/5290/3708 4867/5291/3709 4868/5292/3710 4865/5289/3707 
f 4865/5289/3707 4868/5292/3710 4863/5287/3705 4862/5286/3704 
f 4866/5290/3708 4816/5235/3658 4823/5242/3665 4869/5293/3711 
f 4869/5293/3711 4823/5242/3665 4822/5241/3664 4870/5294/3712 
f 4870/5294/3712 4871/5295/3713 4872/5296/3714 4869/5293/3711 
f 4869/5293/3711 4872/5296/3714 4867/5291/3709 4866/5290/3708 
f 4870/5294/3712 4822/5241/3664 4826/5248/3668 4873/5297/3715 
f 4873/5297/3715 4826/5248/3668 4763/5247/3606 4827/5298/3669 
f 4827/5298/3669 4832/5299/3674 4874/5300/3716 4873/5297/3715 
f 4873/5297/3715 4874/5300/3716 4871/5295/3713 4870/5294/3712 
f 4875/5301/3717 4832/5254/3674 4831/5253/3673 4876/5302/3718 
f 4876/5302/3718 4831/5253/3673 4830/5252/3672 4877/5303/3719 
f 4877/5303/3719 4878/5304/3720 4879/5305/3721 4876/5302/3718 
f 4876/5302/3718 4879/5305/3721 4880/5306/3722 4875/5301/3717 
f 4877/5303/3719 4830/5252/3672 4836/5258/3678 4881/5307/3723 
f 4881/5307/3723 4836/5258/3678 4835/5257/3677 4882/5308/3724 
f 4882/5308/3724 4883/5309/3725 4884/5310/3726 4881/5307/3723 
f 4881/5307/3723 4884/5310/3726 4878/5304/3720 4877/5303/3719 
f 4882/5308/3724 4835/5257/3677 4840/5262/3682 4885/5311/3727 
f 4885/5311/3727 4840/5262/3682 4839/5261/3681 4886/5312/3728 
f 4886/5312/3728 4887/5313/3729 4888/5314/3730 4885/5311/3727 
f 4885/5311/3727 4888/5314/3730 4883/5309/3725 4882/5308/3724 
f 4886/5312/3728 4839/5261/3681 4844/5266/3686 4889/5315/3731 
f 4889/5315/3731 4844/5266/3686 4843/5265/3685 4890/5316/3732 
f 4890/5316/3732 4891/5317/3733 4892/5318/3734 4889/5315/3731 
f 4889/5315/3731 4892/5318/3734 4887/5313/3729 4886/5312/3728 
f 4890/5316/3732 4843/5265/3685 4848/5270/3690 4893/5319/3735 
f 4893/5319/3735 4848/5270/3690 4847/5269/3689 4894/5320/3736 
f 4894/5320/3736 4895/5321/3737 4896/5322/3738 4893/5319/3735 
f 4893/5319/3735 4896/5322/3738 4891/5317/3733 4890/5316/3732 
f 4894/5320/3736 4847/5269/3689 4852/5274/3694 4897/5323/3739 
f 4897/5323/3739 4852/5274/3694 4851/5273/3693 4898/5324/3740 
f 4898/5324/3740 4899/5325/3741 4900/5326/3742 4897/5323/3739 
f 4897/5323/3739 4900/5326/3742 4895/5321/3737 4894/5320/3736 
f 4898/5327/3740 4851/5280/3693 4856/5279/3698 4901/5328/3743 
f 4901/5328/3743 4856/5279/3698 4855/5278/3697 4902/5329/3744 
f 4902/5329/3744 4903/5330/3745 4904/5331/3746 4901/5328/3743 
f 4901/5328/3743 4904/5331/3746 4899/5332/3741 4898/5327/3740 
f 4902/5329/3744 4855/5278/3697 4860/5284/3702 4905/5333/3747 
f 4905/5333/3747 4860/5284/3702 4859/5283/3701 4906/5334/3748 
f 4906/5334/3748 4907/5335/3749 4908/5336/3750 4905/5333/3747 
f 4905/5333/3747 4908/5336/3750 4903/5330/3745 4902/5329/3744 
f 4906/5334/3748 4859/5283/3701 4864/5288/3706 4909/5337/3751 
f 4909/5337/3751 4864/5288/3706 4863/5287/3705 4910/5338/3752 
f 4910/5338/3752 4911/5339/3753 4912/5340/3754 4909/5337/3751 
f 4909/5337/3751 4912/5340/3754 4907/5335/3749 4906/5334/3748 
f 4910/5338/3752 4863/5287/3705 4868/5292/3710 4913/5341/3755 
f 4913/5341/3755 4868/5292/3710 4867/5291/3709 4914/5342/3756 
f 4914/5342/3756 4915/5343/3757 4916/5344/3758 4913/5341/3755 
f 4913/5341/3755 4916/5344/3758 4911/5339/3753 4910/5338/3752 
f 4914/5342/3756 4867/5291/3709 4872/5296/3714 4917/5345/3759 
f 4917/5345/3759 4872/5296/3714 4871/5295/3713 4918/5346/3760 
f 4918/5346/3760 4919/5347/3761 4920/5348/3762 4917/5345/3759 
f 4917/5345/3759 4920/5348/3762 4915/5343/3757 4914/5342/3756 
f 4918/5346/3760 4871/5295/3713 4874/5300/3716 4921/5349/3763 
f 4921/5349/3763 4874/5300/3716 4832/5299/3674 4875/5350/3717 
f 4875/5350/3717 4880/5351/3722 4922/5352/3764 4921/5349/3763 
f 4921/5349/3763 4922/5352/3764 4919/5347/3761 4918/5346/3760 
f 4923/5353/3765 4880/5306/3722 4879/5305/3721 4924/5354/3766 
f 4924/5354/3766 4879/5305/3721 4878/5304/3720 4925/5355/3767 
f 4925/5355/3767 4926/5356/3768 4927/5357/3769 4924/5354/3766 
f 4924/5354/3766 4927/5357/3769 4928/5358/3770 4923/5353/3765 
f 4925/5355/3767 4878/5304/3720 4884/5310/3726 4929/5359/3771 
f 4929/5359/3771 4884/5310/3726 4883/5309/3725 4930/5360/3772 
f 4930/5360/3772 4931/5361/3773 4932/5362/3774 4929/5359/3771 
f 4929/5359/3771 4932/5362/3774 4926/5356/3768 4925/5355/3767 
f 4930/5360/3772 4883/5309/3725 4888/5314/3730 4933/5363/3775 
f 4933/5363/3775 4888/5314/3730 4887/5313/3729 4934/5364/3776 
f 4934/5364/3776 4935/5365/3777 4936/5366/3778 4933/5363/3775 
f 4933/5363/3775 4936/5366/3778 4931/5361/3773 4930/5360/3772 
f 4934/5364/3776 4887/5313/3729 4892/5318/3734 4937/5367/3779 
f 4937/5367/3779 4892/5318/3734 4891/5317/3733 4938/5368/3780 
f 4938/5368/3780 4939/5369/3781 4940/5370/3782 4937/5367/3779 
f 4937/5367/3779 4940/5370/3782 4935/5365/3777 4934/5364/3776 
f 4938/5368/3780 4891/5317/3733 4896/5322/3738 4941/5371/3783 
f 4941/5371/3783 4896/5322/3738 4895/5321/3737 4942/5372/3784 
f 4942/5372/3784 4943/5373/3785 4944/5374/3786 4941/5371/3783 
f 4941/5371/3783 4944/5374/3786 4939/5369/3781 4938/5368/3780 
f 4942/5372/3784 4895/5321/3737 4900/5326/3742 4945/5375/3787 
f 4945/5375/3787 4900/5326/3742 4899/5325/3741 4946/5376/3788 
f 4946/5376/3788 4947/5377/3789 4948/5378/3790 4945/5375/3787 
f 4945/5375/3787 4948/5378/3790 4943/5373/3785 4942/5372/3784 
f 4946/5379/3788 4899/5332/3741 4904/5331/3746 4949/5380/3791 
f 4949/5380/3791 4904/5331/3746 4903/5330/3745 4950/5381/3792 
f 4950/5381/3792 4951/5382/3793 4952/5383/3794 4949/5380/3791 
f 4949/5380/3791 4952/5383/3794 4947/5384/3789 4946/5379/3788 
f 4950/5381/3792 4903/5330/3745 4908/5336/3750 4953/5385/3795 
f 4953/5385/3795 4908/5336/3750 4907/5335/3749 4954/5386/3796 
f 4954/5386/3796 4955/5387/3797 4956/5388/3798 4953/5385/3795 
f 4953/5385/3795 4956/5388/3798 4951/5382/3793 4950/5381/3792 
f 4954/5386/3796 4907/5335/3749 4912/5340/3754 4957/5389/3799 
f 4957/5389/3799 4912/5340/3754 4911/5339/3753 4958/5390/3800 
f 4958/5390/3800 4959/5391/3801 4960/5392/3802 4957/5389/3799 
f 4957/5389/3799 4960/5392/3802 4955/5387/3797 4954/5386/3796 
f 4958/5390/3800 4911/5339/3753 4916/5344/3758 4961/5393/3803 
f 4961/5393/3803 4916/5344/3758 4915/5343/3757 4962/5394/3804 
f 4962/5394/3804 4963/5395/3805 4964/5396/3806 4961/5393/3803 
f 4961/5393/3803 4964/5396/3806 4959/5391/3801 4958/5390/3800 
f 4962/5394/3804 4915/5343/3757 4920/5348/3762 4965/5397/3807 
f 4965/5397/3807 4920/5348/3762 4919/5347/3761 4966/5398/3808 
f 4966/5398/3808 4967/5399/3809 4968/5400/3810 4965/5397/3807 
f 4965/5397/3807 4968/5400/3810 4963/5395/3805 4962/5394/3804 
f 4966/5398/3808 4919/5347/3761 4922/5352/3764 4969/5401/3811 
f 4969/5401/3811 4922/5352/3764 4880/5351/3722 4923/5402/3765 
f 4923/5402/3765 4928/5403/3770 4970/5404/3812 4969/5401/3811 
f 4969/5401/3811 4970/5404/3812 4967/5399/3809 4966/5398/3808 
f 4971/5405/3813 4928/5358/3770 4927/5357/3769 4972/5406/3814 
f 4972/5406/3814 4927/5357/3769 4926/5356/3768 4973/5407/3815 
f 4973/5407/3815 4974/5408/3816 4975/5409/3817 4972/5406/3814 
f 4972/5406/3814 4975/5409/3817 4976/5410/3818 4971/5405/3813 
f 4973/5407/3815 4926/5356/3768 4932/5362/3774 4977/5411/3819 
f 4977/5411/3819 4932/5362/3774 4931/5361/3773 4978/5412/3820 
f 4978/5412/3820 4979/5413/3821 4980/5414/3822 4977/5411/3819 
f 4977/5411/3819 4980/5414/3822 4974/5408/3816 4973/5407/3815 
f 4978/5412/3820 4931/5361/3773 4936/5366/3778 4981/5415/3823 
f 4981/5415/3823 4936/5366/3778 4935/5365/3777 4982/5416/3824 
f 4982/5416/3824 4983/5417/3825 4984/5418/3826 4981/5415/3823 
f 4981/5415/3823 4984/5418/3826 4979/5413/3821 4978/5412/3820 
f 4982/5416/3824 4935/5365/3777 4940/5370/3782 4985/5419/3827 
f 4985/5419/3827 4940/5370/3782 4939/5369/3781 4986/5420/3828 
f 4986/5420/3828 4987/5421/3829 4988/5422/3830 4985/5419/3827 
f 4985/5419/3827 4988/5422/3830 4983/5417/3825 4982/5416/3824 
f 4986/5420/3828 4939/5369/3781 4944/5374/3786 4989/5423/3831 
f 4989/5423/3831 4944/5374/3786 4943/5373/3785 4990/5424/3832 
f 4990/5424/3832 4991/5425/3833 4992/5426/3834 4989/5423/3831 
f 4989/5423/3831 4992/5426/3834 4987/5421/3829 4986/5420/3828 
f 4990/5424/3832 4943/5373/3785 4948/5378/3790 4993/5427/3835 
f 4993/5427/3835 4948/5378/3790 4947/5377/3789 4994/5428/3836 
f 4994/5428/3836 4995/5429/3837 4996/5430/3838 4993/5427/3835 
f 4993/5427/3835 4996/5430/3838 4991/5425/3833 4990/5424/3832 
f 4994/5431/3836 4947/5384/3789 4952/5383/3794 4997/5432/3839 
f 4997/5432/3839 4952/5383/3794 4951/5382/3793 4998/5433/3840 
f 4998/5433/3840 4999/5434/3841 5000/5435/3842 4997/5432/3839 
f 4997/5432/3839 5000/5435/3842 4995/5436/3837 4994/5431/3836 
f 4998/5433/3840 4951/5382/3793 4956/5388/3798 5001/5437/3843 
f 5001/5437/3843 4956/5388/3798 4955/5387/3797 5002/5438/3844 
f 5002/5438/3844 5003/5439/3845 5004/5440/3846 5001/5437/3843 
f 5001/5437/3843 5004/5440/3846 4999/5434/3841 4998/5433/3840 
f 5002/5438/3844 4955/5387/3797 4960/5392/3802 5005/5441/3847 
f 5005/5441/3847 4960/5392/3802 4959/5391/3801 5006/5442/3848 
f 5006/5442/3848 5007/5443/3849 5008/5444/3850 5005/5441/3847 
f 5005/5441/3847 5008/5444/3850 5003/5439/3845 5002/5438/3844 
f 5006/5442/3848 4959/5391/3801 4964/5396/3806 5009/5445/3851 
f 5009/5445/3851 4964/5396/3806 4963/5395/3805 5010/5446/3852 
f 5010/5446/3852 5011/5447/3853 5012/5448/3854 5009/5445/3851 
f 5009/5445/3851 5012/5448/3854 5007/5443/3849 5006/5442/3848 
f 5010/5446/3852 4963/5395/3805 4968/5400/3810 5013/5449/3855 
f 5013/5449/3855 4968/5400/3810 4967/5399/3809 5014/5450/3856 
f 5014/5450/3856 5015/5451/3857 5016/5452/3858 5013/5449/3855 
f 5013/5449/3855 5016/5452/3858 5011/5447/3853 5010/5446/3852 
f 5014/5450/3856 4967/5399/3809 4970/5404/3812 5017/5453/3859 
f 5017/5453/3859 4970/5404/3812 4928/5403/3770 4971/5454/3813 
f 4971/5454/3813 4976/5455/3818 5018/5456/3860 5017/5453/3859 
f 5017/5453/3859 5018/5456/3860 5015/5451/3857 5014/5450/3856 
f 5019/5457/3861 4976/5410/3818 4975/5409/3817 5020/5458/3862 
f 5020/5458/3862 4975/5409/3817 4974/5408/3816 5021/5459/3863 
f 5021/5459/3863 5022/5460/3864 5023/5461/3865 5020/5458/3862 
f 5020/5458/3862 5023/5461/3865 5024/5462/1239 5019/5457/3861 
f 5021/5459/3863 4974/5408/3816 4980/5414/3822 5025/5463/3866 
f 5025/5463/3866 4980/5414/3822 4979/5413/3821 5026/5464/3867 
f 5026/5464/3867 5027/5465/3868 5028/5466/3869 5025/5463/3866 
f 5025/5463/3866 5028/5466/3869 5022/5460/3864 5021/5459/3863 
f 5026/5464/3867 4979/5413/3821 4984/5418/3826 5029/5467/3870 
f 5029/5467/3870 4984/5418/3826 4983/5417/3825 5030/5468/3871 
f 5030/5468/3871 5031/5469/3872 5032/5470/3873 5029/5467/3870 
f 5029/5467/3870 5032/5470/3873 5027/5465/3868 5026/5464/3867 
f 5030/5468/3871 4983/5417/3825 4988/5422/3830 5033/5471/3874 
f 5033/5471/3874 4988/5422/3830 4987/5421/3829 5034/5472/3875 
f 5034/5472/3875 5035/5473/3876 5036/5474/3877 5033/5471/3874 
f 5033/5471/3874 5036/5474/3877 5031/5469/3872 5030/5468/3871 
f 5034/5472/3875 4987/5421/3829 4992/5426/3834 5037/5475/3878 
f 5037/5475/3878 4992/5426/3834 4991/5425/3833 5038/5476/3879 
f 5038/5476/3879 5039/5477/3880 5040/5478/3881 5037/5475/3878 
f 5037/5475/3878 5040/5478/3881 5035/5473/3876 5034/5472/3875 
f 5038/5476/3879 4991/5425/3833 4996/5430/3838 5041/5479/3882 
f 5041/5479/3882 4996/5430/3838 4995/5429/3837 5042/5480/3883 
f 5042/5480/3883 5043/5481/1462 5044/5482/3884 5041/5479/3882 
f 5041/5479/3882 5044/5482/3884 5039/5477/3880 5038/5476/3879 
f 5042/5483/3883 4995/5436/3837 5000/5435/3842 5045/5484/3885 
f 5045/5484/3885 5000/5435/3842 4999/5434/3841 5046/5485/3886 
f 5046/5485/3886 5047/5486/3887 5048/5487/3888 5045/5484/3885 
f 5045/5484/3885 5048/5487/3888 5043/5488/1462 5042/5483/3883 
f 5046/5485/3886 4999/5434/3841 5004/5440/3846 5049/5489/3889 
f 5049/5489/3889 5004/5440/3846 5003/5439/3845 5050/5490/3890 
f 5050/5490/3890 5051/5491/3891 5052/5492/3892 5049/5489/3889 
f 5049/5489/3889 5052/5492/3892 5047/5486/3887 5046/5485/3886 
f 5050/5490/3890 5003/5439/3845 5008/5444/3850 5053/5493/3893 
f 5053/5493/3893 5008/5444/3850 5007/5443/3849 5054/5494/3894 
f 5054/5494/3894 5055/5495/3895 5056/5496/3896 5053/5493/3893 
f 5053/5493/3893 5056/5496/3896 5051/5491/3891 5050/5490/3890 
f 5054/5494/3894 5007/5443/3849 5012/5448/3854 5057/5497/3897 
f 5057/5497/3897 5012/5448/3854 5011/5447/3853 5058/5498/3898 
f 5058/5498/3898 5059/5499/3899 5060/5500/3900 5057/5497/3897 
f 5057/5497/3897 5060/5500/3900 5055/5495/3895 5054/5494/3894 
f 5058/5498/3898 5011/5447/3853 5016/5452/3858 5061/5501/3901 
f 5061/5501/3901 5016/5452/3858 5015/5451/3857 5062/5502/3902 
f 5062/5502/3902 5063/5503/3903 5064/5504/3904 5061/5501/3901 
f 5061/5501/3901 5064/5504/3904 5059/5499/3899 5058/5498/3898 
f 5062/5502/3902 5015/5451/3857 5018/5456/3860 5065/5505/3905 
f 5065/5505/3905 5018/5456/3860 4976/5455/3818 5019/5506/3861 
f 5019/5506/3861 5024/5507/1239 5066/5508/3906 5065/5505/3905 
f 5065/5505/3905 5066/5508/3906 5063/5503/3903 5062/5502/3902 
f 5067/5509/3907 5024/5462/1239 5023/5461/3865 5068/5510/3908 
f 5068/5510/3908 5023/5461/3865 5022/5460/3864 5069/5511/3909 
f 5069/5511/3909 5070/5512/3910 5071/5513/3911 5068/5510/3908 
f 5068/5510/3908 5071/5513/3911 5072/5514/3912 5067/5509/3907 
f 5069/5511/3909 5022/5460/3864 5028/5466/3869 5073/5515/3913 
f 5073/5515/3913 5028/5466/3869 5027/5465/3868 5074/5516/3914 
f 5074/5516/3914 5075/5517/3915 5076/5518/3916 5073/5515/3913 
f 5073/5515/3913 5076/5518/3916 5070/5512/3910 5069/5511/3909 
f 5074/5516/3914 5027/5465/3868 5032/5470/3873 5077/5519/3917 
f 5077/5519/3917 5032/5470/3873 5031/5469/3872 5078/5520/3918 
f 5078/5520/3918 5079/5521/3919 5080/5522/3920 5077/5519/3917 
f 5077/5519/3917 5080/5522/3920 5075/5517/3915 5074/5516/3914 
f 5078/5520/3918 5031/5469/3872 5036/5474/3877 5081/5523/3921 
f 5081/5523/3921 5036/5474/3877 5035/5473/3876 5082/5524/3922 
f 5082/5524/3922 5083/5525/3923 5084/5526/3924 5081/5523/3921 
f 5081/5523/3921 5084/5526/3924 5079/5521/3919 5078/5520/3918 
f 5082/5524/3922 5035/5473/3876 5040/5478/3881 5085/5527/3925 
f 5085/5527/3925 5040/5478/3881 5039/5477/3880 5086/5528/3926 
f 5086/5528/3926 5087/5529/3927 5088/5530/3928 5085/5527/3925 
f 5085/5527/3925 5088/5530/3928 5083/5525/3923 5082/5524/3922 
f 5086/5528/3926 5039/5477/3880 5044/5482/3884 5089/5531/3929 
f 5089/5531/3929 5044/5482/3884 5043/5481/1462 5090/5532/3930 
f 5090/5532/3930 5091/5533/3931 5092/5534/3932 5089/5531/3929 
f 5089/5531/3929 5092/5534/3932 5087/5529/3927 5086/5528/3926 
f 5090/5535/3930 5043/5488/1462 5048/5487/3888 5093/5536/3933 
f 5093/5536/3933 5048/5487/3888 5047/5486/3887 5094/5537/3934 
f 5094/5537/3934 5095/5538/3935 5096/5539/3936 5093/5536/3933 
f 5093/5536/3933 5096/5539/3936 5091/5540/3931 5090/5535/3930 
f 5094/5537/3934 5047/5486/3887 5052/5492/3892 5097/5541/3937 
f 5097/5541/3937 5052/5492/3892 5051/5491/3891 5098/5542/3938 
f 5098/5542/3938 5099/5543/3939 5100/5544/3940 5097/5541/3937 
f 5097/5541/3937 5100/5544/3940 5095/5538/3935 5094/5537/3934 
f 5098/5542/3938 5051/5491/3891 5056/5496/3896 5101/5545/3941 
f 5101/5545/3941 5056/5496/3896 5055/5495/3895 5102/5546/3942 
f 5102/5546/3942 5103/5547/3943 5104/5548/3944 5101/5545/3941 
f 5101/5545/3941 5104/5548/3944 5099/5543/3939 5098/5542/3938 
f 5102/5546/3942 5055/5495/3895 5060/5500/3900 5105/5549/3945 
f 5105/5549/3945 5060/5500/3900 5059/5499/3899 5106/5550/3946 
f 5106/5550/3946 5107/5551/3947 5108/5552/3948 5105/5549/3945 
f 5105/5549/3945 5108/5552/3948 5103/5547/3943 5102/5546/3942 
f 5106/5550/3946 5059/5499/3899 5064/5504/3904 5109/5553/3949 
f 5109/5553/3949 5064/5504/3904 5063/5503/3903 5110/5554/3950 
f 5110/5554/3950 5111/5555/3951 5112/5556/3952 5109/5553/3949 
f 5109/5553/3949 5112/5556/3952 5107/5551/3947 5106/5550/3946 
f 5110/5554/3950 5063/5503/3903 5066/5508/3906 5113/5557/3953 
f 5113/5557/3953 5066/5508/3906 5024/5507/1239 5067/5558/3907 
f 5067/5558/3907 5072/5559/3912 5114/5560/3954 5113/5557/3953 
f 5113/5557/3953 5114/5560/3954 5111/5555/3951 5110/5554/3950 
f 5115/5561/3955 5072/5514/3912 5071/5513/3911 5116/5562/3956 
f 5116/5562/3956 5071/5513/3911 5070/5512/3910 5117/5563/3957 
f 5117/5563/3957 5118/5564/3958 5119/5565/3959 5116/5562/3956 
f 5116/5562/3956 5119/5565/3959 5120/5566/3960 5115/5561/3955 
f 5117/5563/3957 5070/5512/3910 5076/5518/3916 5121/5567/3961 
f 5121/5567/3961 5076/5518/3916 5075/5517/3915 5122/5568/3962 
f 5122/5568/3962 5123/5569/3963 5124/5570/3964 5121/5567/3961 
f 5121/5567/3961 5124/5570/3964 5118/5564/3958 5117/5563/3957 
f 5122/5568/3962 5075/5517/3915 5080/5522/3920 5125/5571/3965 
f 5125/5571/3965 5080/5522/3920 5079/5521/3919 5126/5572/3966 
f 5126/5572/3966 5127/5573/3967 5128/5574/3968 5125/5571/3965 
f 5125/5571/3965 5128/5574/3968 5123/5569/3963 5122/5568/3962 
f 5126/5572/3966 5079/5521/3919 5084/5526/3924 5129/5575/3969 
f 5129/5575/3969 5084/5526/3924 5083/5525/3923 5130/5576/3970 
f 5130/5576/3970 5131/5577/3971 5132/5578/3972 5129/5575/3969 
f 5129/5575/3969 5132/5578/3972 5127/5573/3967 5126/5572/3966 
f 5130/5576/3970 5083/5525/3923 5088/5530/3928 5133/5579/3973 
f 5133/5579/3973 5088/5530/3928 5087/5529/3927 5134/5580/3974 
f 5134/5580/3974 5135/5581/3975 5136/5582/3976 5133/5579/3973 
f 5133/5579/3973 5136/5582/3976 5131/5577/3971 5130/5576/3970 
f 5134/5580/3974 5087/5529/3927 5092/5534/3932 5137/5583/3977 
f 5137/5583/3977 5092/5534/3932 5091/5533/3931 5138/5584/3978 
f 5138/5584/3978 5139/5585/3979 5140/5586/3980 5137/5583/3977 
f 5137/5583/3977 5140/5586/3980 5135/5581/3975 5134/5580/3974 
f 5138/5587/3978 5091/5540/3931 5096/5539/3936 5141/5588/3981 
f 5141/5588/3981 5096/5539/3936 5095/5538/3935 5142/5589/3982 
f 5142/5589/3982 5143/5590/3983 5144/5591/3984 5141/5588/3981 
f 5141/5588/3981 5144/5591/3984 5139/5592/3979 5138/5587/3978 
f 5142/5589/3982 5095/5538/3935 5100/5544/3940 5145/5593/3985 
f 5145/5593/3985 5100/5544/3940 5099/5543/3939 5146/5594/3986 
f 5146/5594/3986 5147/5595/3987 5148/5596/3988 5145/5593/3985 
f 5145/5593/3985 5148/5596/3988 5143/5590/3983 5142/5589/3982 
f 5146/5594/3986 5099/5543/3939 5104/5548/3944 5149/5597/3989 
f 5149/5597/3989 5104/5548/3944 5103/5547/3943 5150/5598/3990 
f 5150/5598/3990 5151/5599/3991 5152/5600/3992 5149/5597/3989 
f 5149/5597/3989 5152/5600/3992 5147/5595/3987 5146/5594/3986 
f 5150/5598/3990 5103/5547/3943 5108/5552/3948 5153/5601/3993 
f 5153/5601/3993 5108/5552/3948 5107/5551/3947 5154/5602/3994 
f 5154/5602/3994 5155/5603/3995 5156/5604/3996 5153/5601/3993 
f 5153/5601/3993 5156/5604/3996 5151/5599/3991 5150/5598/3990 
f 5154/5602/3994 5107/5551/3947 5112/5556/3952 5157/5605/3997 
f 5157/5605/3997 5112/5556/3952 5111/5555/3951 5158/5606/3998 
f 5158/5606/3998 5159/5607/3999 5160/5608/4000 5157/5605/3997 
f 5157/5605/3997 5160/5608/4000 5155/5603/3995 5154/5602/3994 
f 5158/5606/3998 5111/5555/3951 5114/5560/3954 5161/5609/4001 
f 5161/5609/4001 5114/5560/3954 5072/5559/3912 5115/5610/3955 
f 5115/5610/3955 5120/5611/3960 5162/5612/4002 5161/5609/4001 
f 5161/5609/4001 5162/5612/4002 5159/5607/3999 5158/5606/3998 
f 5163/5613/4003 5120/5566/3960 5119/5565/3959 5164/5614/4004 
f 5164/5614/4004 5119/5565/3959 5118/5564/3958 5165/5615/4005 
f 5165/5615/4005 5166/5616/4006 5167/5617/4007 5164/5614/4004 
f 5164/5614/4004 5167/5617/4007 5168/5618/4008 5163/5613/4003 
f 5165/5615/4005 5118/5564/3958 5124/5570/3964 5169/5619/4009 
f 5169/5619/4009 5124/5570/3964 5123/5569/3963 5170/5620/4010 
f 5170/5620/4010 5171/5621/4011 5172/5622/4012 5169/5619/4009 
f 5169/5619/4009 5172/5622/4012 5166/5616/4006 5165/5615/4005 
f 5170/5620/4010 5123/5569/3963 5128/5574/3968 5173/5623/4013 
f 5173/5623/4013 5128/5574/3968 5127/5573/3967 5174/5624/4014 
f 5174/5624/4014 5175/5625/4015 5176/5626/4016 5173/5623/4013 
f 5173/5623/4013 5176/5626/4016 5171/5621/4011 5170/5620/4010 
f 5174/5624/4014 5127/5573/3967 5132/5578/3972 5177/5627/4017 
f 5177/5627/4017 5132/5578/3972 5131/5577/3971 5178/5628/4018 
f 5178/5628/4018 5179/5629/4019 5180/5630/4020 5177/5627/4017 
f 5177/5627/4017 5180/5630/4020 5175/5625/4015 5174/5624/4014 
f 5178/5628/4018 5131/5577/3971 5136/5582/3976 5181/5631/4021 
f 5181/5631/4021 5136/5582/3976 5135/5581/3975 5182/5632/4022 
f 5182/5632/4022 5183/5633/4023 5184/5634/4024 5181/5631/4021 
f 5181/5631/4021 5184/5634/4024 5179/5629/4019 5178/5628/4018 
f 5182/5632/4022 5135/5581/3975 5140/5586/3980 5185/5635/4025 
f 5185/5635/4025 5140/5586/3980 5139/5585/3979 5186/5636/4026 
f 5186/5636/4026 5187/5637/4027 5188/5638/4028 5185/5635/4025 
f 5185/5635/4025 5188/5638/4028 5183/5633/4023 5182/5632/4022 
f 5186/5639/4026 5139/5592/3979 5144/5591/3984 5189/5640/4029 
f 5189/5640/4029 5144/5591/3984 5143/5590/3983 5190/5641/4030 
f 5190/5641/4030 5191/5642/4031 5192/5643/4032 5189/5640/4029 
f 5189/5640/4029 5192/5643/4032 5187/5644/4027 5186/5639/4026 
f 5190/5641/4030 5143/5590/3983 5148/5596/3988 5193/5645/4033 
f 5193/5645/4033 5148/5596/3988 5147/5595/3987 5194/5646/4034 
f 5194/5646/4034 5195/5647/4035 5196/5648/4036 5193/5645/4033 
f 5193/5645/4033 5196/5648/4036 5191/5642/4031 5190/5641/4030 
f 5194/5646/4034 5147/5595/3987 5152/5600/3992 5197/5649/4037 
f 5197/5649/4037 5152/5600/3992 5151/5599/3991 5198/5650/4038 
f 5198/5650/4038 5199/5651/4039 5200/5652/4040 5197/5649/4037 
f 5197/5649/4037 5200/5652/4040 5195/5647/4035 5194/5646/4034 
f 5198/5650/4038 5151/5599/3991 5156/5604/3996 5201/5653/4041 
f 5201/5653/4041 5156/5604/3996 5155/5603/3995 5202/5654/4042 
f 5202/5654/4042 5203/5655/4043 5204/5656/4044 5201/5653/4041 
f 5201/5653/4041 5204/5656/4044 5199/5651/4039 5198/5650/4038 
f 5202/5654/4042 5155/5603/3995 5160/5608/4000 5205/5657/4045 
f 5205/5657/4045 5160/5608/4000 5159/5607/3999 5206/5658/4046 
f 5206/5658/4046 5207/5659/4047 5208/5660/4048 5205/5657/4045 
f 5205/5657/4045 5208/5660/4048 5203/5655/4043 5202/5654/4042 
f 5206/5658/4046 5159/5607/3999 5162/5612/4002 5209/5661/4049 
f 5209/5661/4049 5162/5612/4002 5120/5611/3960 5163/5662/4003 
f 5163/5662/4003 5168/5663/4008 5210/5664/4050 5209/5661/4049 
f 5209/5661/4049 5210/5664/4050 5207/5659/4047 5206/5658/4046 
f 5211/5665/4051 5168/5618/4008 5167/5617/4007 5212/5666/4052 
f 5212/5666/4052 5167/5617/4007 5166/5616/4006 5213/5667/4053 
f 5213/5667/4053 5214/5668/4054 5215/5669/4055 5212/5666/4052 
f 5212/5666/4052 5215/5669/4055 5216/5670/4056 5211/5665/4051 
f 5213/5667/4053 5166/5616/4006 5172/5622/4012 5217/5671/4057 
f 5217/5671/4057 5172/5622/4012 5171/5621/4011 5218/5672/4058 
f 5218/5672/4058 5219/5673/4059 5220/5674/4060 5217/5671/4057 
f 5217/5671/4057 5220/5674/4060 5214/5668/4054 5213/5667/4053 
f 5218/5672/4058 5171/5621/4011 5176/5626/4016 5221/5675/4061 
f 5221/5675/4061 5176/5626/4016 5175/5625/4015 5222/5676/4062 
f 5222/5676/4062 5223/5677/4063 5224/5678/4064 5221/5675/4061 
f 5221/5675/4061 5224/5678/4064 5219/5673/4059 5218/5672/4058 
f 5222/5676/4062 5175/5625/4015 5180/5630/4020 5225/5679/4065 
f 5225/5679/4065 5180/5630/4020 5179/5629/4019 5226/5680/4066 
f 5226/5680/4066 5227/5681/4067 5228/5682/4068 5225/5679/4065 
f 5225/5679/4065 5228/5682/4068 5223/5677/4063 5222/5676/4062 
f 5226/5680/4066 5179/5629/4019 5184/5634/4024 5229/5683/4069 
f 5229/5683/4069 5184/5634/4024 5183/5633/4023 5230/5684/4070 
f 5230/5684/4070 5231/5685/4071 5232/5686/4072 5229/5683/4069 
f 5229/5683/4069 5232/5686/4072 5227/5681/4067 5226/5680/4066 
f 5230/5684/4070 5183/5633/4023 5188/5638/4028 5233/5687/4073 
f 5233/5687/4073 5188/5638/4028 5187/5637/4027 5234/5688/4074 
f 5234/5688/4074 5235/5689/4075 5236/5690/4076 5233/5687/4073 
f 5233/5687/4073 5236/5690/4076 5231/5685/4071 5230/5684/4070 
f 5234/5691/4074 5187/5644/4027 5192/5643/4032 5237/5692/4077 
f 5237/5692/4077 5192/5643/4032 5191/5642/4031 5238/5693/4078 
f 5238/5693/4078 5239/5694/4079 5240/5695/4080 5237/5692/4077 
f 5237/5692/4077 5240/5695/4080 5235/5696/4075 5234/5691/4074 
f 5238/5693/4078 5191/5642/4031 5196/5648/4036 5241/5697/4081 
f 5241/5697/4081 5196/5648/4036 5195/5647/4035 5242/5698/4082 
f 5242/5698/4082 5243/5699/4083 5244/5700/4084 5241/5697/4081 
f 5241/5697/4081 5244/5700/4084 5239/5694/4079 5238/5693/4078 
f 5242/5698/4082 5195/5647/4035 5200/5652/4040 5245/5701/4085 
f 5245/5701/4085 5200/5652/4040 5199/5651/4039 5246/5702/4086 
f 5246/5702/4086 5247/5703/4087 5248/5704/4088 5245/5701/4085 
f 5245/5701/4085 5248/5704/4088 5243/5699/4083 5242/5698/4082 
f 5246/5702/4086 5199/5651/4039 5204/5656/4044 5249/5705/4089 
f 5249/5705/4089 5204/5656/4044 5203/5655/4043 5250/5706/4090 
f 5250/5706/4090 5251/5707/4091 5252/5708/4092 5249/5705/4089 
f 5249/5705/4089 5252/5708/4092 5247/5703/4087 5246/5702/4086 
f 5250/5706/4090 5203/5655/4043 5208/5660/4048 5253/5709/4093 
f 5253/5709/4093 5208/5660/4048 5207/5659/4047 5254/5710/4094 
f 5254/5710/4094 5255/5711/4095 5256/5712/4096 5253/5709/4093 
f 5253/5709/4093 5256/5712/4096 5251/5707/4091 5250/5706/4090 
f 5254/5710/4094 5207/5659/4047 5210/5664/4050 5257/5713/4097 
f 5257/5713/4097 5210/5664/4050 5168/5663/4008 5211/5714/4051 
f 5211/5714/4051 5216/5715/4056 5258/5716/4098 5257/5713/4097 
f 5257/5713/4097 5258/5716/4098 5255/5711/4095 5254/5710/4094 
f 5259/5717/4099 5216/5670/4056 5215/5669/4055 5260/5718/4100 
f 5260/5718/4100 5215/5669/4055 5214/5668/4054 5261/5719/4101 
f 5261/5719/4101 5262/5720/4102 5263/5721/4103 5260/5718/4100 
f 5260/5718/4100 5263/5721/4103 5264/5722/4104 5259/5717/4099 
f 5261/5719/4101 5214/5668/4054 5220/5674/4060 5265/5723/4105 
f 5265/5723/4105 5220/5674/4060 5219/5673/4059 5266/5724/4106 
f 5266/5724/4106 5267/5725/4107 5268/5726/4108 5265/5723/4105 
f 5265/5723/4105 5268/5726/4108 5262/5720/4102 5261/5719/4101 
f 5266/5724/4106 5219/5673/4059 5224/5678/4064 5269/5727/4109 
f 5269/5727/4109 5224/5678/4064 5223/5677/4063 5270/5728/4110 
f 5270/5728/4110 5271/5729/4111 5272/5730/4112 5269/5727/4109 
f 5269/5727/4109 5272/5730/4112 5267/5725/4107 5266/5724/4106 
f 5270/5728/4110 5223/5677/4063 5228/5682/4068 5273/5731/4113 
f 5273/5731/4113 5228/5682/4068 5227/5681/4067 5274/5732/4114 
f 5274/5732/4114 5275/5733/4115 5276/5734/4116 5273/5731/4113 
f 5273/5731/4113 5276/5734/4116 5271/5729/4111 5270/5728/4110 
f 5274/5732/4114 5227/5681/4067 5232/5686/4072 5277/5735/4117 
f 5277/5735/4117 5232/5686/4072 5231/5685/4071 5278/5736/4118 
f 5278/5736/4118 5279/5737/4119 5280/5738/4120 5277/5735/4117 
f 5277/5735/4117 5280/5738/4120 5275/5733/4115 5274/5732/4114 
f 5278/5736/4118 5231/5685/4071 5236/5690/4076 5281/5739/4121 
f 5281/5739/4121 5236/5690/4076 5235/5689/4075 5282/5740/4122 
f 5282/5740/4122 5283/5741/4123 5284/5742/4124 5281/5739/4121 
f 5281/5739/4121 5284/5742/4124 5279/5737/4119 5278/5736/4118 
f 5282/5743/4122 5235/5696/4075 5240/5695/4080 5285/5744/4125 
f 5285/5744/4125 5240/5695/4080 5239/5694/4079 5286/5745/4126 
f 5286/5745/4126 5287/5746/4127 5288/5747/4128 5285/5744/4125 
f 5285/5744/4125 5288/5747/4128 5283/5748/4123 5282/5743/4122 
f 5286/5745/4126 5239/5694/4079 5244/5700/4084 5289/5749/4129 
f 5289/5749/4129 5244/5700/4084 5243/5699/4083 5290/5750/4130 
f 5290/5750/4130 5291/5751/4131 5292/5752/4132 5289/5749/4129 
f 5289/5749/4129 5292/5752/4132 5287/5746/4127 5286/5745/4126 
f 5290/5750/4130 5243/5699/4083 5248/5704/4088 5293/5753/4133 
f 5293/5753/4133 5248/5704/4088 5247/5703/4087 5294/5754/4134 
f 5294/5754/4134 5295/5755/4135 5296/5756/4136 5293/5753/4133 
f 5293/5753/4133 5296/5756/4136 5291/5751/4131 5290/5750/4130 
f 5294/5754/4134 5247/5703/4087 5252/5708/4092 5297/5757/4137 
f 5297/5757/4137 5252/5708/4092 5251/5707/4091 5298/5758/4138 
f 5298/5758/4138 5299/5759/4139 5300/5760/4140 5297/5757/4137 
f 5297/5757/4137 5300/5760/4140 5295/5755/4135 5294/5754/4134 
f 5298/5758/4138 5251/5707/4091 5256/5712/4096 5301/5761/4141 
f 5301/5761/4141 5256/5712/4096 5255/5711/4095 5302/5762/4142 
f 5302/5762/4142 5303/5763/4143 5304/5764/4144 5301/5761/4141 
f 5301/5761/4141 5304/5764/4144 5299/5759/4139 5298/5758/4138 
f 5302/5762/4142 5255/5711/4095 5258/5716/4098 5305/5765/4145 
f 5305/5765/4145 5258/5716/4098 5216/5715/4056 5259/5766/4099 
f 5259/5766/4099 5264/5767/4104 5306/5768/4146 5305/5765/4145 
f 5305/5765/4145 5306/5768/4146 5303/5763/4143 5302/5762/4142 
f 5307/5769/4147 5264/5722/4104 5263/5721/4103 5308/5770/4148 
f 5308/5770/4148 5263/5721/4103 5262/5720/4102 5309/5771/4149 
f 5309/5771/4149 5310/5772/4150 5311/5773/4151 5308/5770/4148 
f 5308/5770/4148 5311/5773/4151 5312/5774/4152 5307/5769/4147 
f 5309/5771/4149 5262/5720/4102 5268/5726/4108 5313/5775/4153 
f 5313/5775/4153 5268/5726/4108 5267/5725/4107 5314/5776/4154 
f 5314/5776/4154 5315/5777/4155 5316/5778/4156 5313/5775/4153 
f 5313/5775/4153 5316/5778/4156 5310/5772/4150 5309/5771/4149 
f 5314/5776/4154 5267/5725/4107 5272/5730/4112 5317/5779/4157 
f 5317/5779/4157 5272/5730/4112 5271/5729/4111 5318/5780/4158 
f 5318/5780/4158 5319/5781/4159 5320/5782/4160 5317/5779/4157 
f 5317/5779/4157 5320/5782/4160 5315/5777/4155 5314/5776/4154 
f 5318/5780/4158 5271/5729/4111 5276/5734/4116 5321/5783/4161 
f 5321/5783/4161 5276/5734/4116 5275/5733/4115 5322/5784/4162 
f 5322/5784/4162 5323/5785/1030 5324/5786/4163 5321/5783/4161 
f 5321/5783/4161 5324/5786/4163 5319/5781/4159 5318/5780/4158 
f 5322/5784/4162 5275/5733/4115 5280/5738/4120 5325/5787/4164 
f 5325/5787/4164 5280/5738/4120 5279/5737/4119 5326/5788/4165 
f 5326/5788/4165 5327/5789/4166 5328/5790/4167 5325/5787/4164 
f 5325/5787/4164 5328/5790/4167 5323/5785/1030 5322/5784/4162 
f 5326/5788/4165 5279/5737/4119 5284/5742/4124 5329/5791/4168 
f 5329/5791/4168 5284/5742/4124 5283/5741/4123 5330/5792/4169 
f 5330/5792/4169 5331/5793/4170 5332/5794/4171 5329/5791/4168 
f 5329/5791/4168 5332/5794/4171 5327/5789/4166 5326/5788/4165 
f 5330/5795/4169 5283/5748/4123 5288/5747/4128 5333/5796/4172 
f 5333/5796/4172 5288/5747/4128 5287/5746/4127 5334/5797/4173 
f 5334/5797/4173 5335/5798/4174 5336/5799/4175 5333/5796/4172 
f 5333/5796/4172 5336/5799/4175 5331/5800/4170 5330/5795/4169 
f 5334/5797/4173 5287/5746/4127 5292/5752/4132 5337/5801/4176 
f 5337/5801/4176 5292/5752/4132 5291/5751/4131 5338/5802/4177 
f 5338/5802/4177 5339/5803/4178 5340/5804/4179 5337/5801/4176 
f 5337/5801/4176 5340/5804/4179 5335/5798/4174 5334/5797/4173 
f 5338/5802/4177 5291/5751/4131 5296/5756/4136 5341/5805/4180 
f 5341/5805/4180 5296/5756/4136 5295/5755/4135 5342/5806/4181 
f 5342/5806/4181 5343/5807/4182 5344/5808/4183 5341/5805/4180 
f 5341/5805/4180 5344/5808/4183 5339/5803/4178 5338/5802/4177 
f 5342/5806/4181 5295/5755/4135 5300/5760/4140 5345/5809/4184 
f 5345/5809/4184 5300/5760/4140 5299/5759/4139 5346/5810/4185 
f 5346/5810/4185 5347/5811/4186 5348/5812/4187 5345/5809/4184 
f 5345/5809/4184 5348/5812/4187 5343/5807/4182 5342/5806/4181 
f 5346/5810/4185 5299/5759/4139 5304/5764/4144 5349/5813/4188 
f 5349/5813/4188 5304/5764/4144 5303/5763/4143 5350/5814/4189 
f 5350/5814/4189 5351/5815/4190 5352/5816/4191 5349/5813/4188 
f 5349/5813/4188 5352/5816/4191 5347/5811/4186 5346/5810/4185 
f 5350/5814/4189 5303/5763/4143 5306/5768/4146 5353/5817/4192 
f 5353/5817/4192 5306/5768/4146 5264/5767/4104 5307/5818/4147 
f 5307/5818/4147 5312/5819/4152 5354/5820/4193 5353/5817/4192 
f 5353/5817/4192 5354/5820/4193 5351/5815/4190 5350/5814/4189 
f 5355/5821/4194 5312/5774/4152 5311/5773/4151 5356/5822/4195 
f 5356/5822/4195 5311/5773/4151 5310/5772/4150 5357/5823/4196 
f 5357/5823/4196 5358/5824/4197 5359/5825/4198 5356/5822/4195 
f 5356/5822/4195 5359/5825/4198 5360/5826/4199 5355/5821/4194 
f 5357/5823/4196 5310/5772/4150 5316/5778/4156 5361/5827/4200 
f 5361/5827/4200 5316/5778/4156 5315/5777/4155 5362/5828/4201 
f 5362/5828/4201 5363/5829/4202 5364/5830/4203 5361/5827/4200 
f 5361/5827/4200 5364/5830/4203 5358/5824/4197 5357/5823/4196 
f 5362/5828/4201 5315/5777/4155 5320/5782/4160 5365/5831/4204 
f 5365/5831/4204 5320/5782/4160 5319/5781/4159 5366/5832/4205 
f 5366/5832/4205 5367/5833/4206 5368/5834/4207 5365/5831/4204 
f 5365/5831/4204 5368/5834/4207 5363/5829/4202 5362/5828/4201 
f 5366/5832/4205 5319/5781/4159 5324/5786/4163 5369/5835/4208 
f 5369/5835/4208 5324/5786/4163 5323/5785/1030 5370/5836/4209 
f 5370/5836/4209 5371/5837/4210 5372/5838/4211 5369/5835/4208 
f 5369/5835/4208 5372/5838/4211 5367/5833/4206 5366/5832/4205 
f 5370/5836/4209 5323/5785/1030 5328/5790/4167 5373/5839/4212 
f 5373/5839/4212 5328/5790/4167 5327/5789/4166 5374/5840/4213 
f 5374/5840/4213 5375/5841/4214 5376/5842/4215 5373/5839/4212 
f 5373/5839/4212 5376/5842/4215 5371/5837/4210 5370/5836/4209 
f 5374/5840/4213 5327/5789/4166 5332/5794/4171 5377/5843/4216 
f 5377/5843/4216 5332/5794/4171 5331/5793/4170 5378/5844/4217 
f 5378/5844/4217 5379/5845/4218 5380/5846/4219 5377/5843/4216 
f 5377/5843/4216 5380/5846/4219 5375/5841/4214 5374/5840/4213 
f 5378/5847/4217 5331/5848/4170 5336/5849/4175 5381/5850/4220 
f 5381/5850/4220 5336/5849/4175 5335/5851/4174 5382/5852/4221 
f 5382/5852/4221 5383/5853/4222 5384/5854/4223 5381/5850/4220 
f 5381/5850/4220 5384/5854/4223 5379/5855/4218 5378/5847/4217 
f 5382/5852/4221 5335/5851/4174 5340/5856/4179 5385/5857/4224 
f 5385/5857/4224 5340/5856/4179 5339/5858/4178 5386/5859/4225 
f 5386/5859/4225 5387/5860/4226 5388/5861/4227 5385/5857/4224 
f 5385/5857/4224 5388/5861/4227 5383/5853/4222 5382/5852/4221 
f 5386/5859/4225 5339/5858/4178 5344/5862/4183 5389/5863/4228 
f 5389/5863/4228 5344/5862/4183 5343/5864/4182 5390/5865/4229 
f 5390/5865/4229 5391/5866/4230 5392/5867/4231 5389/5863/4228 
f 5389/5863/4228 5392/5867/4231 5387/5860/4226 5386/5859/4225 
f 5390/5865/4229 5343/5864/4182 5348/5868/4187 5393/5869/4232 
f 5393/5869/4232 5348/5868/4187 5347/5870/4186 5394/5871/4233 
f 5394/5871/4233 5395/5872/4234 5396/5873/4235 5393/5869/4232 
f 5393/5869/4232 5396/5873/4235 5391/5866/4230 5390/5865/4229 
f 5394/5871/4233 5347/5870/4186 5352/5874/4191 5397/5875/4236 
f 5397/5875/4236 5352/5874/4191 5351/5876/4190 5398/5877/4237 
f 5398/5877/4237 5399/5878/4238 5400/5879/4239 5397/5875/4236 
f 5397/5875/4236 5400/5879/4239 5395/5872/4234 5394/5871/4233 
f 5398/5877/4237 5351/5876/4190 5354/5880/4193 5401/5881/4240 
f 5401/5881/4240 5354/5880/4193 5312/5882/4152 5355/5883/4194 
f 5355/5883/4194 5360/5884/4199 5402/5885/4241 5401/5881/4240 
f 5401/5881/4240 5402/5885/4241 5399/5878/4238 5398/5877/4237 
f 5403/5886/4242 5360/5826/4199 5359/5825/4198 5404/5887/4243 
f 5404/5887/4243 5359/5825/4198 5358/5824/4197 5405/5888/4244 
f 5405/5888/4244 5406/5889/4245 5407/5890/4246 5404/5887/4243 
f 5404/5887/4243 5407/5890/4246 5408/5891/4247 5403/5886/4242 
f 5405/5888/4244 5358/5824/4197 5364/5830/4203 5409/5892/4248 
f 5409/5892/4248 5364/5830/4203 5363/5829/4202 5410/5893/4249 
f 5410/5893/4249 5411/5894/4250 5412/5895/4251 5409/5892/4248 
f 5409/5892/4248 5412/5895/4251 5406/5889/4245 5405/5888/4244 
f 5410/5893/4249 5363/5829/4202 5368/5834/4207 5413/5896/4252 
f 5413/5896/4252 5368/5834/4207 5367/5833/4206 5414/5897/4253 
f 5414/5897/4253 5415/5898/4254 5416/5899/4255 5413/5896/4252 
f 5413/5896/4252 5416/5899/4255 5411/5894/4250 5410/5893/4249 
f 5414/5897/4253 5367/5833/4206 5372/5838/4211 5417/5900/4256 
f 5417/5900/4256 5372/5838/4211 5371/5837/4210 5418/5901/4257 
f 5418/5901/4257 5419/5902/4258 5420/5903/4259 5417/5900/4256 
f 5417/5900/4256 5420/5903/4259 5415/5898/4254 5414/5897/4253 
f 5418/5901/4257 5371/5837/4210 5376/5842/4215 5421/5904/4260 
f 5421/5904/4260 5376/5842/4215 5375/5841/4214 5422/5905/4261 
f 5422/5905/4261 5423/5906/4262 5424/5907/4263 5421/5904/4260 
f 5421/5904/4260 5424/5907/4263 5419/5902/4258 5418/5901/4257 
f 5422/5905/4261 5375/5841/4214 5380/5846/4219 5425/5908/4264 
f 5425/5908/4264 5380/5846/4219 5379/5845/4218 5426/5909/4265 
f 5426/5909/4265 5427/5910/4266 5428/5911/4267 5425/5908/4264 
f 5425/5908/4264 5428/5911/4267 5423/5906/4262 5422/5905/4261 
f 5426/5912/4265 5379/5855/4218 5384/5854/4223 5429/5913/4268 
f 5429/5913/4268 5384/5854/4223 5383/5853/4222 5430/5914/4269 
f 5430/5914/4269 5431/5915/4270 5432/5916/4271 5429/5913/4268 
f 5429/5913/4268 5432/5916/4271 5427/5917/4266 5426/5912/4265 
f 5430/5914/4269 5383/5853/4222 5388/5861/4227 5433/5918/4272 
f 5433/5918/4272 5388/5861/4227 5387/5860/4226 5434/5919/4273 
f 5434/5919/4273 5435/5920/4274 5436/5921/4275 5433/5918/4272 
f 5433/5918/4272 5436/5921/4275 5431/5915/4270 5430/5914/4269 
f 5434/5919/4273 5387/5860/4226 5392/5867/4231 5437/5922/4276 
f 5437/5922/4276 5392/5867/4231 5391/5866/4230 5438/5923/4277 
f 5438/5923/4277 5439/5924/4278 5440/5925/4279 5437/5922/4276 
f 5437/5922/4276 5440/5925/4279 5435/5920/4274 5434/5919/4273 
f 5438/5923/4277 5391/5866/4230 5396/5873/4235 5441/5926/4280 
f 5441/5926/4280 5396/5873/4235 5395/5872/4234 5442/5927/4281 
f 5442/5927/4281 5443/5928/4282 5444/5929/4283 5441/5926/4280 
f 5441/5926/4280 5444/5929/4283 5439/5924/4278 5438/5923/4277 
f 5442/5927/4281 5395/5872/4234 5400/5879/4239 5445/5930/4284 
f 5445/5930/4284 5400/5879/4239 5399/5878/4238 5446/5931/4285 
f 5446/5931/4285 5447/5932/4286 5448/5933/4287 5445/5930/4284 
f 5445/5930/4284 5448/5933/4287 5443/5928/4282 5442/5927/4281 
f 5446/5931/4285 5399/5878/4238 5402/5885/4241 5449/5934/4288 
f 5449/5934/4288 5402/5885/4241 5360/5884/4199 5403/5935/4242 
f 5403/5935/4242 5408/5936/4247 5450/5937/4289 5449/5934/4288 
f 5449/5934/4288 5450/5937/4289 5447/5932/4286 5446/5931/4285 
f 5451/5938/4290 5408/5891/4247 5407/5890/4246 5452/5939/4291 
f 5452/5939/4291 5407/5890/4246 5406/5889/4245 5453/5940/4292 
f 5453/5940/4292 5454/5941/4293 5455/5942/4294 5452/5939/4291 
f 5452/5939/4291 5455/5942/4294 5456/5943/4295 5451/5938/4290 
f 5453/5940/4292 5406/5889/4245 5412/5895/4251 5457/5944/4296 
f 5457/5944/4296 5412/5895/4251 5411/5894/4250 5458/5945/4297 
f 5458/5945/4297 5459/5946/4298 5460/5947/4299 5457/5944/4296 
f 5457/5944/4296 5460/5947/4299 5454/5941/4293 5453/5940/4292 
f 5458/5945/4297 5411/5894/4250 5416/5899/4255 5461/5948/4300 
f 5461/5948/4300 5416/5899/4255 5415/5898/4254 5462/5949/4301 
f 5462/5949/4301 5463/5950/4302 5464/5951/4303 5461/5948/4300 
f 5461/5948/4300 5464/5951/4303 5459/5946/4298 5458/5945/4297 
f 5462/5949/4301 5415/5898/4254 5420/5903/4259 5465/5952/4304 
f 5465/5952/4304 5420/5903/4259 5419/5902/4258 5466/5953/4305 
f 5466/5953/4305 5467/5954/4306 5468/5955/4307 5465/5952/4304 
f 5465/5952/4304 5468/5955/4307 5463/5950/4302 5462/5949/4301 
f 5466/5953/4305 5419/5902/4258 5424/5907/4263 5469/5956/4308 
f 5469/5956/4308 5424/5907/4263 5423/5906/4262 5470/5957/4309 
f 5470/5957/4309 5471/5958/4310 5472/5959/4311 5469/5956/4308 
f 5469/5956/4308 5472/5959/4311 5467/5954/4306 5466/5953/4305 
f 5470/5957/4309 5423/5906/4262 5428/5911/4267 5473/5960/4312 
f 5473/5960/4312 5428/5911/4267 5427/5910/4266 5474/5961/4313 
f 5474/5961/4313 5475/5962/4314 5476/5963/4315 5473/5960/4312 
f 5473/5960/4312 5476/5963/4315 5471/5958/4310 5470/5957/4309 
f 5474/5964/4313 5427/5917/4266 5432/5916/4271 5477/5965/4316 
f 5477/5965/4316 5432/5916/4271 5431/5915/4270 5478/5966/4317 
f 5478/5966/4317 5479/5967/4318 5480/5968/4319 5477/5965/4316 
f 5477/5965/4316 5480/5968/4319 5475/5969/4314 5474/5964/4313 
f 5478/5966/4317 5431/5915/4270 5436/5921/4275 5481/5970/4320 
f 5481/5970/4320 5436/5921/4275 5435/5920/4274 5482/5971/4321 
f 5482/5971/4321 5483/5972/4322 5484/5973/4323 5481/5970/4320 
f 5481/5970/4320 5484/5973/4323 5479/5967/4318 5478/5966/4317 
f 5482/5971/4321 5435/5920/4274 5440/5925/4279 5485/5974/4324 
f 5485/5974/4324 5440/5925/4279 5439/5924/4278 5486/5975/4325 
f 5486/5975/4325 5487/5976/4326 5488/5977/4327 5485/5974/4324 
f 5485/5974/4324 5488/5977/4327 5483/5972/4322 5482/5971/4321 
f 5486/5975/4325 5439/5924/4278 5444/5929/4283 5489/5978/4328 
f 5489/5978/4328 5444/5929/4283 5443/5928/4282 5490/5979/4329 
f 5490/5979/4329 5491/5980/4330 5492/5981/4331 5489/5978/4328 
f 5489/5978/4328 5492/5981/4331 5487/5976/4326 5486/5975/4325 
f 5490/5979/4329 5443/5928/4282 5448/5933/4287 5493/5982/4332 
f 5493/5982/4332 5448/5933/4287 5447/5932/4286 5494/5983/4333 
f 5494/5983/4333 5495/5984/4334 5496/5985/4335 5493/5982/4332 
f 5493/5982/4332 5496/5985/4335 5491/5980/4330 5490/5979/4329 
f 5494/5983/4333 5447/5932/4286 5450/5937/4289 5497/5986/4336 
f 5497/5986/4336 5450/5937/4289 5408/5936/4247 5451/5987/4290 
f 5451/5987/4290 5456/5988/4295 5498/5989/4337 5497/5986/4336 
f 5497/5986/4336 5498/5989/4337 5495/5984/4334 5494/5983/4333 
f 5499/5990/4338 5456/5943/4295 5455/5942/4294 5500/5991/4339 
f 5500/5991/4339 5455/5942/4294 5454/5941/4293 5501/5992/4340 
f 5501/5992/4340 5502/5993/4341 5503/5994/4342 5500/5991/4339 
f 5500/5991/4339 5503/5994/4342 5504/5995/4343 5499/5990/4338 
f 5501/5992/4340 5454/5941/4293 5460/5947/4299 5505/5996/4344 
f 5505/5996/4344 5460/5947/4299 5459/5946/4298 5506/5997/4345 
f 5506/5997/4345 5507/5998/4346 5508/5999/4347 5505/5996/4344 
f 5505/5996/4344 5508/5999/4347 5502/5993/4341 5501/5992/4340 
f 5506/5997/4345 5459/5946/4298 5464/5951/4303 5509/6000/4348 
f 5509/6000/4348 5464/5951/4303 5463/5950/4302 5510/6001/4349 
f 5510/6001/4349 5511/6002/4350 5512/6003/4351 5509/6000/4348 
f 5509/6000/4348 5512/6003/4351 5507/5998/4346 5506/5997/4345 
f 5510/6001/4349 5463/5950/4302 5468/5955/4307 5513/6004/4352 
f 5513/6004/4352 5468/5955/4307 5467/5954/4306 5514/6005/4353 
f 5514/6005/4353 5515/6006/4354 5516/6007/4355 5513/6004/4352 
f 5513/6004/4352 5516/6007/4355 5511/6002/4350 5510/6001/4349 
f 5514/6005/4353 5467/5954/4306 5472/5959/4311 5517/6008/4356 
f 5517/6008/4356 5472/5959/4311 5471/5958/4310 5518/6009/4357 
f 5518/6009/4357 5519/6010/4358 5520/6011/4359 5517/6008/4356 
f 5517/6008/4356 5520/6011/4359 5515/6006/4354 5514/6005/4353 
f 5518/6009/4357 5471/5958/4310 5476/5963/4315 5521/6012/4360 
f 5521/6012/4360 5476/5963/4315 5475/5962/4314 5522/6013/4361 
f 5522/6013/4361 5523/6014/4362 5524/6015/4363 5521/6012/4360 
f 5521/6012/4360 5524/6015/4363 5519/6010/4358 5518/6009/4357 
f 5522/6016/4361 5475/5969/4314 5480/5968/4319 5525/6017/4364 
f 5525/6017/4364 5480/5968/4319 5479/5967/4318 5526/6018/4365 
f 5526/6018/4365 5527/6019/4366 5528/6020/4367 5525/6017/4364 
f 5525/6017/4364 5528/6020/4367 5523/6021/4362 5522/6016/4361 
f 5526/6018/4365 5479/5967/4318 5484/5973/4323 5529/6022/4368 
f 5529/6022/4368 5484/5973/4323 5483/5972/4322 5530/6023/4369 
f 5530/6023/4369 5531/6024/4370 5532/6025/4371 5529/6022/4368 
f 5529/6022/4368 5532/6025/4371 5527/6019/4366 5526/6018/4365 
f 5530/6023/4369 5483/5972/4322 5488/5977/4327 5533/6026/4372 
f 5533/6026/4372 5488/5977/4327 5487/5976/4326 5534/6027/4373 
f 5534/6027/4373 5535/6028/4374 5536/6029/4375 5533/6026/4372 
f 5533/6026/4372 5536/6029/4375 5531/6024/4370 5530/6023/4369 
f 5534/6027/4373 5487/5976/4326 5492/5981/4331 5537/6030/4376 
f 5537/6030/4376 5492/5981/4331 5491/5980/4330 5538/6031/4377 
f 5538/6031/4377 5539/6032/4378 5540/6033/4379 5537/6030/4376 
f 5537/6030/4376 5540/6033/4379 5535/6028/4374 5534/6027/4373 
f 5538/6031/4377 5491/5980/4330 5496/5985/4335 5541/6034/4380 
f 5541/6034/4380 5496/5985/4335 5495/5984/4334 5542/6035/4381 
f 5542/6035/4381 5543/6036/4382 5544/6037/4383 5541/6034/4380 
f 5541/6034/4380 5544/6037/4383 5539/6032/4378 5538/6031/4377 
f 5542/6035/4381 5495/5984/4334 5498/5989/4337 5545/6038/4384 
f 5545/6038/4384 5498/5989/4337 5456/5988/4295 5499/6039/4338 
f 5499/6039/4338 5504/6040/4343 5546/6041/4385 5545/6038/4384 
f 5545/6038/4384 5546/6041/4385 5543/6036/4382 5542/6035/4381 
f 5547/6042/4386 5504/5995/4343 5503/5994/4342 5548/6043/4387 
f 5548/6043/4387 5503/5994/4342 5502/5993/4341 5549/6044/4388 
f 5549/6044/4388 5550/6045/4389 5551/6046/4390 5548/6043/4387 
f 5548/6043/4387 5551/6046/4390 5552/6047/4391 5547/6042/4386 
f 5549/6044/4388 5502/5993/4341 5508/5999/4347 5553/6048/4392 
f 5553/6048/4392 5508/5999/4347 5507/5998/4346 5554/6049/4393 
f 5554/6049/4393 5555/6050/4394 5556/6051/4395 5553/6048/4392 
f 5553/6048/4392 5556/6051/4395 5550/6045/4389 5549/6044/4388 
f 5554/6049/4393 5507/5998/4346 5512/6003/4351 5557/6052/4396 
f 5557/6052/4396 5512/6003/4351 5511/6002/4350 5558/6053/4397 
f 5558/6053/4397 5559/6054/4398 5560/6055/4399 5557/6052/4396 
f 5557/6052/4396 5560/6055/4399 5555/6050/4394 5554/6049/4393 
f 5558/6053/4397 5511/6002/4350 5516/6007/4355 5561/6056/4400 
f 5561/6056/4400 5516/6007/4355 5515/6006/4354 5562/6057/4401 
f 5562/6057/4401 5563/6058/4402 5564/6059/4403 5561/6056/4400 
f 5561/6056/4400 5564/6059/4403 5559/6054/4398 5558/6053/4397 
f 5562/6057/4401 5515/6006/4354 5520/6011/4359 5565/6060/4404 
f 5565/6060/4404 5520/6011/4359 5519/6010/4358 5566/6061/4405 
f 5566/6061/4405 5567/6062/4406 5568/6063/4407 5565/6060/4404 
f 5565/6060/4404 5568/6063/4407 5563/6058/4402 5562/6057/4401 
f 5566/6061/4405 5519/6010/4358 5524/6015/4363 5569/6064/4408 
f 5569/6064/4408 5524/6015/4363 5523/6014/4362 5570/6065/4409 
f 5570/6065/4409 5571/6066/4410 5572/6067/4411 5569/6064/4408 
f 5569/6064/4408 5572/6067/4411 5567/6062/4406 5566/6061/4405 
f 5570/6068/4409 5523/6021/4362 5528/6020/4367 5573/6069/4412 
f 5573/6069/4412 5528/6020/4367 5527/6019/4366 5574/6070/4413 
f 5574/6070/4413 5575/6071/4414 5576/6072/4415 5573/6069/4412 
f 5573/6069/4412 5576/6072/4415 5571/6073/4410 5570/6068/4409 
f 5574/6070/4413 5527/6019/4366 5532/6025/4371 5577/6074/4416 
f 5577/6074/4416 5532/6025/4371 5531/6024/4370 5578/6075/4417 
f 5578/6075/4417 5579/6076/4418 5580/6077/4419 5577/6074/4416 
f 5577/6074/4416 5580/6077/4419 5575/6071/4414 5574/6070/4413 
f 5578/6075/4417 5531/6024/4370 5536/6029/4375 5581/6078/4420 
f 5581/6078/4420 5536/6029/4375 5535/6028/4374 5582/6079/4421 
f 5582/6079/4421 5583/6080/4422 5584/6081/4423 5581/6078/4420 
f 5581/6078/4420 5584/6081/4423 5579/6076/4418 5578/6075/4417 
f 5582/6079/4421 5535/6028/4374 5540/6033/4379 5585/6082/4424 
f 5585/6082/4424 5540/6033/4379 5539/6032/4378 5586/6083/4425 
f 5586/6083/4425 5587/6084/4426 5588/6085/4427 5585/6082/4424 
f 5585/6082/4424 5588/6085/4427 5583/6080/4422 5582/6079/4421 
f 5586/6083/4425 5539/6032/4378 5544/6037/4383 5589/6086/4428 
f 5589/6086/4428 5544/6037/4383 5543/6036/4382 5590/6087/4429 
f 5590/6087/4429 5591/6088/4430 5592/6089/4431 5589/6086/4428 
f 5589/6086/4428 5592/6089/4431 5587/6084/4426 5586/6083/4425 
f 5590/6087/4429 5543/6036/4382 5546/6041/4385 5593/6090/4432 
f 5593/6090/4432 5546/6041/4385 5504/6040/4343 5547/6091/4386 
f 5547/6091/4386 5552/6092/4391 5594/6093/4433 5593/6090/4432 
f 5593/6090/4432 5594/6093/4433 5591/6088/4430 5590/6087/4429 
f 5595/6094/4434 5552/6047/4391 5551/6046/4390 5596/6095/4435 
f 5596/6095/4435 5551/6046/4390 5550/6045/4389 5597/6096/4436 
f 5597/6096/4436 5598/6097/4437 5599/6098/4438 5596/6095/4435 
f 5596/6095/4435 5599/6098/4438 5600/6099/1462 5595/6094/4434 
f 5597/6096/4436 5550/6045/4389 5556/6051/4395 5601/6100/4439 
f 5601/6100/4439 5556/6051/4395 5555/6050/4394 5602/6101/4440 
f 5602/6101/4440 5603/6102/4441 5604/6103/4442 5601/6100/4439 
f 5601/6100/4439 5604/6103/4442 5598/6097/4437 5597/6096/4436 
f 5602/6101/4440 5555/6050/4394 5560/6055/4399 5605/6104/4443 
f 5605/6104/4443 5560/6055/4399 5559/6054/4398 5606/6105/4444 
f 5606/6105/4444 5607/6106/4445 5608/6107/4446 5605/6104/4443 
f 5605/6104/4443 5608/6107/4446 5603/6102/4441 5602/6101/4440 
f 5606/6105/4444 5559/6054/4398 5564/6059/4403 5609/6108/4447 
f 5609/6108/4447 5564/6059/4403 5563/6058/4402 5610/6109/4448 
f 5610/6109/4448 5611/6110/4449 5612/6111/4450 5609/6108/4447 
f 5609/6108/4447 5612/6111/4450 5607/6106/4445 5606/6105/4444 
f 5610/6109/4448 5563/6058/4402 5568/6063/4407 5613/6112/4451 
f 5613/6112/4451 5568/6063/4407 5567/6062/4406 5614/6113/4452 
f 5614/6113/4452 5615/6114/4453 5616/6115/4454 5613/6112/4451 
f 5613/6112/4451 5616/6115/4454 5611/6110/4449 5610/6109/4448 
f 5614/6113/4452 5567/6062/4406 5572/6067/4411 5617/6116/4455 
f 5617/6116/4455 5572/6067/4411 5571/6066/4410 5618/6117/4456 
f 5618/6117/4456 5619/6118/1239 5620/6119/4457 5617/6116/4455 
f 5617/6116/4455 5620/6119/4457 5615/6114/4453 5614/6113/4452 
f 5618/6120/4456 5571/6073/4410 5576/6072/4415 5621/6121/4458 
f 5621/6121/4458 5576/6072/4415 5575/6071/4414 5622/6122/4459 
f 5622/6122/4459 5623/6123/4460 5624/6124/4461 5621/6121/4458 
f 5621/6121/4458 5624/6124/4461 5619/6125/1239 5618/6120/4456 
f 5622/6122/4459 5575/6071/4414 5580/6077/4419 5625/6126/4462 
f 5625/6126/4462 5580/6077/4419 5579/6076/4418 5626/6127/4463 
f 5626/6127/4463 5627/6128/4464 5628/6129/4465 5625/6126/4462 
f 5625/6126/4462 5628/6129/4465 5623/6123/4460 5622/6122/4459 
f 5626/6127/4463 5579/6076/4418 5584/6081/4423 5629/6130/4466 
f 5629/6130/4466 5584/6081/4423 5583/6080/4422 5630/6131/4467 
f 5630/6131/4467 5631/6132/4468 5632/6133/4469 5629/6130/4466 
f 5629/6130/4466 5632/6133/4469 5627/6128/4464 5626/6127/4463 
f 5630/6131/4467 5583/6080/4422 5588/6085/4427 5633/6134/4470 
f 5633/6134/4470 5588/6085/4427 5587/6084/4426 5634/6135/4471 
f 5634/6135/4471 5635/6136/4472 5636/6137/4473 5633/6134/4470 
f 5633/6134/4470 5636/6137/4473 5631/6132/4468 5630/6131/4467 
f 5634/6135/4471 5587/6084/4426 5592/6089/4431 5637/6138/4474 
f 5637/6138/4474 5592/6089/4431 5591/6088/4430 5638/6139/4475 
f 5638/6139/4475 5639/6140/4476 5640/6141/4477 5637/6138/4474 
f 5637/6138/4474 5640/6141/4477 5635/6136/4472 5634/6135/4471 
f 5638/6139/4475 5591/6088/4430 5594/6093/4433 5641/6142/4478 
f 5641/6142/4478 5594/6093/4433 5552/6092/4391 5595/6143/4434 
f 5595/6143/4434 5600/6144/1462 5642/6145/4479 5641/6142/4478 
f 5641/6142/4478 5642/6145/4479 5639/6140/4476 5638/6139/4475 
f 5643/6146/4480 5600/6099/1462 5599/6098/4438 5644/6147/4481 
f 5644/6147/4481 5599/6098/4438 5598/6097/4437 5645/6148/4482 
f 5645/6148/4482 5646/6149/4483 5647/6150/4484 5644/6147/4481 
f 5644/6147/4481 5647/6150/4484 5648/6151/4485 5643/6146/4480 
f 5645/6148/4482 5598/6097/4437 5604/6103/4442 5649/6152/4486 
f 5649/6152/4486 5604/6103/4442 5603/6102/4441 5650/6153/4487 
f 5650/6153/4487 5651/6154/4488 5652/6155/4489 5649/6152/4486 
f 5649/6152/4486 5652/6155/4489 5646/6149/4483 5645/6148/4482 
f 5650/6153/4487 5603/6102/4441 5608/6107/4446 5653/6156/4490 
f 5653/6156/4490 5608/6107/4446 5607/6106/4445 5654/6157/4491 
f 5654/6157/4491 5655/6158/4492 5656/6159/4493 5653/6156/4490 
f 5653/6156/4490 5656/6159/4493 5651/6154/4488 5650/6153/4487 
f 5654/6157/4491 5607/6106/4445 5612/6111/4450 5657/6160/4494 
f 5657/6160/4494 5612/6111/4450 5611/6110/4449 5658/6161/4495 
f 5658/6161/4495 5659/6162/4496 5660/6163/4497 5657/6160/4494 
f 5657/6160/4494 5660/6163/4497 5655/6158/4492 5654/6157/4491 
f 5658/6161/4495 5611/6110/4449 5616/6115/4454 5661/6164/4498 
f 5661/6164/4498 5616/6115/4454 5615/6114/4453 5662/6165/4499 
f 5662/6165/4499 5663/6166/4500 5664/6167/4501 5661/6164/4498 
f 5661/6164/4498 5664/6167/4501 5659/6162/4496 5658/6161/4495 
f 5662/6165/4499 5615/6114/4453 5620/6119/4457 5665/6168/4502 
f 5665/6168/4502 5620/6119/4457 5619/6118/1239 5666/6169/4503 
f 5666/6169/4503 5667/6170/4504 5668/6171/4505 5665/6168/4502 
f 5665/6168/4502 5668/6171/4505 5663/6166/4500 5662/6165/4499 
f 5666/6172/4503 5619/6125/1239 5624/6124/4461 5669/6173/4506 
f 5669/6173/4506 5624/6124/4461 5623/6123/4460 5670/6174/4507 
f 5670/6174/4507 5671/6175/4508 5672/6176/4509 5669/6173/4506 
f 5669/6173/4506 5672/6176/4509 5667/6177/4504 5666/6172/4503 
f 5670/6174/4507 5623/6123/4460 5628/6129/4465 5673/6178/4510 
f 5673/6178/4510 5628/6129/4465 5627/6128/4464 5674/6179/4511 
f 5674/6179/4511 5675/6180/4512 5676/6181/4513 5673/6178/4510 
f 5673/6178/4510 5676/6181/4513 5671/6175/4508 5670/6174/4507 
f 5674/6179/4511 5627/6128/4464 5632/6133/4469 5677/6182/4514 
f 5677/6182/4514 5632/6133/4469 5631/6132/4468 5678/6183/4515 
f 5678/6183/4515 5679/6184/4516 5680/6185/4517 5677/6182/4514 
f 5677/6182/4514 5680/6185/4517 5675/6180/4512 5674/6179/4511 
f 5678/6183/4515 5631/6132/4468 5636/6137/4473 5681/6186/4518 
f 5681/6186/4518 5636/6137/4473 5635/6136/4472 5682/6187/4519 
f 5682/6187/4519 5683/6188/4520 5684/6189/4521 5681/6186/4518 
f 5681/6186/4518 5684/6189/4521 5679/6184/4516 5678/6183/4515 
f 5682/6187/4519 5635/6136/4472 5640/6141/4477 5685/6190/4522 
f 5685/6190/4522 5640/6141/4477 5639/6140/4476 5686/6191/4523 
f 5686/6191/4523 5687/6192/4524 5688/6193/4525 5685/6190/4522 
f 5685/6190/4522 5688/6193/4525 5683/6188/4520 5682/6187/4519 
f 5686/6191/4523 5639/6140/4476 5642/6145/4479 5689/6194/4526 
f 5689/6194/4526 5642/6145/4479 5600/6144/1462 5643/6195/4480 
f 5643/6195/4480 5648/6196/4485 5690/6197/4527 5689/6194/4526 
f 5689/6194/4526 5690/6197/4527 5687/6192/4524 5686/6191/4523 
f 5691/6198/4528 5648/6151/4485 5647/6150/4484 5692/6199/4529 
f 5692/6199/4529 5647/6150/4484 5646/6149/4483 5693/6200/4530 
f 5693/6200/4530 5694/6201/4531 5695/6202/4532 5692/6199/4529 
f 5692/6199/4529 5695/6202/4532 5696/6203/4533 5691/6198/4528 
f 5693/6200/4530 5646/6149/4483 5652/6155/4489 5697/6204/4534 
f 5697/6204/4534 5652/6155/4489 5651/6154/4488 5698/6205/4535 
f 5698/6205/4535 5699/6206/4536 5700/6207/4537 5697/6204/4534 
f 5697/6204/4534 5700/6207/4537 5694/6201/4531 5693/6200/4530 
f 5698/6205/4535 5651/6154/4488 5656/6159/4493 5701/6208/4538 
f 5701/6208/4538 5656/6159/4493 5655/6158/4492 5702/6209/4539 
f 5702/6209/4539 5703/6210/4540 5704/6211/4541 5701/6208/4538 
f 5701/6208/4538 5704/6211/4541 5699/6206/4536 5698/6205/4535 
f 5702/6209/4539 5655/6158/4492 5660/6163/4497 5705/6212/4542 
f 5705/6212/4542 5660/6163/4497 5659/6162/4496 5706/6213/4543 
f 5706/6213/4543 5707/6214/4544 5708/6215/4545 5705/6212/4542 
f 5705/6212/4542 5708/6215/4545 5703/6210/4540 5702/6209/4539 
f 5706/6213/4543 5659/6162/4496 5664/6167/4501 5709/6216/4546 
f 5709/6216/4546 5664/6167/4501 5663/6166/4500 5710/6217/4547 
f 5710/6217/4547 5711/6218/4548 5712/6219/4549 5709/6216/4546 
f 5709/6216/4546 5712/6219/4549 5707/6214/4544 5706/6213/4543 
f 5710/6217/4547 5663/6166/4500 5668/6171/4505 5713/6220/4550 
f 5713/6220/4550 5668/6171/4505 5667/6170/4504 5714/6221/4551 
f 5714/6221/4551 5715/6222/4552 5716/6223/4553 5713/6220/4550 
f 5713/6220/4550 5716/6223/4553 5711/6218/4548 5710/6217/4547 
f 5714/6224/4551 5667/6177/4504 5672/6176/4509 5717/6225/4554 
f 5717/6225/4554 5672/6176/4509 5671/6175/4508 5718/6226/4555 
f 5718/6226/4555 5719/6227/4556 5720/6228/4557 5717/6225/4554 
f 5717/6225/4554 5720/6228/4557 5715/6229/4552 5714/6224/4551 
f 5718/6226/4555 5671/6175/4508 5676/6181/4513 5721/6230/4558 
f 5721/6230/4558 5676/6181/4513 5675/6180/4512 5722/6231/4559 
f 5722/6231/4559 5723/6232/4560 5724/6233/4561 5721/6230/4558 
f 5721/6230/4558 5724/6233/4561 5719/6227/4556 5718/6226/4555 
f 5722/6231/4559 5675/6180/4512 5680/6185/4517 5725/6234/4562 
f 5725/6234/4562 5680/6185/4517 5679/6184/4516 5726/6235/4563 
f 5726/6235/4563 5727/6236/4564 5728/6237/4565 5725/6234/4562 
f 5725/6234/4562 5728/6237/4565 5723/6232/4560 5722/6231/4559 
f 5726/6235/4563 5679/6184/4516 5684/6189/4521 5729/6238/4566 
f 5729/6238/4566 5684/6189/4521 5683/6188/4520 5730/6239/4567 
f 5730/6239/4567 5731/6240/4568 5732/6241/4569 5729/6238/4566 
f 5729/6238/4566 5732/6241/4569 5727/6236/4564 5726/6235/4563 
f 5730/6239/4567 5683/6188/4520 5688/6193/4525 5733/6242/4570 
f 5733/6242/4570 5688/6193/4525 5687/6192/4524 5734/6243/4571 
f 5734/6243/4571 5735/6244/4572 5736/6245/4573 5733/6242/4570 
f 5733/6242/4570 5736/6245/4573 5731/6240/4568 5730/6239/4567 
f 5734/6243/4571 5687/6192/4524 5690/6197/4527 5737/6246/4574 
f 5737/6246/4574 5690/6197/4527 5648/6196/4485 5691/6247/4528 
f 5691/6247/4528 5696/6248/4533 5738/6249/4575 5737/6246/4574 
f 5737/6246/4574 5738/6249/4575 5735/6244/4572 5734/6243/4571 
f 5739/6250/4576 5696/6203/4533 5695/6202/4532 5740/6251/4577 
f 5740/6251/4577 5695/6202/4532 5694/6201/4531 5741/6252/4578 
f 5741/6252/4578 5742/6253/4579 5743/6254/4580 5740/6251/4577 
f 5740/6251/4577 5743/6254/4580 5744/6255/4581 5739/6250/4576 
f 5741/6252/4578 5694/6201/4531 5700/6207/4537 5745/6256/4582 
f 5745/6256/4582 5700/6207/4537 5699/6206/4536 5746/6257/4583 
f 5746/6257/4583 5747/6258/4584 5748/6259/4585 5745/6256/4582 
f 5745/6256/4582 5748/6259/4585 5742/6253/4579 5741/6252/4578 
f 5746/6257/4583 5699/6206/4536 5704/6211/4541 5749/6260/4586 
f 5749/6260/4586 5704/6211/4541 5703/6210/4540 5750/6261/4587 
f 5750/6261/4587 5751/6262/4588 5752/6263/4589 5749/6260/4586 
f 5749/6260/4586 5752/6263/4589 5747/6258/4584 5746/6257/4583 
f 5750/6261/4587 5703/6210/4540 5708/6215/4545 5753/6264/4590 
f 5753/6264/4590 5708/6215/4545 5707/6214/4544 5754/6265/4591 
f 5754/6265/4591 5755/6266/4592 5756/6267/4593 5753/6264/4590 
f 5753/6264/4590 5756/6267/4593 5751/6262/4588 5750/6261/4587 
f 5754/6265/4591 5707/6214/4544 5712/6219/4549 5757/6268/4594 
f 5757/6268/4594 5712/6219/4549 5711/6218/4548 5758/6269/4595 
f 5758/6269/4595 5759/6270/4596 5760/6271/4597 5757/6268/4594 
f 5757/6268/4594 5760/6271/4597 5755/6266/4592 5754/6265/4591 
f 5758/6269/4595 5711/6218/4548 5716/6223/4553 5761/6272/4598 
f 5761/6272/4598 5716/6223/4553 5715/6222/4552 5762/6273/4599 
f 5762/6273/4599 5763/6274/4600 5764/6275/4601 5761/6272/4598 
f 5761/6272/4598 5764/6275/4601 5759/6270/4596 5758/6269/4595 
f 5762/6276/4599 5715/6229/4552 5720/6228/4557 5765/6277/4602 
f 5765/6277/4602 5720/6228/4557 5719/6227/4556 5766/6278/4603 
f 5766/6278/4603 5767/6279/4604 5768/6280/4605 5765/6277/4602 
f 5765/6277/4602 5768/6280/4605 5763/6281/4600 5762/6276/4599 
f 5766/6278/4603 5719/6227/4556 5724/6233/4561 5769/6282/4606 
f 5769/6282/4606 5724/6233/4561 5723/6232/4560 5770/6283/4607 
f 5770/6283/4607 5771/6284/4608 5772/6285/4609 5769/6282/4606 
f 5769/6282/4606 5772/6285/4609 5767/6279/4604 5766/6278/4603 
f 5770/6283/4607 5723/6232/4560 5728/6237/4565 5773/6286/4610 
f 5773/6286/4610 5728/6237/4565 5727/6236/4564 5774/6287/4611 
f 5774/6287/4611 5775/6288/4612 5776/6289/4613 5773/6286/4610 
f 5773/6286/4610 5776/6289/4613 5771/6284/4608 5770/6283/4607 
f 5774/6287/4611 5727/6236/4564 5732/6241/4569 5777/6290/4614 
f 5777/6290/4614 5732/6241/4569 5731/6240/4568 5778/6291/4615 
f 5778/6291/4615 5779/6292/4616 5780/6293/4617 5777/6290/4614 
f 5777/6290/4614 5780/6293/4617 5775/6288/4612 5774/6287/4611 
f 5778/6291/4615 5731/6240/4568 5736/6245/4573 5781/6294/4618 
f 5781/6294/4618 5736/6245/4573 5735/6244/4572 5782/6295/4619 
f 5782/6295/4619 5783/6296/4620 5784/6297/4621 5781/6294/4618 
f 5781/6294/4618 5784/6297/4621 5779/6292/4616 5778/6291/4615 
f 5782/6295/4619 5735/6244/4572 5738/6249/4575 5785/6298/4622 
f 5785/6298/4622 5738/6249/4575 5696/6248/4533 5739/6299/4576 
f 5739/6299/4576 5744/6300/4581 5786/6301/4623 5785/6298/4622 
f 5785/6298/4622 5786/6301/4623 5783/6296/4620 5782/6295/4619 
f 5787/6302/4624 5744/6255/4581 5743/6254/4580 5788/6303/4625 
f 5788/6303/4625 5743/6254/4580 5742/6253/4579 5789/6304/4626 
f 5789/6304/4626 5790/6305/4627 5791/6306/4628 5788/6303/4625 
f 5788/6303/4625 5791/6306/4628 5792/6307/4629 5787/6302/4624 
f 5789/6304/4626 5742/6253/4579 5748/6259/4585 5793/6308/4630 
f 5793/6308/4630 5748/6259/4585 5747/6258/4584 5794/6309/4631 
f 5794/6309/4631 5795/6310/4632 5796/6311/4633 5793/6308/4630 
f 5793/6308/4630 5796/6311/4633 5790/6305/4627 5789/6304/4626 
f 5794/6309/4631 5747/6258/4584 5752/6263/4589 5797/6312/4634 
f 5797/6312/4634 5752/6263/4589 5751/6262/4588 5798/6313/4635 
f 5798/6313/4635 5799/6314/4636 5800/6315/4637 5797/6312/4634 
f 5797/6312/4634 5800/6315/4637 5795/6310/4632 5794/6309/4631 
f 5798/6313/4635 5751/6262/4588 5756/6267/4593 5801/6316/4638 
f 5801/6316/4638 5756/6267/4593 5755/6266/4592 5802/6317/4639 
f 5802/6317/4639 5803/6318/4640 5804/6319/4641 5801/6316/4638 
f 5801/6316/4638 5804/6319/4641 5799/6314/4636 5798/6313/4635 
f 5802/6317/4639 5755/6266/4592 5760/6271/4597 5805/6320/4642 
f 5805/6320/4642 5760/6271/4597 5759/6270/4596 5806/6321/4643 
f 5806/6321/4643 5807/6322/4644 5808/6323/4645 5805/6320/4642 
f 5805/6320/4642 5808/6323/4645 5803/6318/4640 5802/6317/4639 
f 5806/6321/4643 5759/6270/4596 5764/6275/4601 5809/6324/4646 
f 5809/6324/4646 5764/6275/4601 5763/6274/4600 5810/6325/4647 
f 5810/6325/4647 5811/6326/4648 5812/6327/4649 5809/6324/4646 
f 5809/6324/4646 5812/6327/4649 5807/6322/4644 5806/6321/4643 
f 5810/6328/4647 5763/6281/4600 5768/6280/4605 5813/6329/4650 
f 5813/6329/4650 5768/6280/4605 5767/6279/4604 5814/6330/4651 
f 5814/6330/4651 5815/6331/4652 5816/6332/4653 5813/6329/4650 
f 5813/6329/4650 5816/6332/4653 5811/6333/4648 5810/6328/4647 
f 5814/6330/4651 5767/6279/4604 5772/6285/4609 5817/6334/4654 
f 5817/6334/4654 5772/6285/4609 5771/6284/4608 5818/6335/4655 
f 5818/6335/4655 5819/6336/4656 5820/6337/4657 5817/6334/4654 
f 5817/6334/4654 5820/6337/4657 5815/6331/4652 5814/6330/4651 
f 5818/6335/4655 5771/6284/4608 5776/6289/4613 5821/6338/4658 
f 5821/6338/4658 5776/6289/4613 5775/6288/4612 5822/6339/4659 
f 5822/6339/4659 5823/6340/4660 5824/6341/4661 5821/6338/4658 
f 5821/6338/4658 5824/6341/4661 5819/6336/4656 5818/6335/4655 
f 5822/6339/4659 5775/6288/4612 5780/6293/4617 5825/6342/4662 
f 5825/6342/4662 5780/6293/4617 5779/6292/4616 5826/6343/4663 
f 5826/6343/4663 5827/6344/4664 5828/6345/4665 5825/6342/4662 
f 5825/6342/4662 5828/6345/4665 5823/6340/4660 5822/6339/4659 
f 5826/6343/4663 5779/6292/4616 5784/6297/4621 5829/6346/4666 
f 5829/6346/4666 5784/6297/4621 5783/6296/4620 5830/6347/4667 
f 5830/6347/4667 5831/6348/4668 5832/6349/4669 5829/6346/4666 
f 5829/6346/4666 5832/6349/4669 5827/6344/4664 5826/6343/4663 
f 5830/6347/4667 5783/6296/4620 5786/6301/4623 5833/6350/4670 
f 5833/6350/4670 5786/6301/4623 5744/6300/4581 5787/6351/4624 
f 5787/6351/4624 5792/6352/4629 5834/6353/4671 5833/6350/4670 
f 5833/6350/4670 5834/6353/4671 5831/6348/4668 5830/6347/4667 
f 5835/6354/4672 5792/6307/4629 5791/6306/4628 5836/6355/4673 
f 5836/6355/4673 5791/6306/4628 5790/6305/4627 5837/6356/4674 
f 5837/6356/4674 5838/6357/4675 5839/6358/4676 5836/6355/4673 
f 5836/6355/4673 5839/6358/4676 5840/6359/4677 5835/6354/4672 
f 5837/6356/4674 5790/6305/4627 5796/6311/4633 5841/6360/4678 
f 5841/6360/4678 5796/6311/4633 5795/6310/4632 5842/6361/4679 
f 5842/6361/4679 5843/6362/4680 5844/6363/4681 5841/6360/4678 
f 5841/6360/4678 5844/6363/4681 5838/6357/4675 5837/6356/4674 
f 5842/6361/4679 5795/6310/4632 5800/6315/4637 5845/6364/4682 
f 5845/6364/4682 5800/6315/4637 5799/6314/4636 5846/6365/4683 
f 5846/6365/4683 5847/6366/4684 5848/6367/4685 5845/6364/4682 
f 5845/6364/4682 5848/6367/4685 5843/6362/4680 5842/6361/4679 
f 5846/6365/4683 5799/6314/4636 5804/6319/4641 5849/6368/4686 
f 5849/6368/4686 5804/6319/4641 5803/6318/4640 5850/6369/4687 
f 5850/6369/4687 5851/6370/4688 5852/6371/4689 5849/6368/4686 
f 5849/6368/4686 5852/6371/4689 5847/6366/4684 5846/6365/4683 
f 5850/6369/4687 5803/6318/4640 5808/6323/4645 5853/6372/4690 
f 5853/6372/4690 5808/6323/4645 5807/6322/4644 5854/6373/4691 
f 5854/6373/4691 5855/6374/4692 5856/6375/4693 5853/6372/4690 
f 5853/6372/4690 5856/6375/4693 5851/6370/4688 5850/6369/4687 
f 5854/6373/4691 5807/6322/4644 5812/6327/4649 5857/6376/4694 
f 5857/6376/4694 5812/6327/4649 5811/6326/4648 5858/6377/4695 
f 5858/6377/4695 5859/6378/4696 5860/6379/4697 5857/6376/4694 
f 5857/6376/4694 5860/6379/4697 5855/6374/4692 5854/6373/4691 
f 5858/6380/4695 5811/6333/4648 5816/6332/4653 5861/6381/4698 
f 5861/6381/4698 5816/6332/4653 5815/6331/4652 5862/6382/4699 
f 5862/6382/4699 5863/6383/4700 5864/6384/4701 5861/6381/4698 
f 5861/6381/4698 5864/6384/4701 5859/6385/4696 5858/6380/4695 
f 5862/6382/4699 5815/6331/4652 5820/6337/4657 5865/6386/4702 
f 5865/6386/4702 5820/6337/4657 5819/6336/4656 5866/6387/4703 
f 5866/6387/4703 5867/6388/4704 5868/6389/4705 5865/6386/4702 
f 5865/6386/4702 5868/6389/4705 5863/6383/4700 5862/6382/4699 
f 5866/6387/4703 5819/6336/4656 5824/6341/4661 5869/6390/4706 
f 5869/6390/4706 5824/6341/4661 5823/6340/4660 5870/6391/4707 
f 5870/6391/4707 5871/6392/4708 5872/6393/4709 5869/6390/4706 
f 5869/6390/4706 5872/6393/4709 5867/6388/4704 5866/6387/4703 
f 5870/6391/4707 5823/6340/4660 5828/6345/4665 5873/6394/4710 
f 5873/6394/4710 5828/6345/4665 5827/6344/4664 5874/6395/4711 
f 5874/6395/4711 5875/6396/4712 5876/6397/4713 5873/6394/4710 
f 5873/6394/4710 5876/6397/4713 5871/6392/4708 5870/6391/4707 
f 5874/6395/4711 5827/6344/4664 5832/6349/4669 5877/6398/4714 
f 5877/6398/4714 5832/6349/4669 5831/6348/4668 5878/6399/4715 
f 5878/6399/4715 5879/6400/4716 5880/6401/4717 5877/6398/4714 
f 5877/6398/4714 5880/6401/4717 5875/6396/4712 5874/6395/4711 
f 5878/6399/4715 5831/6348/4668 5834/6353/4671 5881/6402/4718 
f 5881/6402/4718 5834/6353/4671 5792/6352/4629 5835/6403/4672 
f 5835/6403/4672 5840/6404/4677 5882/6405/4719 5881/6402/4718 
f 5881/6402/4718 5882/6405/4719 5879/6400/4716 5878/6399/4715 
f 5883/6406/4720 5840/6359/4677 5839/6358/4676 5884/6407/4721 
f 5884/6407/4721 5839/6358/4676 5838/6357/4675 5885/6408/4722 
f 5885/6408/4722 4759/6409/3602 4757/6410/3600 5884/6407/4721 
f 5884/6407/4721 4757/6410/3600 4756/6411/1227 5883/6406/4720 
f 5885/6408/4722 5838/6357/4675 5844/6363/4681 5886/6412/4723 
f 5886/6412/4723 5844/6363/4681 5843/6362/4680 5887/6413/4724 
f 5887/6413/4724 4766/6414/3609 4764/6415/3607 5886/6412/4723 
f 5886/6412/4723 4764/6415/3607 4759/6409/3602 5885/6408/4722 
f 5887/6413/4724 5843/6362/4680 5848/6367/4685 5888/6416/4725 
f 5888/6416/4725 5848/6367/4685 5847/6366/4684 5889/6417/4726 
f 5889/6417/4726 4772/6418/3615 4770/6419/3613 5888/6416/4725 
f 5888/6416/4725 4770/6419/3613 4766/6414/3609 5887/6413/4724 
f 5889/6417/4726 5847/6366/4684 5852/6371/4689 5890/6420/4727 
f 5890/6420/4727 5852/6371/4689 5851/6370/4688 5891/6421/4728 
f 5891/6421/4728 4778/6422/3621 4776/6423/3619 5890/6420/4727 
f 5890/6420/4727 4776/6423/3619 4772/6418/3615 5889/6417/4726 
f 5891/6421/4728 5851/6370/4688 5856/6375/4693 5892/6424/4729 
f 5892/6424/4729 5856/6375/4693 5855/6374/4692 5893/6425/4730 
f 5893/6425/4730 4784/6426/3627 4782/6427/3625 5892/6424/4729 
f 5892/6424/4729 4782/6427/3625 4778/6422/3621 5891/6421/4728 
f 5893/6425/4730 5855/6374/4692 5860/6379/4697 5894/6428/4731 
f 5894/6428/4731 5860/6379/4697 5859/6378/4696 5895/6429/4732 
f 5895/6429/4732 4790/6430/1225 4788/6431/3631 5894/6428/4731 
f 5894/6428/4731 4788/6431/3631 4784/6426/3627 5893/6425/4730 
f 5895/6432/4732 5859/6385/4696 5864/6384/4701 5896/6433/4733 
f 5896/6433/4733 5864/6384/4701 5863/6383/4700 5897/6434/4734 
f 5897/6434/4734 4796/5214/3638 4794/5212/3636 5896/6433/4733 
f 5896/6433/4733 4794/5212/3636 4790/5211/1225 5895/6432/4732 
f 5897/6434/4734 5863/6383/4700 5868/6389/4705 5898/6435/4735 
f 5898/6435/4735 5868/6389/4705 5867/6388/4704 5899/6436/4736 
f 5899/6436/4736 4802/5221/3644 4800/5219/3642 5898/6435/4735 
f 5898/6435/4735 4800/5219/3642 4796/5214/3638 5897/6434/4734 
f 5899/6436/4736 5867/6388/4704 5872/6393/4709 5900/6437/4737 
f 5900/6437/4737 5872/6393/4709 5871/6392/4708 5901/6438/4738 
f 5901/6438/4738 4808/5227/3650 4806/5225/3648 5900/6437/4737 
f 5900/6437/4737 4806/5225/3648 4802/5221/3644 5899/6436/4736 
f 5901/6438/4738 5871/6392/4708 5876/6397/4713 5902/6439/4739 
f 5902/6439/4739 5876/6397/4713 5875/6396/4712 5903/6440/4740 
f 5903/6440/4740 4814/5233/3656 4812/5231/3654 5902/6439/4739 
f 5902/6439/4739 4812/5231/3654 4808/5227/3650 5901/6438/4738 
f 5903/6440/4740 5875/6396/4712 5880/6401/4717 5904/6441/4741 
f 5904/6441/4741 5880/6401/4717 5879/6400/4716 5905/6442/4742 
f 5905/6442/4742 4820/5239/3662 4818/5237/3660 5904/6441/4741 
f 5904/6441/4741 4818/5237/3660 4814/5233/3656 5903/6440/4740 
f 5905/6442/4742 5879/6400/4716 5882/6405/4719 5906/6443/4743 
f 5906/6443/4743 5882/6405/4719 5840/6404/4677 5883/6444/4720 
f 5883/6444/4720 4756/5245/1227 4824/5243/3666 5906/6443/4743 
f 5906/6443/4743 4824/5243/3666 4820/5239/3662 5905/6442/4742 
# 5904 polygons

